[0.000000] (-) TimerEvent: {}
[0.002043] (custom_interfaces) JobQueued: {'identifier': 'custom_interfaces', 'dependencies': OrderedDict()}
[0.002710] (sensors_data) JobQueued: {'identifier': 'sensors_data', 'dependencies': OrderedDict({'custom_interfaces': '/home/rehmaan/sensor_fusion/install/custom_interfaces'})}
[0.002836] (custom_interfaces) JobStarted: {'identifier': 'custom_interfaces'}
[0.033029] (custom_interfaces) JobProgress: {'identifier': 'custom_interfaces', 'progress': 'cmake'}
[0.035855] (custom_interfaces) JobProgress: {'identifier': 'custom_interfaces', 'progress': 'build'}
[0.037903] (custom_interfaces) Command: {'cmd': ['/usr/bin/cmake', '--build', '/home/rehmaan/sensor_fusion/build/custom_interfaces', '--', '-j12', '-l12'], 'cwd': '/home/rehmaan/sensor_fusion/build/custom_interfaces', 'env': OrderedDict({'PYTHON_BASIC_REPL': '1', 'LESSOPEN': '| /usr/bin/lesspipe %s', 'USER': 'rehmaan', 'GIT_ASKPASS': '/home/rehmaan/.vscode-server/bin/07ff9d6178ede9a1bd12ad3399074d726ebe6e43/extensions/git/dist/askpass.sh', 'SHLVL': '2', 'LD_LIBRARY_PATH': '/home/rehmaan/ros2-projects/install/my_robot_interfaces/lib:/home/rehmaan/ros2/install/my_custom_interfaces/lib:/opt/ros/jazzy/opt/rviz_ogre_vendor/lib:/opt/ros/jazzy/lib/x86_64-linux-gnu:/opt/ros/jazzy/opt/gz_math_vendor/lib:/opt/ros/jazzy/opt/gz_utils_vendor/lib:/opt/ros/jazzy/opt/gz_cmake_vendor/lib:/opt/ros/jazzy/lib', 'HOME': '/home/rehmaan', 'TERM_PROGRAM_VERSION': '1.112.0', 'VSCODE_IPC_HOOK_CLI': '/run/user/1000/vscode-ipc-1ed08643-80ab-4d67-a243-c2ecda70e500.sock', 'ROS_PYTHON_VERSION': '3', 'VSCODE_GIT_ASKPASS_MAIN': '/home/rehmaan/.vscode-server/bin/07ff9d6178ede9a1bd12ad3399074d726ebe6e43/extensions/git/dist/askpass-main.js', 'VSCODE_GIT_ASKPASS_NODE': '/home/rehmaan/.vscode-server/bin/07ff9d6178ede9a1bd12ad3399074d726ebe6e43/node', 'PYDEVD_DISABLE_FILE_VALIDATION': '1', 'BUNDLED_DEBUGPY_PATH': '/home/rehmaan/.vscode-server/extensions/ms-python.debugpy-2025.18.0-linux-x64/bundled/libs/debugpy', 'VSCODE_PYTHON_AUTOACTIVATE_GUARD': '1', 'DBUS_SESSION_BUS_ADDRESS': 'unix:path=/run/user/1000/bus', 'COLORTERM': 'truecolor', 'WSL_DISTRO_NAME': 'Ubuntu-24.04', 'WAYLAND_DISPLAY': 'wayland-0', 'COLCON_PREFIX_PATH': '/home/rehmaan/ros2-projects/install:/home/rehmaan/ros2-projects/src/my_cpp_pkg/install:/home/rehmaan/ros2/install:/home/rehmaan/sensor_fusion/install', 'ROS_DISTRO': 'jazzy', 'LOGNAME': 'rehmaan', 'NAME': 'Code', 'WSL_INTEROP': '/run/WSL/78638_interop', 'PULSE_SERVER': 'unix:/mnt/wslg/PulseServer', '_': '/usr/bin/colcon', 'ROS_VERSION': '2', 'TERM': 'xterm-256color', 'PATH': '/home/rehmaan/.vscode-server/data/User/globalStorage/github.copilot-chat/debugCommand:/home/rehmaan/.vscode-server/data/User/globalStorage/github.copilot-chat/copilotCli:/home/rehmaan/.vscode-server/bin/07ff9d6178ede9a1bd12ad3399074d726ebe6e43/bin/remote-cli:/home/rehmaan/.local/bin:/home/rehmaan/ros2-projects/src/my_cpp_pkg/install/my_cpp_pkg/bin:/opt/ros/jazzy/bin:/usr/local/sbin:/usr/local/bin:/usr/sbin:/usr/bin:/sbin:/bin:/usr/games:/usr/local/games:/usr/lib/wsl/lib:/mnt/c/Program Files/WindowsApps/MicrosoftCorporationII.WindowsSubsystemForLinux_2.4.11.0_x64__8wekyb3d8bbwe:/mnt/c/Program Files/Python312/:/mnt/c/WINDOWS/system32:/mnt/c/WINDOWS:/mnt/c/WINDOWS/System32/Wbem:/mnt/c/WINDOWS/System32/WindowsPowerShell/v1.0/:/mnt/c/WINDOWS/System32/OpenSSH/:/mnt/c/Program Files/Microsoft SQL Server/150/Tools/Binn/:/mnt/c/Program Files/Microsoft SQL Server/Client SDK/ODBC/170/Tools/Binn/:/mnt/c/Program Files/dotnet/:/mnt/c/Program Files/Microsoft VS Code/bin:/mnt/c/Program Files (x86)/Microsoft SQL Server/160/Tools/Binn/:/mnt/c/Program Files/Microsoft SQL Server/160/Tools/Binn/:/mnt/c/Program Files/Microsoft SQL Server/160/DTS/Binn/:/mnt/c/Program Files (x86)/Microsoft SQL Server/160/DTS/Binn/:/mnt/c/Users/Imdadul.Rehmaan/AppData/Roaming/nvm:/mnt/c/nvm:/mnt/c/ProgramData/chocolatey/bin:/mnt/c/Program Files (x86)/Windows Kits/10/Windows Performance Toolkit/:/mnt/c/Program Files/TortoiseGit/bin:/mnt/c/Program Files/usbipd-win/:/mnt/c/Program Files/PuTTY/:/mnt/c/Program Files/nodejs/:/mnt/c/Program Files/GitHub CLI/:/mnt/c/Users/Imdadul.Rehmaan/scoop/apps/git/current/bin:/mnt/c/Users/Imdadul.Rehmaan/scoop/shims:/mnt/c/Users/Imdadul.Rehmaan/AppData/Local/Microsoft/WindowsApps:/mnt/c/Users/Imdadul.Rehmaan/.dotnet/tools:/mnt/c/Users/Imdadul.Rehmaan/AppData/Roaming/npm:/mnt/c/Users/Imdadul.Rehmaan/AppData/Local/Programs/Git/cmd:/mnt/c/Users/Imdadul.Rehmaan/AppData/Roaming/nvm:/mnt/c/nvm:/mnt/c/tools/flutter/bin:/mnt/c/Users/Imdadul.Rehmaan/AppData/Local/Pub/Cache/bin:/mnt/c/Android/cmdline-tools/latest/bin:/mnt/c/Android/platform-tools:/mnt/c/Users/Imdadul.Rehmaan/mingw64/bin:/snap/bin:/home/rehmaan/.vscode-server/extensions/ms-python.debugpy-2025.18.0-linux-x64/bundled/scripts/noConfigScripts', 'XDG_RUNTIME_DIR': '/run/user/1000/', 'DISPLAY': ':0', 'VSCODE_DEBUGPY_ADAPTER_ENDPOINTS': '/home/rehmaan/.vscode-server/extensions/ms-python.debugpy-2025.18.0-linux-x64/.noConfigDebugAdapterEndpoints/endpoint-5eef2bab757dd9f7.txt', 'LANG': 'en_US.UTF-8', 'PYTHONSTARTUP': '/home/rehmaan/.vscode-server/data/User/workspaceStorage/a037f39ae17c8ea6d52369655e287e6c-1/ms-python.python/pythonrc.py', 'LS_COLORS': 'rs=0:di=01;34:ln=01;36:mh=00:pi=40;33:so=01;35:do=01;35:bd=40;33;01:cd=40;33;01:or=40;31;01:mi=00:su=37;41:sg=30;43:ca=00:tw=30;42:ow=34;42:st=37;44:ex=01;32:*.tar=01;31:*.tgz=01;31:*.arc=01;31:*.arj=01;31:*.taz=01;31:*.lha=01;31:*.lz4=01;31:*.lzh=01;31:*.lzma=01;31:*.tlz=01;31:*.txz=01;31:*.tzo=01;31:*.t7z=01;31:*.zip=01;31:*.z=01;31:*.dz=01;31:*.gz=01;31:*.lrz=01;31:*.lz=01;31:*.lzo=01;31:*.xz=01;31:*.zst=01;31:*.tzst=01;31:*.bz2=01;31:*.bz=01;31:*.tbz=01;31:*.tbz2=01;31:*.tz=01;31:*.deb=01;31:*.rpm=01;31:*.jar=01;31:*.war=01;31:*.ear=01;31:*.sar=01;31:*.rar=01;31:*.alz=01;31:*.ace=01;31:*.zoo=01;31:*.cpio=01;31:*.7z=01;31:*.rz=01;31:*.cab=01;31:*.wim=01;31:*.swm=01;31:*.dwm=01;31:*.esd=01;31:*.avif=01;35:*.jpg=01;35:*.jpeg=01;35:*.mjpg=01;35:*.mjpeg=01;35:*.gif=01;35:*.bmp=01;35:*.pbm=01;35:*.pgm=01;35:*.ppm=01;35:*.tga=01;35:*.xbm=01;35:*.xpm=01;35:*.tif=01;35:*.tiff=01;35:*.png=01;35:*.svg=01;35:*.svgz=01;35:*.mng=01;35:*.pcx=01;35:*.mov=01;35:*.mpg=01;35:*.mpeg=01;35:*.m2v=01;35:*.mkv=01;35:*.webm=01;35:*.webp=01;35:*.ogm=01;35:*.mp4=01;35:*.m4v=01;35:*.mp4v=01;35:*.vob=01;35:*.qt=01;35:*.nuv=01;35:*.wmv=01;35:*.asf=01;35:*.rm=01;35:*.rmvb=01;35:*.flc=01;35:*.avi=01;35:*.fli=01;35:*.flv=01;35:*.gl=01;35:*.dl=01;35:*.xcf=01;35:*.xwd=01;35:*.yuv=01;35:*.cgm=01;35:*.emf=01;35:*.ogv=01;35:*.ogx=01;35:*.aac=00;36:*.au=00;36:*.flac=00;36:*.m4a=00;36:*.mid=00;36:*.midi=00;36:*.mka=00;36:*.mp3=00;36:*.mpc=00;36:*.ogg=00;36:*.ra=00;36:*.wav=00;36:*.oga=00;36:*.opus=00;36:*.spx=00;36:*.xspf=00;36:*~=00;90:*#=00;90:*.bak=00;90:*.crdownload=00;90:*.dpkg-dist=00;90:*.dpkg-new=00;90:*.dpkg-old=00;90:*.dpkg-tmp=00;90:*.old=00;90:*.orig=00;90:*.part=00;90:*.rej=00;90:*.rpmnew=00;90:*.rpmorig=00;90:*.rpmsave=00;90:*.swp=00;90:*.tmp=00;90:*.ucf-dist=00;90:*.ucf-new=00;90:*.ucf-old=00;90:', 'VSCODE_GIT_IPC_HANDLE': '/run/user/1000/vscode-git-4c7b1f9e02.sock', 'TERM_PROGRAM': 'vscode', 'AMENT_PREFIX_PATH': '/home/rehmaan/sensor_fusion/install/sensor_fusion:/home/rehmaan/ros2-projects/install/my_robot_bringup:/home/rehmaan/ros2-projects/install/turtlesim_project:/home/rehmaan/ros2-projects/install/my_py_pkg:/home/rehmaan/ros2-projects/install/my_cpp_pkg:/home/rehmaan/ros2-projects/install/my_robot_interfaces:/home/rehmaan/ros2-projects/src/my_cpp_pkg/install/my_cpp_pkg:/home/rehmaan/ros2/install/launch_turtle_project:/home/rehmaan/ros2/install/py_pkg:/home/rehmaan/ros2/install/cpp_pkg:/home/rehmaan/ros2/install/my_custom_interfaces:/opt/ros/jazzy', 'SHELL': '/bin/bash', 'LESSCLOSE': '/usr/bin/lesspipe %s %s', 'ROS_AUTOMATIC_DISCOVERY_RANGE': 'SUBNET', 'VSCODE_GIT_ASKPASS_EXTRA_ARGS': '', 'PWD': '/home/rehmaan/sensor_fusion/build/custom_interfaces', 'XDG_DATA_DIRS': '/usr/local/share:/usr/share:/var/lib/snapd/desktop', 'PYTHONPATH': '/home/rehmaan/ros2-projects/install/turtlesim_project/lib/python3.12/site-packages:/home/rehmaan/ros2-projects/install/my_py_pkg/lib/python3.12/site-packages:/home/rehmaan/ros2-projects/install/my_robot_interfaces/lib/python3.12/site-packages:/home/rehmaan/ros2/install/py_pkg/lib/python3.12/site-packages:/home/rehmaan/ros2/install/my_custom_interfaces/lib/python3.12/site-packages:/opt/ros/jazzy/lib/python3.12/site-packages', 'COLCON': '1', 'WSL2_GUI_APPS_ENABLED': '1', 'HOSTTYPE': 'x86_64', 'CMAKE_PREFIX_PATH': '/home/rehmaan/sensor_fusion/install/sensor_fusion:/home/rehmaan/ros2-projects/install/my_robot_bringup:/home/rehmaan/ros2-projects/install/my_cpp_pkg:/home/rehmaan/ros2-projects/install/my_robot_interfaces:/home/rehmaan/ros2-projects/src/my_cpp_pkg/install/my_cpp_pkg:/home/rehmaan/ros2/install/launch_turtle_project:/home/rehmaan/ros2/install/cpp_pkg:/home/rehmaan/ros2/install/my_custom_interfaces:/opt/ros/jazzy/opt/gz_math_vendor:/opt/ros/jazzy/opt/gz_utils_vendor:/opt/ros/jazzy/opt/gz_cmake_vendor:/home/rehmaan/ros2-projects/install/turtlesim_project:/home/rehmaan/ros2-projects/install/my_py_pkg:/home/rehmaan/ros2/install/py_pkg:/opt/ros/jazzy', 'WSLENV': 'ELECTRON_RUN_AS_NODE/w:'}), 'shell': False}
[0.098913] (-) TimerEvent: {}
[0.152999] (custom_interfaces) StdoutLine: {'line': b'[  1%] Built target custom_interfaces__rosidl_generator_type_description\n'}
[0.169360] (custom_interfaces) StdoutLine: {'line': b'[  1%] Built target ament_cmake_python_copy_custom_interfaces\n'}
[0.199197] (-) TimerEvent: {}
[0.204986] (custom_interfaces) StdoutLine: {'line': b'[  1%] Built target custom_interfaces__cpp\n'}
[0.233139] (custom_interfaces) StdoutLine: {'line': b'[ 26%] Built target custom_interfaces__rosidl_generator_c\n'}
[0.299972] (-) TimerEvent: {}
[0.316769] (custom_interfaces) StdoutLine: {'line': b'[ 36%] Built target custom_interfaces__rosidl_typesupport_c\n'}
[0.320004] (custom_interfaces) StdoutLine: {'line': b'[ 45%] Built target custom_interfaces__rosidl_typesupport_introspection_c\n'}
[0.347898] (custom_interfaces) StdoutLine: {'line': b'[ 55%] Built target custom_interfaces__rosidl_typesupport_fastrtps_c\n'}
[0.351881] (custom_interfaces) StdoutLine: {'line': b'[ 68%] Built target custom_interfaces__rosidl_typesupport_fastrtps_cpp\n'}
[0.352951] (custom_interfaces) StdoutLine: {'line': b'[ 74%] Built target custom_interfaces__rosidl_typesupport_cpp\n'}
[0.363088] (custom_interfaces) StdoutLine: {'line': b'[ 84%] Built target custom_interfaces__rosidl_typesupport_introspection_cpp\n'}
[0.400128] (-) TimerEvent: {}
[0.414185] (custom_interfaces) StdoutLine: {'line': b'[ 84%] Built target custom_interfaces\n'}
[0.464099] (custom_interfaces) StdoutLine: {'line': b'[ 85%] Built target custom_interfaces__py\n'}
[0.500386] (-) TimerEvent: {}
[0.529012] (custom_interfaces) StdoutLine: {'line': b'[ 94%] Built target custom_interfaces__rosidl_generator_py\n'}
[0.593460] (custom_interfaces) StdoutLine: {'line': b'[ 98%] Built target custom_interfaces_s__rosidl_typesupport_fastrtps_c\n'}
[0.593858] (custom_interfaces) StdoutLine: {'line': b'[ 98%] Built target custom_interfaces_s__rosidl_typesupport_c\n'}
[0.598184] (custom_interfaces) StdoutLine: {'line': b'[100%] Built target custom_interfaces_s__rosidl_typesupport_introspection_c\n'}
[0.600638] (-) TimerEvent: {}
[0.701572] (-) TimerEvent: {}
[0.802372] (-) TimerEvent: {}
[0.903793] (-) TimerEvent: {}
[0.941557] (custom_interfaces) StdoutLine: {'line': b'running egg_info\n'}
[0.994599] (custom_interfaces) StdoutLine: {'line': b'writing custom_interfaces.egg-info/PKG-INFO\n'}
[0.995657] (custom_interfaces) StdoutLine: {'line': b'writing dependency_links to custom_interfaces.egg-info/dependency_links.txt\n'}
[0.995960] (custom_interfaces) StdoutLine: {'line': b'writing top-level names to custom_interfaces.egg-info/top_level.txt\n'}
[1.004013] (-) TimerEvent: {}
[1.091585] (custom_interfaces) StdoutLine: {'line': b"reading manifest file 'custom_interfaces.egg-info/SOURCES.txt'\n"}
[1.092516] (custom_interfaces) StdoutLine: {'line': b"writing manifest file 'custom_interfaces.egg-info/SOURCES.txt'\n"}
[1.104331] (-) TimerEvent: {}
[1.146560] (custom_interfaces) StdoutLine: {'line': b'[100%] Built target ament_cmake_python_build_custom_interfaces_egg\n'}
[1.167662] (custom_interfaces) CommandEnded: {'returncode': 0}
[1.169596] (custom_interfaces) JobProgress: {'identifier': 'custom_interfaces', 'progress': 'install'}
[1.185244] (custom_interfaces) Command: {'cmd': ['/usr/bin/cmake', '--install', '/home/rehmaan/sensor_fusion/build/custom_interfaces'], 'cwd': '/home/rehmaan/sensor_fusion/build/custom_interfaces', 'env': OrderedDict({'PYTHON_BASIC_REPL': '1', 'LESSOPEN': '| /usr/bin/lesspipe %s', 'USER': 'rehmaan', 'GIT_ASKPASS': '/home/rehmaan/.vscode-server/bin/07ff9d6178ede9a1bd12ad3399074d726ebe6e43/extensions/git/dist/askpass.sh', 'SHLVL': '2', 'LD_LIBRARY_PATH': '/home/rehmaan/ros2-projects/install/my_robot_interfaces/lib:/home/rehmaan/ros2/install/my_custom_interfaces/lib:/opt/ros/jazzy/opt/rviz_ogre_vendor/lib:/opt/ros/jazzy/lib/x86_64-linux-gnu:/opt/ros/jazzy/opt/gz_math_vendor/lib:/opt/ros/jazzy/opt/gz_utils_vendor/lib:/opt/ros/jazzy/opt/gz_cmake_vendor/lib:/opt/ros/jazzy/lib', 'HOME': '/home/rehmaan', 'TERM_PROGRAM_VERSION': '1.112.0', 'VSCODE_IPC_HOOK_CLI': '/run/user/1000/vscode-ipc-1ed08643-80ab-4d67-a243-c2ecda70e500.sock', 'ROS_PYTHON_VERSION': '3', 'VSCODE_GIT_ASKPASS_MAIN': '/home/rehmaan/.vscode-server/bin/07ff9d6178ede9a1bd12ad3399074d726ebe6e43/extensions/git/dist/askpass-main.js', 'VSCODE_GIT_ASKPASS_NODE': '/home/rehmaan/.vscode-server/bin/07ff9d6178ede9a1bd12ad3399074d726ebe6e43/node', 'PYDEVD_DISABLE_FILE_VALIDATION': '1', 'BUNDLED_DEBUGPY_PATH': '/home/rehmaan/.vscode-server/extensions/ms-python.debugpy-2025.18.0-linux-x64/bundled/libs/debugpy', 'VSCODE_PYTHON_AUTOACTIVATE_GUARD': '1', 'DBUS_SESSION_BUS_ADDRESS': 'unix:path=/run/user/1000/bus', 'COLORTERM': 'truecolor', 'WSL_DISTRO_NAME': 'Ubuntu-24.04', 'WAYLAND_DISPLAY': 'wayland-0', 'COLCON_PREFIX_PATH': '/home/rehmaan/ros2-projects/install:/home/rehmaan/ros2-projects/src/my_cpp_pkg/install:/home/rehmaan/ros2/install:/home/rehmaan/sensor_fusion/install', 'ROS_DISTRO': 'jazzy', 'LOGNAME': 'rehmaan', 'NAME': 'Code', 'WSL_INTEROP': '/run/WSL/78638_interop', 'PULSE_SERVER': 'unix:/mnt/wslg/PulseServer', '_': '/usr/bin/colcon', 'ROS_VERSION': '2', 'TERM': 'xterm-256color', 'PATH': '/home/rehmaan/.vscode-server/data/User/globalStorage/github.copilot-chat/debugCommand:/home/rehmaan/.vscode-server/data/User/globalStorage/github.copilot-chat/copilotCli:/home/rehmaan/.vscode-server/bin/07ff9d6178ede9a1bd12ad3399074d726ebe6e43/bin/remote-cli:/home/rehmaan/.local/bin:/home/rehmaan/ros2-projects/src/my_cpp_pkg/install/my_cpp_pkg/bin:/opt/ros/jazzy/bin:/usr/local/sbin:/usr/local/bin:/usr/sbin:/usr/bin:/sbin:/bin:/usr/games:/usr/local/games:/usr/lib/wsl/lib:/mnt/c/Program Files/WindowsApps/MicrosoftCorporationII.WindowsSubsystemForLinux_2.4.11.0_x64__8wekyb3d8bbwe:/mnt/c/Program Files/Python312/:/mnt/c/WINDOWS/system32:/mnt/c/WINDOWS:/mnt/c/WINDOWS/System32/Wbem:/mnt/c/WINDOWS/System32/WindowsPowerShell/v1.0/:/mnt/c/WINDOWS/System32/OpenSSH/:/mnt/c/Program Files/Microsoft SQL Server/150/Tools/Binn/:/mnt/c/Program Files/Microsoft SQL Server/Client SDK/ODBC/170/Tools/Binn/:/mnt/c/Program Files/dotnet/:/mnt/c/Program Files/Microsoft VS Code/bin:/mnt/c/Program Files (x86)/Microsoft SQL Server/160/Tools/Binn/:/mnt/c/Program Files/Microsoft SQL Server/160/Tools/Binn/:/mnt/c/Program Files/Microsoft SQL Server/160/DTS/Binn/:/mnt/c/Program Files (x86)/Microsoft SQL Server/160/DTS/Binn/:/mnt/c/Users/Imdadul.Rehmaan/AppData/Roaming/nvm:/mnt/c/nvm:/mnt/c/ProgramData/chocolatey/bin:/mnt/c/Program Files (x86)/Windows Kits/10/Windows Performance Toolkit/:/mnt/c/Program Files/TortoiseGit/bin:/mnt/c/Program Files/usbipd-win/:/mnt/c/Program Files/PuTTY/:/mnt/c/Program Files/nodejs/:/mnt/c/Program Files/GitHub CLI/:/mnt/c/Users/Imdadul.Rehmaan/scoop/apps/git/current/bin:/mnt/c/Users/Imdadul.Rehmaan/scoop/shims:/mnt/c/Users/Imdadul.Rehmaan/AppData/Local/Microsoft/WindowsApps:/mnt/c/Users/Imdadul.Rehmaan/.dotnet/tools:/mnt/c/Users/Imdadul.Rehmaan/AppData/Roaming/npm:/mnt/c/Users/Imdadul.Rehmaan/AppData/Local/Programs/Git/cmd:/mnt/c/Users/Imdadul.Rehmaan/AppData/Roaming/nvm:/mnt/c/nvm:/mnt/c/tools/flutter/bin:/mnt/c/Users/Imdadul.Rehmaan/AppData/Local/Pub/Cache/bin:/mnt/c/Android/cmdline-tools/latest/bin:/mnt/c/Android/platform-tools:/mnt/c/Users/Imdadul.Rehmaan/mingw64/bin:/snap/bin:/home/rehmaan/.vscode-server/extensions/ms-python.debugpy-2025.18.0-linux-x64/bundled/scripts/noConfigScripts', 'XDG_RUNTIME_DIR': '/run/user/1000/', 'DISPLAY': ':0', 'VSCODE_DEBUGPY_ADAPTER_ENDPOINTS': '/home/rehmaan/.vscode-server/extensions/ms-python.debugpy-2025.18.0-linux-x64/.noConfigDebugAdapterEndpoints/endpoint-5eef2bab757dd9f7.txt', 'LANG': 'en_US.UTF-8', 'PYTHONSTARTUP': '/home/rehmaan/.vscode-server/data/User/workspaceStorage/a037f39ae17c8ea6d52369655e287e6c-1/ms-python.python/pythonrc.py', 'LS_COLORS': 'rs=0:di=01;34:ln=01;36:mh=00:pi=40;33:so=01;35:do=01;35:bd=40;33;01:cd=40;33;01:or=40;31;01:mi=00:su=37;41:sg=30;43:ca=00:tw=30;42:ow=34;42:st=37;44:ex=01;32:*.tar=01;31:*.tgz=01;31:*.arc=01;31:*.arj=01;31:*.taz=01;31:*.lha=01;31:*.lz4=01;31:*.lzh=01;31:*.lzma=01;31:*.tlz=01;31:*.txz=01;31:*.tzo=01;31:*.t7z=01;31:*.zip=01;31:*.z=01;31:*.dz=01;31:*.gz=01;31:*.lrz=01;31:*.lz=01;31:*.lzo=01;31:*.xz=01;31:*.zst=01;31:*.tzst=01;31:*.bz2=01;31:*.bz=01;31:*.tbz=01;31:*.tbz2=01;31:*.tz=01;31:*.deb=01;31:*.rpm=01;31:*.jar=01;31:*.war=01;31:*.ear=01;31:*.sar=01;31:*.rar=01;31:*.alz=01;31:*.ace=01;31:*.zoo=01;31:*.cpio=01;31:*.7z=01;31:*.rz=01;31:*.cab=01;31:*.wim=01;31:*.swm=01;31:*.dwm=01;31:*.esd=01;31:*.avif=01;35:*.jpg=01;35:*.jpeg=01;35:*.mjpg=01;35:*.mjpeg=01;35:*.gif=01;35:*.bmp=01;35:*.pbm=01;35:*.pgm=01;35:*.ppm=01;35:*.tga=01;35:*.xbm=01;35:*.xpm=01;35:*.tif=01;35:*.tiff=01;35:*.png=01;35:*.svg=01;35:*.svgz=01;35:*.mng=01;35:*.pcx=01;35:*.mov=01;35:*.mpg=01;35:*.mpeg=01;35:*.m2v=01;35:*.mkv=01;35:*.webm=01;35:*.webp=01;35:*.ogm=01;35:*.mp4=01;35:*.m4v=01;35:*.mp4v=01;35:*.vob=01;35:*.qt=01;35:*.nuv=01;35:*.wmv=01;35:*.asf=01;35:*.rm=01;35:*.rmvb=01;35:*.flc=01;35:*.avi=01;35:*.fli=01;35:*.flv=01;35:*.gl=01;35:*.dl=01;35:*.xcf=01;35:*.xwd=01;35:*.yuv=01;35:*.cgm=01;35:*.emf=01;35:*.ogv=01;35:*.ogx=01;35:*.aac=00;36:*.au=00;36:*.flac=00;36:*.m4a=00;36:*.mid=00;36:*.midi=00;36:*.mka=00;36:*.mp3=00;36:*.mpc=00;36:*.ogg=00;36:*.ra=00;36:*.wav=00;36:*.oga=00;36:*.opus=00;36:*.spx=00;36:*.xspf=00;36:*~=00;90:*#=00;90:*.bak=00;90:*.crdownload=00;90:*.dpkg-dist=00;90:*.dpkg-new=00;90:*.dpkg-old=00;90:*.dpkg-tmp=00;90:*.old=00;90:*.orig=00;90:*.part=00;90:*.rej=00;90:*.rpmnew=00;90:*.rpmorig=00;90:*.rpmsave=00;90:*.swp=00;90:*.tmp=00;90:*.ucf-dist=00;90:*.ucf-new=00;90:*.ucf-old=00;90:', 'VSCODE_GIT_IPC_HANDLE': '/run/user/1000/vscode-git-4c7b1f9e02.sock', 'TERM_PROGRAM': 'vscode', 'AMENT_PREFIX_PATH': '/home/rehmaan/sensor_fusion/install/sensor_fusion:/home/rehmaan/ros2-projects/install/my_robot_bringup:/home/rehmaan/ros2-projects/install/turtlesim_project:/home/rehmaan/ros2-projects/install/my_py_pkg:/home/rehmaan/ros2-projects/install/my_cpp_pkg:/home/rehmaan/ros2-projects/install/my_robot_interfaces:/home/rehmaan/ros2-projects/src/my_cpp_pkg/install/my_cpp_pkg:/home/rehmaan/ros2/install/launch_turtle_project:/home/rehmaan/ros2/install/py_pkg:/home/rehmaan/ros2/install/cpp_pkg:/home/rehmaan/ros2/install/my_custom_interfaces:/opt/ros/jazzy', 'SHELL': '/bin/bash', 'LESSCLOSE': '/usr/bin/lesspipe %s %s', 'ROS_AUTOMATIC_DISCOVERY_RANGE': 'SUBNET', 'VSCODE_GIT_ASKPASS_EXTRA_ARGS': '', 'PWD': '/home/rehmaan/sensor_fusion/build/custom_interfaces', 'XDG_DATA_DIRS': '/usr/local/share:/usr/share:/var/lib/snapd/desktop', 'PYTHONPATH': '/home/rehmaan/ros2-projects/install/turtlesim_project/lib/python3.12/site-packages:/home/rehmaan/ros2-projects/install/my_py_pkg/lib/python3.12/site-packages:/home/rehmaan/ros2-projects/install/my_robot_interfaces/lib/python3.12/site-packages:/home/rehmaan/ros2/install/py_pkg/lib/python3.12/site-packages:/home/rehmaan/ros2/install/my_custom_interfaces/lib/python3.12/site-packages:/opt/ros/jazzy/lib/python3.12/site-packages', 'COLCON': '1', 'WSL2_GUI_APPS_ENABLED': '1', 'HOSTTYPE': 'x86_64', 'CMAKE_PREFIX_PATH': '/home/rehmaan/sensor_fusion/install/sensor_fusion:/home/rehmaan/ros2-projects/install/my_robot_bringup:/home/rehmaan/ros2-projects/install/my_cpp_pkg:/home/rehmaan/ros2-projects/install/my_robot_interfaces:/home/rehmaan/ros2-projects/src/my_cpp_pkg/install/my_cpp_pkg:/home/rehmaan/ros2/install/launch_turtle_project:/home/rehmaan/ros2/install/cpp_pkg:/home/rehmaan/ros2/install/my_custom_interfaces:/opt/ros/jazzy/opt/gz_math_vendor:/opt/ros/jazzy/opt/gz_utils_vendor:/opt/ros/jazzy/opt/gz_cmake_vendor:/home/rehmaan/ros2-projects/install/turtlesim_project:/home/rehmaan/ros2-projects/install/my_py_pkg:/home/rehmaan/ros2/install/py_pkg:/opt/ros/jazzy', 'WSLENV': 'ELECTRON_RUN_AS_NODE/w:'}), 'shell': False}
[1.197053] (custom_interfaces) StdoutLine: {'line': b'-- Install configuration: ""\n'}
[1.199128] (custom_interfaces) StdoutLine: {'line': b'-- Installing: /home/rehmaan/sensor_fusion/install/custom_interfaces/share/ament_index/resource_index/rosidl_interfaces/custom_interfaces\n'}
[1.201208] (custom_interfaces) StdoutLine: {'line': b'-- Installing: /home/rehmaan/sensor_fusion/install/custom_interfaces/share/custom_interfaces/msg/Battery.json\n'}
[1.201969] (custom_interfaces) StdoutLine: {'line': b'-- Installing: /home/rehmaan/sensor_fusion/install/custom_interfaces/share/custom_interfaces/msg/DistanceSensors.json\n'}
[1.202597] (custom_interfaces) StdoutLine: {'line': b'-- Installing: /home/rehmaan/sensor_fusion/install/custom_interfaces/share/custom_interfaces/msg/Encoder.json\n'}
[1.203483] (custom_interfaces) StdoutLine: {'line': b'-- Installing: /home/rehmaan/sensor_fusion/install/custom_interfaces/share/custom_interfaces/msg/Environment.json\n'}
[1.204204] (custom_interfaces) StdoutLine: {'line': b'-- Installing: /home/rehmaan/sensor_fusion/install/custom_interfaces/share/custom_interfaces/msg/IMU.json\n'}
[1.204694] (-) TimerEvent: {}
[1.205076] (custom_interfaces) StdoutLine: {'line': b'-- Installing: /home/rehmaan/sensor_fusion/install/custom_interfaces/share/custom_interfaces/msg/Lidar.json\n'}
[1.205391] (custom_interfaces) StdoutLine: {'line': b'-- Installing: /home/rehmaan/sensor_fusion/install/custom_interfaces/share/custom_interfaces/msg/Motors.json\n'}
[1.205657] (custom_interfaces) StdoutLine: {'line': b'-- Installing: /home/rehmaan/sensor_fusion/install/custom_interfaces/share/custom_interfaces/msg/Odometry.json\n'}
[1.205952] (custom_interfaces) StdoutLine: {'line': b'-- Installing: /home/rehmaan/sensor_fusion/install/custom_interfaces/include/custom_interfaces/custom_interfaces\n'}
[1.210297] (custom_interfaces) StdoutLine: {'line': b'-- Installing: /home/rehmaan/sensor_fusion/install/custom_interfaces/include/custom_interfaces/custom_interfaces/msg\n'}
[1.212065] (custom_interfaces) StdoutLine: {'line': b'-- Installing: /home/rehmaan/sensor_fusion/install/custom_interfaces/include/custom_interfaces/custom_interfaces/msg/imu.h\n'}
[1.213339] (custom_interfaces) StdoutLine: {'line': b'-- Installing: /home/rehmaan/sensor_fusion/install/custom_interfaces/include/custom_interfaces/custom_interfaces/msg/distance_sensors.h\n'}
[1.214132] (custom_interfaces) StdoutLine: {'line': b'-- Installing: /home/rehmaan/sensor_fusion/install/custom_interfaces/include/custom_interfaces/custom_interfaces/msg/encoder.h\n'}
[1.214734] (custom_interfaces) StdoutLine: {'line': b'-- Installing: /home/rehmaan/sensor_fusion/install/custom_interfaces/include/custom_interfaces/custom_interfaces/msg/lidar.h\n'}
[1.215124] (custom_interfaces) StdoutLine: {'line': b'-- Installing: /home/rehmaan/sensor_fusion/install/custom_interfaces/include/custom_interfaces/custom_interfaces/msg/odometry.h\n'}
[1.215347] (custom_interfaces) StdoutLine: {'line': b'-- Installing: /home/rehmaan/sensor_fusion/install/custom_interfaces/include/custom_interfaces/custom_interfaces/msg/environment.h\n'}
[1.215554] (custom_interfaces) StdoutLine: {'line': b'-- Installing: /home/rehmaan/sensor_fusion/install/custom_interfaces/include/custom_interfaces/custom_interfaces/msg/battery.h\n'}
[1.215755] (custom_interfaces) StdoutLine: {'line': b'-- Installing: /home/rehmaan/sensor_fusion/install/custom_interfaces/include/custom_interfaces/custom_interfaces/msg/rosidl_generator_c__visibility_control.h\n'}
[1.215991] (custom_interfaces) StdoutLine: {'line': b'-- Installing: /home/rehmaan/sensor_fusion/install/custom_interfaces/include/custom_interfaces/custom_interfaces/msg/detail\n'}
[1.216857] (custom_interfaces) StdoutLine: {'line': b'-- Installing: /home/rehmaan/sensor_fusion/install/custom_interfaces/include/custom_interfaces/custom_interfaces/msg/detail/imu__functions.c\n'}
[1.217640] (custom_interfaces) StdoutLine: {'line': b'-- Installing: /home/rehmaan/sensor_fusion/install/custom_interfaces/include/custom_interfaces/custom_interfaces/msg/detail/battery__struct.h\n'}
[1.218243] (custom_interfaces) StdoutLine: {'line': b'-- Installing: /home/rehmaan/sensor_fusion/install/custom_interfaces/include/custom_interfaces/custom_interfaces/msg/detail/imu__type_support.h\n'}
[1.219404] (custom_interfaces) StdoutLine: {'line': b'-- Installing: /home/rehmaan/sensor_fusion/install/custom_interfaces/include/custom_interfaces/custom_interfaces/msg/detail/encoder__functions.c\n'}
[1.220023] (custom_interfaces) StdoutLine: {'line': b'-- Installing: /home/rehmaan/sensor_fusion/install/custom_interfaces/include/custom_interfaces/custom_interfaces/msg/detail/encoder__type_support.h\n'}
[1.220662] (custom_interfaces) StdoutLine: {'line': b'-- Installing: /home/rehmaan/sensor_fusion/install/custom_interfaces/include/custom_interfaces/custom_interfaces/msg/detail/motors__type_support.h\n'}
[1.220815] (custom_interfaces) StdoutLine: {'line': b'-- Installing: /home/rehmaan/sensor_fusion/install/custom_interfaces/include/custom_interfaces/custom_interfaces/msg/detail/odometry__struct.h\n'}
[1.220927] (custom_interfaces) StdoutLine: {'line': b'-- Installing: /home/rehmaan/sensor_fusion/install/custom_interfaces/include/custom_interfaces/custom_interfaces/msg/detail/lidar__type_support.h\n'}
[1.221071] (custom_interfaces) StdoutLine: {'line': b'-- Installing: /home/rehmaan/sensor_fusion/install/custom_interfaces/include/custom_interfaces/custom_interfaces/msg/detail/lidar__functions.h\n'}
[1.221236] (custom_interfaces) StdoutLine: {'line': b'-- Installing: /home/rehmaan/sensor_fusion/install/custom_interfaces/include/custom_interfaces/custom_interfaces/msg/detail/distance_sensors__struct.h\n'}
[1.221715] (custom_interfaces) StdoutLine: {'line': b'-- Installing: /home/rehmaan/sensor_fusion/install/custom_interfaces/include/custom_interfaces/custom_interfaces/msg/detail/lidar__type_support.c\n'}
[1.222481] (custom_interfaces) StdoutLine: {'line': b'-- Installing: /home/rehmaan/sensor_fusion/install/custom_interfaces/include/custom_interfaces/custom_interfaces/msg/detail/environment__type_support.c\n'}
[1.223022] (custom_interfaces) StdoutLine: {'line': b'-- Installing: /home/rehmaan/sensor_fusion/install/custom_interfaces/include/custom_interfaces/custom_interfaces/msg/detail/distance_sensors__description.c\n'}
[1.223601] (custom_interfaces) StdoutLine: {'line': b'-- Installing: /home/rehmaan/sensor_fusion/install/custom_interfaces/include/custom_interfaces/custom_interfaces/msg/detail/battery__type_support.h\n'}
[1.224767] (custom_interfaces) StdoutLine: {'line': b'-- Installing: /home/rehmaan/sensor_fusion/install/custom_interfaces/include/custom_interfaces/custom_interfaces/msg/detail/motors__functions.c\n'}
[1.225681] (custom_interfaces) StdoutLine: {'line': b'-- Installing: /home/rehmaan/sensor_fusion/install/custom_interfaces/include/custom_interfaces/custom_interfaces/msg/detail/lidar__functions.c\n'}
[1.225985] (custom_interfaces) StdoutLine: {'line': b'-- Installing: /home/rehmaan/sensor_fusion/install/custom_interfaces/include/custom_interfaces/custom_interfaces/msg/detail/battery__type_support.c\n'}
[1.226509] (custom_interfaces) StdoutLine: {'line': b'-- Installing: /home/rehmaan/sensor_fusion/install/custom_interfaces/include/custom_interfaces/custom_interfaces/msg/detail/imu__description.c\n'}
[1.226765] (custom_interfaces) StdoutLine: {'line': b'-- Installing: /home/rehmaan/sensor_fusion/install/custom_interfaces/include/custom_interfaces/custom_interfaces/msg/detail/environment__struct.h\n'}
[1.227116] (custom_interfaces) StdoutLine: {'line': b'-- Installing: /home/rehmaan/sensor_fusion/install/custom_interfaces/include/custom_interfaces/custom_interfaces/msg/detail/motors__type_support.c\n'}
[1.227367] (custom_interfaces) StdoutLine: {'line': b'-- Installing: /home/rehmaan/sensor_fusion/install/custom_interfaces/include/custom_interfaces/custom_interfaces/msg/detail/encoder__struct.h\n'}
[1.227673] (custom_interfaces) StdoutLine: {'line': b'-- Installing: /home/rehmaan/sensor_fusion/install/custom_interfaces/include/custom_interfaces/custom_interfaces/msg/detail/distance_sensors__functions.h\n'}
[1.228213] (custom_interfaces) StdoutLine: {'line': b'-- Installing: /home/rehmaan/sensor_fusion/install/custom_interfaces/include/custom_interfaces/custom_interfaces/msg/detail/distance_sensors__functions.c\n'}
[1.229006] (custom_interfaces) StdoutLine: {'line': b'-- Installing: /home/rehmaan/sensor_fusion/install/custom_interfaces/include/custom_interfaces/custom_interfaces/msg/detail/imu__type_support.c\n'}
[1.229702] (custom_interfaces) StdoutLine: {'line': b'-- Installing: /home/rehmaan/sensor_fusion/install/custom_interfaces/include/custom_interfaces/custom_interfaces/msg/detail/odometry__functions.c\n'}
[1.230340] (custom_interfaces) StdoutLine: {'line': b'-- Installing: /home/rehmaan/sensor_fusion/install/custom_interfaces/include/custom_interfaces/custom_interfaces/msg/detail/environment__functions.h\n'}
[1.231121] (custom_interfaces) StdoutLine: {'line': b'-- Installing: /home/rehmaan/sensor_fusion/install/custom_interfaces/include/custom_interfaces/custom_interfaces/msg/detail/motors__functions.h\n'}
[1.231736] (custom_interfaces) StdoutLine: {'line': b'-- Installing: /home/rehmaan/sensor_fusion/install/custom_interfaces/include/custom_interfaces/custom_interfaces/msg/detail/lidar__struct.h\n'}
[1.232239] (custom_interfaces) StdoutLine: {'line': b'-- Installing: /home/rehmaan/sensor_fusion/install/custom_interfaces/include/custom_interfaces/custom_interfaces/msg/detail/odometry__type_support.h\n'}
[1.232766] (custom_interfaces) StdoutLine: {'line': b'-- Installing: /home/rehmaan/sensor_fusion/install/custom_interfaces/include/custom_interfaces/custom_interfaces/msg/detail/environment__type_support.h\n'}
[1.233840] (custom_interfaces) StdoutLine: {'line': b'-- Installing: /home/rehmaan/sensor_fusion/install/custom_interfaces/include/custom_interfaces/custom_interfaces/msg/detail/distance_sensors__type_support.c\n'}
[1.234097] (custom_interfaces) StdoutLine: {'line': b'-- Installing: /home/rehmaan/sensor_fusion/install/custom_interfaces/include/custom_interfaces/custom_interfaces/msg/detail/environment__functions.c\n'}
[1.234270] (custom_interfaces) StdoutLine: {'line': b'-- Installing: /home/rehmaan/sensor_fusion/install/custom_interfaces/include/custom_interfaces/custom_interfaces/msg/detail/distance_sensors__type_support.h\n'}
[1.234466] (custom_interfaces) StdoutLine: {'line': b'-- Installing: /home/rehmaan/sensor_fusion/install/custom_interfaces/include/custom_interfaces/custom_interfaces/msg/detail/battery__description.c\n'}
[1.234612] (custom_interfaces) StdoutLine: {'line': b'-- Installing: /home/rehmaan/sensor_fusion/install/custom_interfaces/include/custom_interfaces/custom_interfaces/msg/detail/encoder__functions.h\n'}
[1.234799] (custom_interfaces) StdoutLine: {'line': b'-- Installing: /home/rehmaan/sensor_fusion/install/custom_interfaces/include/custom_interfaces/custom_interfaces/msg/detail/motors__struct.h\n'}
[1.234970] (custom_interfaces) StdoutLine: {'line': b'-- Installing: /home/rehmaan/sensor_fusion/install/custom_interfaces/include/custom_interfaces/custom_interfaces/msg/detail/odometry__type_support.c\n'}
[1.235941] (custom_interfaces) StdoutLine: {'line': b'-- Installing: /home/rehmaan/sensor_fusion/install/custom_interfaces/include/custom_interfaces/custom_interfaces/msg/detail/battery__functions.h\n'}
[1.236653] (custom_interfaces) StdoutLine: {'line': b'-- Installing: /home/rehmaan/sensor_fusion/install/custom_interfaces/include/custom_interfaces/custom_interfaces/msg/detail/lidar__description.c\n'}
[1.237245] (custom_interfaces) StdoutLine: {'line': b'-- Installing: /home/rehmaan/sensor_fusion/install/custom_interfaces/include/custom_interfaces/custom_interfaces/msg/detail/odometry__functions.h\n'}
[1.237832] (custom_interfaces) StdoutLine: {'line': b'-- Installing: /home/rehmaan/sensor_fusion/install/custom_interfaces/include/custom_interfaces/custom_interfaces/msg/detail/odometry__description.c\n'}
[1.238510] (custom_interfaces) StdoutLine: {'line': b'-- Installing: /home/rehmaan/sensor_fusion/install/custom_interfaces/include/custom_interfaces/custom_interfaces/msg/detail/motors__description.c\n'}
[1.239291] (custom_interfaces) StdoutLine: {'line': b'-- Installing: /home/rehmaan/sensor_fusion/install/custom_interfaces/include/custom_interfaces/custom_interfaces/msg/detail/imu__functions.h\n'}
[1.239830] (custom_interfaces) StdoutLine: {'line': b'-- Installing: /home/rehmaan/sensor_fusion/install/custom_interfaces/include/custom_interfaces/custom_interfaces/msg/detail/battery__functions.c\n'}
[1.240788] (custom_interfaces) StdoutLine: {'line': b'-- Installing: /home/rehmaan/sensor_fusion/install/custom_interfaces/include/custom_interfaces/custom_interfaces/msg/detail/environment__description.c\n'}
[1.241721] (custom_interfaces) StdoutLine: {'line': b'-- Installing: /home/rehmaan/sensor_fusion/install/custom_interfaces/include/custom_interfaces/custom_interfaces/msg/detail/encoder__description.c\n'}
[1.242035] (custom_interfaces) StdoutLine: {'line': b'-- Installing: /home/rehmaan/sensor_fusion/install/custom_interfaces/include/custom_interfaces/custom_interfaces/msg/detail/imu__struct.h\n'}
[1.242251] (custom_interfaces) StdoutLine: {'line': b'-- Installing: /home/rehmaan/sensor_fusion/install/custom_interfaces/include/custom_interfaces/custom_interfaces/msg/detail/encoder__type_support.c\n'}
[1.242450] (custom_interfaces) StdoutLine: {'line': b'-- Installing: /home/rehmaan/sensor_fusion/install/custom_interfaces/include/custom_interfaces/custom_interfaces/msg/motors.h\n'}
[1.242660] (custom_interfaces) StdoutLine: {'line': b'-- Installing: /home/rehmaan/sensor_fusion/install/custom_interfaces/share/custom_interfaces/environment/library_path.sh\n'}
[1.243239] (custom_interfaces) StdoutLine: {'line': b'-- Installing: /home/rehmaan/sensor_fusion/install/custom_interfaces/share/custom_interfaces/environment/library_path.dsv\n'}
[1.243811] (custom_interfaces) StdoutLine: {'line': b'-- Installing: /home/rehmaan/sensor_fusion/install/custom_interfaces/lib/libcustom_interfaces__rosidl_generator_c.so\n'}
[1.244322] (custom_interfaces) StdoutLine: {'line': b'-- Set non-toolchain portion of runtime path of "/home/rehmaan/sensor_fusion/install/custom_interfaces/lib/libcustom_interfaces__rosidl_generator_c.so" to ""\n'}
[1.245008] (custom_interfaces) StdoutLine: {'line': b'-- Up-to-date: /home/rehmaan/sensor_fusion/install/custom_interfaces/include/custom_interfaces/custom_interfaces\n'}
[1.245599] (custom_interfaces) StdoutLine: {'line': b'-- Up-to-date: /home/rehmaan/sensor_fusion/install/custom_interfaces/include/custom_interfaces/custom_interfaces/msg\n'}
[1.246341] (custom_interfaces) StdoutLine: {'line': b'-- Installing: /home/rehmaan/sensor_fusion/install/custom_interfaces/include/custom_interfaces/custom_interfaces/msg/rosidl_typesupport_fastrtps_c__visibility_control.h\n'}
[1.247092] (custom_interfaces) StdoutLine: {'line': b'-- Up-to-date: /home/rehmaan/sensor_fusion/install/custom_interfaces/include/custom_interfaces/custom_interfaces/msg/detail\n'}
[1.247723] (custom_interfaces) StdoutLine: {'line': b'-- Installing: /home/rehmaan/sensor_fusion/install/custom_interfaces/include/custom_interfaces/custom_interfaces/msg/detail/motors__rosidl_typesupport_fastrtps_c.h\n'}
[1.248490] (custom_interfaces) StdoutLine: {'line': b'-- Installing: /home/rehmaan/sensor_fusion/install/custom_interfaces/include/custom_interfaces/custom_interfaces/msg/detail/environment__rosidl_typesupport_fastrtps_c.h\n'}
[1.249134] (custom_interfaces) StdoutLine: {'line': b'-- Installing: /home/rehmaan/sensor_fusion/install/custom_interfaces/include/custom_interfaces/custom_interfaces/msg/detail/distance_sensors__rosidl_typesupport_fastrtps_c.h\n'}
[1.249804] (custom_interfaces) StdoutLine: {'line': b'-- Installing: /home/rehmaan/sensor_fusion/install/custom_interfaces/include/custom_interfaces/custom_interfaces/msg/detail/odometry__rosidl_typesupport_fastrtps_c.h\n'}
[1.250367] (custom_interfaces) StdoutLine: {'line': b'-- Installing: /home/rehmaan/sensor_fusion/install/custom_interfaces/include/custom_interfaces/custom_interfaces/msg/detail/lidar__rosidl_typesupport_fastrtps_c.h\n'}
[1.251009] (custom_interfaces) StdoutLine: {'line': b'-- Installing: /home/rehmaan/sensor_fusion/install/custom_interfaces/include/custom_interfaces/custom_interfaces/msg/detail/battery__rosidl_typesupport_fastrtps_c.h\n'}
[1.251582] (custom_interfaces) StdoutLine: {'line': b'-- Installing: /home/rehmaan/sensor_fusion/install/custom_interfaces/include/custom_interfaces/custom_interfaces/msg/detail/encoder__rosidl_typesupport_fastrtps_c.h\n'}
[1.251956] (custom_interfaces) StdoutLine: {'line': b'-- Installing: /home/rehmaan/sensor_fusion/install/custom_interfaces/include/custom_interfaces/custom_interfaces/msg/detail/imu__rosidl_typesupport_fastrtps_c.h\n'}
[1.252693] (custom_interfaces) StdoutLine: {'line': b'-- Installing: /home/rehmaan/sensor_fusion/install/custom_interfaces/lib/libcustom_interfaces__rosidl_typesupport_fastrtps_c.so\n'}
[1.253156] (custom_interfaces) StdoutLine: {'line': b'-- Set non-toolchain portion of runtime path of "/home/rehmaan/sensor_fusion/install/custom_interfaces/lib/libcustom_interfaces__rosidl_typesupport_fastrtps_c.so" to ""\n'}
[1.253667] (custom_interfaces) StdoutLine: {'line': b'-- Up-to-date: /home/rehmaan/sensor_fusion/install/custom_interfaces/include/custom_interfaces/custom_interfaces\n'}
[1.254142] (custom_interfaces) StdoutLine: {'line': b'-- Up-to-date: /home/rehmaan/sensor_fusion/install/custom_interfaces/include/custom_interfaces/custom_interfaces/msg\n'}
[1.254663] (custom_interfaces) StdoutLine: {'line': b'-- Installing: /home/rehmaan/sensor_fusion/install/custom_interfaces/include/custom_interfaces/custom_interfaces/msg/rosidl_typesupport_introspection_c__visibility_control.h\n'}
[1.255559] (custom_interfaces) StdoutLine: {'line': b'-- Up-to-date: /home/rehmaan/sensor_fusion/install/custom_interfaces/include/custom_interfaces/custom_interfaces/msg/detail\n'}
[1.256140] (custom_interfaces) StdoutLine: {'line': b'-- Installing: /home/rehmaan/sensor_fusion/install/custom_interfaces/include/custom_interfaces/custom_interfaces/msg/detail/encoder__rosidl_typesupport_introspection_c.h\n'}
[1.256701] (custom_interfaces) StdoutLine: {'line': b'-- Installing: /home/rehmaan/sensor_fusion/install/custom_interfaces/include/custom_interfaces/custom_interfaces/msg/detail/lidar__type_support.c\n'}
[1.257247] (custom_interfaces) StdoutLine: {'line': b'-- Installing: /home/rehmaan/sensor_fusion/install/custom_interfaces/include/custom_interfaces/custom_interfaces/msg/detail/environment__type_support.c\n'}
[1.257432] (custom_interfaces) StdoutLine: {'line': b'-- Installing: /home/rehmaan/sensor_fusion/install/custom_interfaces/include/custom_interfaces/custom_interfaces/msg/detail/lidar__rosidl_typesupport_introspection_c.h\n'}
[1.258124] (custom_interfaces) StdoutLine: {'line': b'-- Installing: /home/rehmaan/sensor_fusion/install/custom_interfaces/include/custom_interfaces/custom_interfaces/msg/detail/environment__rosidl_typesupport_introspection_c.h\n'}
[1.258418] (custom_interfaces) StdoutLine: {'line': b'-- Installing: /home/rehmaan/sensor_fusion/install/custom_interfaces/include/custom_interfaces/custom_interfaces/msg/detail/battery__type_support.c\n'}
[1.258607] (custom_interfaces) StdoutLine: {'line': b'-- Installing: /home/rehmaan/sensor_fusion/install/custom_interfaces/include/custom_interfaces/custom_interfaces/msg/detail/motors__type_support.c\n'}
[1.258787] (custom_interfaces) StdoutLine: {'line': b'-- Installing: /home/rehmaan/sensor_fusion/install/custom_interfaces/include/custom_interfaces/custom_interfaces/msg/detail/distance_sensors__rosidl_typesupport_introspection_c.h\n'}
[1.258983] (custom_interfaces) StdoutLine: {'line': b'-- Installing: /home/rehmaan/sensor_fusion/install/custom_interfaces/include/custom_interfaces/custom_interfaces/msg/detail/imu__rosidl_typesupport_introspection_c.h\n'}
[1.259157] (custom_interfaces) StdoutLine: {'line': b'-- Installing: /home/rehmaan/sensor_fusion/install/custom_interfaces/include/custom_interfaces/custom_interfaces/msg/detail/battery__rosidl_typesupport_introspection_c.h\n'}
[1.259325] (custom_interfaces) StdoutLine: {'line': b'-- Installing: /home/rehmaan/sensor_fusion/install/custom_interfaces/include/custom_interfaces/custom_interfaces/msg/detail/imu__type_support.c\n'}
[1.259492] (custom_interfaces) StdoutLine: {'line': b'-- Installing: /home/rehmaan/sensor_fusion/install/custom_interfaces/include/custom_interfaces/custom_interfaces/msg/detail/odometry__rosidl_typesupport_introspection_c.h\n'}
[1.259658] (custom_interfaces) StdoutLine: {'line': b'-- Installing: /home/rehmaan/sensor_fusion/install/custom_interfaces/include/custom_interfaces/custom_interfaces/msg/detail/distance_sensors__type_support.c\n'}
[1.259929] (custom_interfaces) StdoutLine: {'line': b'-- Installing: /home/rehmaan/sensor_fusion/install/custom_interfaces/include/custom_interfaces/custom_interfaces/msg/detail/odometry__type_support.c\n'}
[1.260147] (custom_interfaces) StdoutLine: {'line': b'-- Installing: /home/rehmaan/sensor_fusion/install/custom_interfaces/include/custom_interfaces/custom_interfaces/msg/detail/motors__rosidl_typesupport_introspection_c.h\n'}
[1.260320] (custom_interfaces) StdoutLine: {'line': b'-- Installing: /home/rehmaan/sensor_fusion/install/custom_interfaces/include/custom_interfaces/custom_interfaces/msg/detail/encoder__type_support.c\n'}
[1.260489] (custom_interfaces) StdoutLine: {'line': b'-- Installing: /home/rehmaan/sensor_fusion/install/custom_interfaces/lib/libcustom_interfaces__rosidl_typesupport_introspection_c.so\n'}
[1.260652] (custom_interfaces) StdoutLine: {'line': b'-- Set non-toolchain portion of runtime path of "/home/rehmaan/sensor_fusion/install/custom_interfaces/lib/libcustom_interfaces__rosidl_typesupport_introspection_c.so" to ""\n'}
[1.260813] (custom_interfaces) StdoutLine: {'line': b'-- Installing: /home/rehmaan/sensor_fusion/install/custom_interfaces/lib/libcustom_interfaces__rosidl_typesupport_c.so\n'}
[1.260974] (custom_interfaces) StdoutLine: {'line': b'-- Set non-toolchain portion of runtime path of "/home/rehmaan/sensor_fusion/install/custom_interfaces/lib/libcustom_interfaces__rosidl_typesupport_c.so" to ""\n'}
[1.261134] (custom_interfaces) StdoutLine: {'line': b'-- Up-to-date: /home/rehmaan/sensor_fusion/install/custom_interfaces/include/custom_interfaces/custom_interfaces\n'}
[1.261294] (custom_interfaces) StdoutLine: {'line': b'-- Up-to-date: /home/rehmaan/sensor_fusion/install/custom_interfaces/include/custom_interfaces/custom_interfaces/msg\n'}
[1.261452] (custom_interfaces) StdoutLine: {'line': b'-- Installing: /home/rehmaan/sensor_fusion/install/custom_interfaces/include/custom_interfaces/custom_interfaces/msg/distance_sensors.hpp\n'}
[1.261609] (custom_interfaces) StdoutLine: {'line': b'-- Installing: /home/rehmaan/sensor_fusion/install/custom_interfaces/include/custom_interfaces/custom_interfaces/msg/lidar.hpp\n'}
[1.261808] (custom_interfaces) StdoutLine: {'line': b'-- Installing: /home/rehmaan/sensor_fusion/install/custom_interfaces/include/custom_interfaces/custom_interfaces/msg/motors.hpp\n'}
[1.262018] (custom_interfaces) StdoutLine: {'line': b'-- Installing: /home/rehmaan/sensor_fusion/install/custom_interfaces/include/custom_interfaces/custom_interfaces/msg/imu.hpp\n'}
[1.262183] (custom_interfaces) StdoutLine: {'line': b'-- Installing: /home/rehmaan/sensor_fusion/install/custom_interfaces/include/custom_interfaces/custom_interfaces/msg/battery.hpp\n'}
[1.262359] (custom_interfaces) StdoutLine: {'line': b'-- Up-to-date: /home/rehmaan/sensor_fusion/install/custom_interfaces/include/custom_interfaces/custom_interfaces/msg/detail\n'}
[1.262523] (custom_interfaces) StdoutLine: {'line': b'-- Installing: /home/rehmaan/sensor_fusion/install/custom_interfaces/include/custom_interfaces/custom_interfaces/msg/detail/environment__struct.hpp\n'}
[1.262691] (custom_interfaces) StdoutLine: {'line': b'-- Installing: /home/rehmaan/sensor_fusion/install/custom_interfaces/include/custom_interfaces/custom_interfaces/msg/detail/battery__struct.hpp\n'}
[1.262851] (custom_interfaces) StdoutLine: {'line': b'-- Installing: /home/rehmaan/sensor_fusion/install/custom_interfaces/include/custom_interfaces/custom_interfaces/msg/detail/encoder__traits.hpp\n'}
[1.263009] (custom_interfaces) StdoutLine: {'line': b'-- Installing: /home/rehmaan/sensor_fusion/install/custom_interfaces/include/custom_interfaces/custom_interfaces/msg/detail/imu__type_support.hpp\n'}
[1.263167] (custom_interfaces) StdoutLine: {'line': b'-- Installing: /home/rehmaan/sensor_fusion/install/custom_interfaces/include/custom_interfaces/custom_interfaces/msg/detail/encoder__type_support.hpp\n'}
[1.263327] (custom_interfaces) StdoutLine: {'line': b'-- Installing: /home/rehmaan/sensor_fusion/install/custom_interfaces/include/custom_interfaces/custom_interfaces/msg/detail/odometry__type_support.hpp\n'}
[1.263485] (custom_interfaces) StdoutLine: {'line': b'-- Installing: /home/rehmaan/sensor_fusion/install/custom_interfaces/include/custom_interfaces/custom_interfaces/msg/detail/imu__traits.hpp\n'}
[1.263642] (custom_interfaces) StdoutLine: {'line': b'-- Installing: /home/rehmaan/sensor_fusion/install/custom_interfaces/include/custom_interfaces/custom_interfaces/msg/detail/imu__builder.hpp\n'}
[1.263846] (custom_interfaces) StdoutLine: {'line': b'-- Installing: /home/rehmaan/sensor_fusion/install/custom_interfaces/include/custom_interfaces/custom_interfaces/msg/detail/motors__builder.hpp\n'}
[1.264045] (custom_interfaces) StdoutLine: {'line': b'-- Installing: /home/rehmaan/sensor_fusion/install/custom_interfaces/include/custom_interfaces/custom_interfaces/msg/detail/battery__type_support.hpp\n'}
[1.264207] (custom_interfaces) StdoutLine: {'line': b'-- Installing: /home/rehmaan/sensor_fusion/install/custom_interfaces/include/custom_interfaces/custom_interfaces/msg/detail/odometry__struct.hpp\n'}
[1.264447] (custom_interfaces) StdoutLine: {'line': b'-- Installing: /home/rehmaan/sensor_fusion/install/custom_interfaces/include/custom_interfaces/custom_interfaces/msg/detail/lidar__type_support.hpp\n'}
[1.264617] (custom_interfaces) StdoutLine: {'line': b'-- Installing: /home/rehmaan/sensor_fusion/install/custom_interfaces/include/custom_interfaces/custom_interfaces/msg/detail/motors__traits.hpp\n'}
[1.264778] (custom_interfaces) StdoutLine: {'line': b'-- Installing: /home/rehmaan/sensor_fusion/install/custom_interfaces/include/custom_interfaces/custom_interfaces/msg/detail/environment__traits.hpp\n'}
[1.264936] (custom_interfaces) StdoutLine: {'line': b'-- Installing: /home/rehmaan/sensor_fusion/install/custom_interfaces/include/custom_interfaces/custom_interfaces/msg/detail/odometry__builder.hpp\n'}
[1.265342] (custom_interfaces) StdoutLine: {'line': b'-- Installing: /home/rehmaan/sensor_fusion/install/custom_interfaces/include/custom_interfaces/custom_interfaces/msg/detail/imu__struct.hpp\n'}
[1.265542] (custom_interfaces) StdoutLine: {'line': b'-- Installing: /home/rehmaan/sensor_fusion/install/custom_interfaces/include/custom_interfaces/custom_interfaces/msg/detail/distance_sensors__traits.hpp\n'}
[1.265720] (custom_interfaces) StdoutLine: {'line': b'-- Installing: /home/rehmaan/sensor_fusion/install/custom_interfaces/include/custom_interfaces/custom_interfaces/msg/detail/odometry__traits.hpp\n'}
[1.265889] (custom_interfaces) StdoutLine: {'line': b'-- Installing: /home/rehmaan/sensor_fusion/install/custom_interfaces/include/custom_interfaces/custom_interfaces/msg/detail/lidar__traits.hpp\n'}
[1.266054] (custom_interfaces) StdoutLine: {'line': b'-- Installing: /home/rehmaan/sensor_fusion/install/custom_interfaces/include/custom_interfaces/custom_interfaces/msg/detail/lidar__builder.hpp\n'}
[1.266217] (custom_interfaces) StdoutLine: {'line': b'-- Installing: /home/rehmaan/sensor_fusion/install/custom_interfaces/include/custom_interfaces/custom_interfaces/msg/detail/motors__type_support.hpp\n'}
[1.266395] (custom_interfaces) StdoutLine: {'line': b'-- Installing: /home/rehmaan/sensor_fusion/install/custom_interfaces/include/custom_interfaces/custom_interfaces/msg/detail/distance_sensors__type_support.hpp\n'}
[1.266559] (custom_interfaces) StdoutLine: {'line': b'-- Installing: /home/rehmaan/sensor_fusion/install/custom_interfaces/include/custom_interfaces/custom_interfaces/msg/detail/environment__builder.hpp\n'}
[1.266721] (custom_interfaces) StdoutLine: {'line': b'-- Installing: /home/rehmaan/sensor_fusion/install/custom_interfaces/include/custom_interfaces/custom_interfaces/msg/detail/battery__traits.hpp\n'}
[1.266974] (custom_interfaces) StdoutLine: {'line': b'-- Installing: /home/rehmaan/sensor_fusion/install/custom_interfaces/include/custom_interfaces/custom_interfaces/msg/detail/distance_sensors__struct.hpp\n'}
[1.267505] (custom_interfaces) StdoutLine: {'line': b'-- Installing: /home/rehmaan/sensor_fusion/install/custom_interfaces/include/custom_interfaces/custom_interfaces/msg/detail/encoder__struct.hpp\n'}
[1.267769] (custom_interfaces) StdoutLine: {'line': b'-- Installing: /home/rehmaan/sensor_fusion/install/custom_interfaces/include/custom_interfaces/custom_interfaces/msg/detail/distance_sensors__builder.hpp\n'}
[1.267992] (custom_interfaces) StdoutLine: {'line': b'-- Installing: /home/rehmaan/sensor_fusion/install/custom_interfaces/include/custom_interfaces/custom_interfaces/msg/detail/motors__struct.hpp\n'}
[1.268216] (custom_interfaces) StdoutLine: {'line': b'-- Installing: /home/rehmaan/sensor_fusion/install/custom_interfaces/include/custom_interfaces/custom_interfaces/msg/detail/encoder__builder.hpp\n'}
[1.268453] (custom_interfaces) StdoutLine: {'line': b'-- Installing: /home/rehmaan/sensor_fusion/install/custom_interfaces/include/custom_interfaces/custom_interfaces/msg/detail/lidar__struct.hpp\n'}
[1.268674] (custom_interfaces) StdoutLine: {'line': b'-- Installing: /home/rehmaan/sensor_fusion/install/custom_interfaces/include/custom_interfaces/custom_interfaces/msg/detail/battery__builder.hpp\n'}
[1.268971] (custom_interfaces) StdoutLine: {'line': b'-- Installing: /home/rehmaan/sensor_fusion/install/custom_interfaces/include/custom_interfaces/custom_interfaces/msg/detail/environment__type_support.hpp\n'}
[1.269219] (custom_interfaces) StdoutLine: {'line': b'-- Installing: /home/rehmaan/sensor_fusion/install/custom_interfaces/include/custom_interfaces/custom_interfaces/msg/odometry.hpp\n'}
[1.269402] (custom_interfaces) StdoutLine: {'line': b'-- Installing: /home/rehmaan/sensor_fusion/install/custom_interfaces/include/custom_interfaces/custom_interfaces/msg/rosidl_generator_cpp__visibility_control.hpp\n'}
[1.269575] (custom_interfaces) StdoutLine: {'line': b'-- Installing: /home/rehmaan/sensor_fusion/install/custom_interfaces/include/custom_interfaces/custom_interfaces/msg/encoder.hpp\n'}
[1.269762] (custom_interfaces) StdoutLine: {'line': b'-- Installing: /home/rehmaan/sensor_fusion/install/custom_interfaces/include/custom_interfaces/custom_interfaces/msg/environment.hpp\n'}
[1.269947] (custom_interfaces) StdoutLine: {'line': b'-- Up-to-date: /home/rehmaan/sensor_fusion/install/custom_interfaces/include/custom_interfaces/custom_interfaces\n'}
[1.270138] (custom_interfaces) StdoutLine: {'line': b'-- Up-to-date: /home/rehmaan/sensor_fusion/install/custom_interfaces/include/custom_interfaces/custom_interfaces/msg\n'}
[1.270332] (custom_interfaces) StdoutLine: {'line': b'-- Up-to-date: /home/rehmaan/sensor_fusion/install/custom_interfaces/include/custom_interfaces/custom_interfaces/msg/detail\n'}
[1.270521] (custom_interfaces) StdoutLine: {'line': b'-- Installing: /home/rehmaan/sensor_fusion/install/custom_interfaces/include/custom_interfaces/custom_interfaces/msg/detail/lidar__rosidl_typesupport_fastrtps_cpp.hpp\n'}
[1.270718] (custom_interfaces) StdoutLine: {'line': b'-- Installing: /home/rehmaan/sensor_fusion/install/custom_interfaces/include/custom_interfaces/custom_interfaces/msg/detail/dds_fastrtps\n'}
[1.271027] (custom_interfaces) StdoutLine: {'line': b'-- Installing: /home/rehmaan/sensor_fusion/install/custom_interfaces/include/custom_interfaces/custom_interfaces/msg/detail/imu__rosidl_typesupport_fastrtps_cpp.hpp\n'}
[1.271245] (custom_interfaces) StdoutLine: {'line': b'-- Installing: /home/rehmaan/sensor_fusion/install/custom_interfaces/include/custom_interfaces/custom_interfaces/msg/detail/motors__rosidl_typesupport_fastrtps_cpp.hpp\n'}
[1.271741] (custom_interfaces) StdoutLine: {'line': b'-- Installing: /home/rehmaan/sensor_fusion/install/custom_interfaces/include/custom_interfaces/custom_interfaces/msg/detail/distance_sensors__rosidl_typesupport_fastrtps_cpp.hpp\n'}
[1.271912] (custom_interfaces) StdoutLine: {'line': b'-- Installing: /home/rehmaan/sensor_fusion/install/custom_interfaces/include/custom_interfaces/custom_interfaces/msg/detail/odometry__rosidl_typesupport_fastrtps_cpp.hpp\n'}
[1.272008] (custom_interfaces) StdoutLine: {'line': b'-- Installing: /home/rehmaan/sensor_fusion/install/custom_interfaces/include/custom_interfaces/custom_interfaces/msg/detail/battery__rosidl_typesupport_fastrtps_cpp.hpp\n'}
[1.272126] (custom_interfaces) StdoutLine: {'line': b'-- Installing: /home/rehmaan/sensor_fusion/install/custom_interfaces/include/custom_interfaces/custom_interfaces/msg/detail/environment__rosidl_typesupport_fastrtps_cpp.hpp\n'}
[1.272226] (custom_interfaces) StdoutLine: {'line': b'-- Installing: /home/rehmaan/sensor_fusion/install/custom_interfaces/include/custom_interfaces/custom_interfaces/msg/detail/encoder__rosidl_typesupport_fastrtps_cpp.hpp\n'}
[1.272313] (custom_interfaces) StdoutLine: {'line': b'-- Installing: /home/rehmaan/sensor_fusion/install/custom_interfaces/include/custom_interfaces/custom_interfaces/msg/rosidl_typesupport_fastrtps_cpp__visibility_control.h\n'}
[1.272401] (custom_interfaces) StdoutLine: {'line': b'-- Installing: /home/rehmaan/sensor_fusion/install/custom_interfaces/lib/libcustom_interfaces__rosidl_typesupport_fastrtps_cpp.so\n'}
[1.272529] (custom_interfaces) StdoutLine: {'line': b'-- Set non-toolchain portion of runtime path of "/home/rehmaan/sensor_fusion/install/custom_interfaces/lib/libcustom_interfaces__rosidl_typesupport_fastrtps_cpp.so" to ""\n'}
[1.272766] (custom_interfaces) StdoutLine: {'line': b'-- Up-to-date: /home/rehmaan/sensor_fusion/install/custom_interfaces/include/custom_interfaces/custom_interfaces\n'}
[1.273247] (custom_interfaces) StdoutLine: {'line': b'-- Up-to-date: /home/rehmaan/sensor_fusion/install/custom_interfaces/include/custom_interfaces/custom_interfaces/msg\n'}
[1.273596] (custom_interfaces) StdoutLine: {'line': b'-- Up-to-date: /home/rehmaan/sensor_fusion/install/custom_interfaces/include/custom_interfaces/custom_interfaces/msg/detail\n'}
[1.273713] (custom_interfaces) StdoutLine: {'line': b'-- Installing: /home/rehmaan/sensor_fusion/install/custom_interfaces/include/custom_interfaces/custom_interfaces/msg/detail/distance_sensors__rosidl_typesupport_introspection_cpp.hpp\n'}
[1.273814] (custom_interfaces) StdoutLine: {'line': b'-- Installing: /home/rehmaan/sensor_fusion/install/custom_interfaces/include/custom_interfaces/custom_interfaces/msg/detail/lidar__type_support.cpp\n'}
[1.273949] (custom_interfaces) StdoutLine: {'line': b'-- Installing: /home/rehmaan/sensor_fusion/install/custom_interfaces/include/custom_interfaces/custom_interfaces/msg/detail/encoder__type_support.cpp\n'}
[1.274097] (custom_interfaces) StdoutLine: {'line': b'-- Installing: /home/rehmaan/sensor_fusion/install/custom_interfaces/include/custom_interfaces/custom_interfaces/msg/detail/environment__rosidl_typesupport_introspection_cpp.hpp\n'}
[1.274198] (custom_interfaces) StdoutLine: {'line': b'-- Installing: /home/rehmaan/sensor_fusion/install/custom_interfaces/include/custom_interfaces/custom_interfaces/msg/detail/battery__type_support.cpp\n'}
[1.274310] (custom_interfaces) StdoutLine: {'line': b'-- Installing: /home/rehmaan/sensor_fusion/install/custom_interfaces/include/custom_interfaces/custom_interfaces/msg/detail/battery__rosidl_typesupport_introspection_cpp.hpp\n'}
[1.274450] (custom_interfaces) StdoutLine: {'line': b'-- Installing: /home/rehmaan/sensor_fusion/install/custom_interfaces/include/custom_interfaces/custom_interfaces/msg/detail/odometry__type_support.cpp\n'}
[1.274566] (custom_interfaces) StdoutLine: {'line': b'-- Installing: /home/rehmaan/sensor_fusion/install/custom_interfaces/include/custom_interfaces/custom_interfaces/msg/detail/lidar__rosidl_typesupport_introspection_cpp.hpp\n'}
[1.274686] (custom_interfaces) StdoutLine: {'line': b'-- Installing: /home/rehmaan/sensor_fusion/install/custom_interfaces/include/custom_interfaces/custom_interfaces/msg/detail/motors__type_support.cpp\n'}
[1.274829] (custom_interfaces) StdoutLine: {'line': b'-- Installing: /home/rehmaan/sensor_fusion/install/custom_interfaces/include/custom_interfaces/custom_interfaces/msg/detail/imu__rosidl_typesupport_introspection_cpp.hpp\n'}
[1.274925] (custom_interfaces) StdoutLine: {'line': b'-- Installing: /home/rehmaan/sensor_fusion/install/custom_interfaces/include/custom_interfaces/custom_interfaces/msg/detail/motors__rosidl_typesupport_introspection_cpp.hpp\n'}
[1.275414] (custom_interfaces) StdoutLine: {'line': b'-- Installing: /home/rehmaan/sensor_fusion/install/custom_interfaces/include/custom_interfaces/custom_interfaces/msg/detail/environment__type_support.cpp\n'}
[1.275663] (custom_interfaces) StdoutLine: {'line': b'-- Installing: /home/rehmaan/sensor_fusion/install/custom_interfaces/include/custom_interfaces/custom_interfaces/msg/detail/distance_sensors__type_support.cpp\n'}
[1.275883] (custom_interfaces) StdoutLine: {'line': b'-- Installing: /home/rehmaan/sensor_fusion/install/custom_interfaces/include/custom_interfaces/custom_interfaces/msg/detail/imu__type_support.cpp\n'}
[1.276107] (custom_interfaces) StdoutLine: {'line': b'-- Installing: /home/rehmaan/sensor_fusion/install/custom_interfaces/include/custom_interfaces/custom_interfaces/msg/detail/odometry__rosidl_typesupport_introspection_cpp.hpp\n'}
[1.276347] (custom_interfaces) StdoutLine: {'line': b'-- Installing: /home/rehmaan/sensor_fusion/install/custom_interfaces/include/custom_interfaces/custom_interfaces/msg/detail/encoder__rosidl_typesupport_introspection_cpp.hpp\n'}
[1.276548] (custom_interfaces) StdoutLine: {'line': b'-- Installing: /home/rehmaan/sensor_fusion/install/custom_interfaces/lib/libcustom_interfaces__rosidl_typesupport_introspection_cpp.so\n'}
[1.276871] (custom_interfaces) StdoutLine: {'line': b'-- Set non-toolchain portion of runtime path of "/home/rehmaan/sensor_fusion/install/custom_interfaces/lib/libcustom_interfaces__rosidl_typesupport_introspection_cpp.so" to ""\n'}
[1.277083] (custom_interfaces) StdoutLine: {'line': b'-- Installing: /home/rehmaan/sensor_fusion/install/custom_interfaces/lib/libcustom_interfaces__rosidl_typesupport_cpp.so\n'}
[1.277281] (custom_interfaces) StdoutLine: {'line': b'-- Set non-toolchain portion of runtime path of "/home/rehmaan/sensor_fusion/install/custom_interfaces/lib/libcustom_interfaces__rosidl_typesupport_cpp.so" to ""\n'}
[1.277475] (custom_interfaces) StdoutLine: {'line': b'-- Installing: /home/rehmaan/sensor_fusion/install/custom_interfaces/share/custom_interfaces/environment/pythonpath.sh\n'}
[1.277664] (custom_interfaces) StdoutLine: {'line': b'-- Installing: /home/rehmaan/sensor_fusion/install/custom_interfaces/share/custom_interfaces/environment/pythonpath.dsv\n'}
[1.277874] (custom_interfaces) StdoutLine: {'line': b'-- Installing: /home/rehmaan/sensor_fusion/install/custom_interfaces/lib/python3.12/site-packages/custom_interfaces-0.0.0-py3.12.egg-info\n'}
[1.278061] (custom_interfaces) StdoutLine: {'line': b'-- Installing: /home/rehmaan/sensor_fusion/install/custom_interfaces/lib/python3.12/site-packages/custom_interfaces-0.0.0-py3.12.egg-info/PKG-INFO\n'}
[1.278242] (custom_interfaces) StdoutLine: {'line': b'-- Installing: /home/rehmaan/sensor_fusion/install/custom_interfaces/lib/python3.12/site-packages/custom_interfaces-0.0.0-py3.12.egg-info/SOURCES.txt\n'}
[1.278408] (custom_interfaces) StdoutLine: {'line': b'-- Installing: /home/rehmaan/sensor_fusion/install/custom_interfaces/lib/python3.12/site-packages/custom_interfaces-0.0.0-py3.12.egg-info/dependency_links.txt\n'}
[1.278638] (custom_interfaces) StdoutLine: {'line': b'-- Installing: /home/rehmaan/sensor_fusion/install/custom_interfaces/lib/python3.12/site-packages/custom_interfaces-0.0.0-py3.12.egg-info/top_level.txt\n'}
[1.278860] (custom_interfaces) StdoutLine: {'line': b'-- Installing: /home/rehmaan/sensor_fusion/install/custom_interfaces/lib/python3.12/site-packages/custom_interfaces\n'}
[1.279041] (custom_interfaces) StdoutLine: {'line': b'-- Installing: /home/rehmaan/sensor_fusion/install/custom_interfaces/lib/python3.12/site-packages/custom_interfaces/_custom_interfaces_s.ep.rosidl_typesupport_fastrtps_c.c\n'}
[1.279233] (custom_interfaces) StdoutLine: {'line': b'-- Installing: /home/rehmaan/sensor_fusion/install/custom_interfaces/lib/python3.12/site-packages/custom_interfaces/custom_interfaces_s__rosidl_typesupport_c.so\n'}
[1.279417] (custom_interfaces) StdoutLine: {'line': b'-- Installing: /home/rehmaan/sensor_fusion/install/custom_interfaces/lib/python3.12/site-packages/custom_interfaces/custom_interfaces_s__rosidl_typesupport_introspection_c.so\n'}
[1.279589] (custom_interfaces) StdoutLine: {'line': b'-- Installing: /home/rehmaan/sensor_fusion/install/custom_interfaces/lib/python3.12/site-packages/custom_interfaces/custom_interfaces_s__rosidl_typesupport_fastrtps_c.so\n'}
[1.279752] (custom_interfaces) StdoutLine: {'line': b'-- Installing: /home/rehmaan/sensor_fusion/install/custom_interfaces/lib/python3.12/site-packages/custom_interfaces/_custom_interfaces_s.ep.rosidl_typesupport_introspection_c.c\n'}
[1.279915] (custom_interfaces) StdoutLine: {'line': b'-- Installing: /home/rehmaan/sensor_fusion/install/custom_interfaces/lib/python3.12/site-packages/custom_interfaces/__init__.py\n'}
[1.280089] (custom_interfaces) StdoutLine: {'line': b'-- Installing: /home/rehmaan/sensor_fusion/install/custom_interfaces/lib/python3.12/site-packages/custom_interfaces/_custom_interfaces_s.ep.rosidl_typesupport_c.c\n'}
[1.280336] (custom_interfaces) StdoutLine: {'line': b'-- Installing: /home/rehmaan/sensor_fusion/install/custom_interfaces/lib/python3.12/site-packages/custom_interfaces/msg\n'}
[1.280521] (custom_interfaces) StdoutLine: {'line': b'-- Installing: /home/rehmaan/sensor_fusion/install/custom_interfaces/lib/python3.12/site-packages/custom_interfaces/msg/_imu.py\n'}
[1.280775] (custom_interfaces) StdoutLine: {'line': b'-- Installing: /home/rehmaan/sensor_fusion/install/custom_interfaces/lib/python3.12/site-packages/custom_interfaces/msg/_environment.py\n'}
[1.280952] (custom_interfaces) StdoutLine: {'line': b'-- Installing: /home/rehmaan/sensor_fusion/install/custom_interfaces/lib/python3.12/site-packages/custom_interfaces/msg/_battery.py\n'}
[1.281116] (custom_interfaces) StdoutLine: {'line': b'-- Installing: /home/rehmaan/sensor_fusion/install/custom_interfaces/lib/python3.12/site-packages/custom_interfaces/msg/_battery_s.c\n'}
[1.281280] (custom_interfaces) StdoutLine: {'line': b'-- Installing: /home/rehmaan/sensor_fusion/install/custom_interfaces/lib/python3.12/site-packages/custom_interfaces/msg/_odometry_s.c\n'}
[1.281441] (custom_interfaces) StdoutLine: {'line': b'-- Installing: /home/rehmaan/sensor_fusion/install/custom_interfaces/lib/python3.12/site-packages/custom_interfaces/msg/_environment_s.c\n'}
[1.281606] (custom_interfaces) StdoutLine: {'line': b'-- Installing: /home/rehmaan/sensor_fusion/install/custom_interfaces/lib/python3.12/site-packages/custom_interfaces/msg/_odometry.py\n'}
[1.281787] (custom_interfaces) StdoutLine: {'line': b'-- Installing: /home/rehmaan/sensor_fusion/install/custom_interfaces/lib/python3.12/site-packages/custom_interfaces/msg/_imu_s.c\n'}
[1.281946] (custom_interfaces) StdoutLine: {'line': b'-- Installing: /home/rehmaan/sensor_fusion/install/custom_interfaces/lib/python3.12/site-packages/custom_interfaces/msg/_motors.py\n'}
[1.282108] (custom_interfaces) StdoutLine: {'line': b'-- Installing: /home/rehmaan/sensor_fusion/install/custom_interfaces/lib/python3.12/site-packages/custom_interfaces/msg/_distance_sensors.py\n'}
[1.282275] (custom_interfaces) StdoutLine: {'line': b'-- Installing: /home/rehmaan/sensor_fusion/install/custom_interfaces/lib/python3.12/site-packages/custom_interfaces/msg/__init__.py\n'}
[1.282443] (custom_interfaces) StdoutLine: {'line': b'-- Installing: /home/rehmaan/sensor_fusion/install/custom_interfaces/lib/python3.12/site-packages/custom_interfaces/msg/_encoder_s.c\n'}
[1.282608] (custom_interfaces) StdoutLine: {'line': b'-- Installing: /home/rehmaan/sensor_fusion/install/custom_interfaces/lib/python3.12/site-packages/custom_interfaces/msg/_distance_sensors_s.c\n'}
[1.282905] (custom_interfaces) StdoutLine: {'line': b'-- Installing: /home/rehmaan/sensor_fusion/install/custom_interfaces/lib/python3.12/site-packages/custom_interfaces/msg/_encoder.py\n'}
[1.283095] (custom_interfaces) StdoutLine: {'line': b'-- Installing: /home/rehmaan/sensor_fusion/install/custom_interfaces/lib/python3.12/site-packages/custom_interfaces/msg/_motors_s.c\n'}
[1.283266] (custom_interfaces) StdoutLine: {'line': b'-- Installing: /home/rehmaan/sensor_fusion/install/custom_interfaces/lib/python3.12/site-packages/custom_interfaces/msg/_lidar.py\n'}
[1.283432] (custom_interfaces) StdoutLine: {'line': b'-- Installing: /home/rehmaan/sensor_fusion/install/custom_interfaces/lib/python3.12/site-packages/custom_interfaces/msg/_lidar_s.c\n'}
[1.305089] (-) TimerEvent: {}
[1.349010] (custom_interfaces) StdoutLine: {'line': b"Listing '/home/rehmaan/sensor_fusion/install/custom_interfaces/lib/python3.12/site-packages/custom_interfaces'...\n"}
[1.349508] (custom_interfaces) StdoutLine: {'line': b"Compiling '/home/rehmaan/sensor_fusion/install/custom_interfaces/lib/python3.12/site-packages/custom_interfaces/__init__.py'...\n"}
[1.349721] (custom_interfaces) StdoutLine: {'line': b"Listing '/home/rehmaan/sensor_fusion/install/custom_interfaces/lib/python3.12/site-packages/custom_interfaces/msg'...\n"}
[1.349906] (custom_interfaces) StdoutLine: {'line': b"Compiling '/home/rehmaan/sensor_fusion/install/custom_interfaces/lib/python3.12/site-packages/custom_interfaces/msg/__init__.py'...\n"}
[1.350092] (custom_interfaces) StdoutLine: {'line': b"Compiling '/home/rehmaan/sensor_fusion/install/custom_interfaces/lib/python3.12/site-packages/custom_interfaces/msg/_battery.py'...\n"}
[1.350289] (custom_interfaces) StdoutLine: {'line': b"Compiling '/home/rehmaan/sensor_fusion/install/custom_interfaces/lib/python3.12/site-packages/custom_interfaces/msg/_distance_sensors.py'...\n"}
[1.350483] (custom_interfaces) StdoutLine: {'line': b"Compiling '/home/rehmaan/sensor_fusion/install/custom_interfaces/lib/python3.12/site-packages/custom_interfaces/msg/_encoder.py'...\n"}
[1.350734] (custom_interfaces) StdoutLine: {'line': b"Compiling '/home/rehmaan/sensor_fusion/install/custom_interfaces/lib/python3.12/site-packages/custom_interfaces/msg/_environment.py'...\n"}
[1.350952] (custom_interfaces) StdoutLine: {'line': b"Compiling '/home/rehmaan/sensor_fusion/install/custom_interfaces/lib/python3.12/site-packages/custom_interfaces/msg/_imu.py'...\n"}
[1.351135] (custom_interfaces) StdoutLine: {'line': b"Compiling '/home/rehmaan/sensor_fusion/install/custom_interfaces/lib/python3.12/site-packages/custom_interfaces/msg/_lidar.py'...\n"}
[1.351325] (custom_interfaces) StdoutLine: {'line': b"Compiling '/home/rehmaan/sensor_fusion/install/custom_interfaces/lib/python3.12/site-packages/custom_interfaces/msg/_motors.py'...\n"}
[1.351515] (custom_interfaces) StdoutLine: {'line': b"Compiling '/home/rehmaan/sensor_fusion/install/custom_interfaces/lib/python3.12/site-packages/custom_interfaces/msg/_odometry.py'...\n"}
[1.361109] (custom_interfaces) StdoutLine: {'line': b'-- Installing: /home/rehmaan/sensor_fusion/install/custom_interfaces/lib/python3.12/site-packages/custom_interfaces/custom_interfaces_s__rosidl_typesupport_fastrtps_c.so\n'}
[1.362406] (custom_interfaces) StdoutLine: {'line': b'-- Set non-toolchain portion of runtime path of "/home/rehmaan/sensor_fusion/install/custom_interfaces/lib/python3.12/site-packages/custom_interfaces/custom_interfaces_s__rosidl_typesupport_fastrtps_c.so" to ""\n'}
[1.363000] (custom_interfaces) StdoutLine: {'line': b'-- Installing: /home/rehmaan/sensor_fusion/install/custom_interfaces/lib/python3.12/site-packages/custom_interfaces/custom_interfaces_s__rosidl_typesupport_introspection_c.so\n'}
[1.363691] (custom_interfaces) StdoutLine: {'line': b'-- Set non-toolchain portion of runtime path of "/home/rehmaan/sensor_fusion/install/custom_interfaces/lib/python3.12/site-packages/custom_interfaces/custom_interfaces_s__rosidl_typesupport_introspection_c.so" to ""\n'}
[1.364106] (custom_interfaces) StdoutLine: {'line': b'-- Installing: /home/rehmaan/sensor_fusion/install/custom_interfaces/lib/python3.12/site-packages/custom_interfaces/custom_interfaces_s__rosidl_typesupport_c.so\n'}
[1.364850] (custom_interfaces) StdoutLine: {'line': b'-- Set non-toolchain portion of runtime path of "/home/rehmaan/sensor_fusion/install/custom_interfaces/lib/python3.12/site-packages/custom_interfaces/custom_interfaces_s__rosidl_typesupport_c.so" to ""\n'}
[1.365106] (custom_interfaces) StdoutLine: {'line': b'-- Installing: /home/rehmaan/sensor_fusion/install/custom_interfaces/lib/libcustom_interfaces__rosidl_generator_py.so\n'}
[1.365472] (custom_interfaces) StdoutLine: {'line': b'-- Set non-toolchain portion of runtime path of "/home/rehmaan/sensor_fusion/install/custom_interfaces/lib/libcustom_interfaces__rosidl_generator_py.so" to ""\n'}
[1.366049] (custom_interfaces) StdoutLine: {'line': b'-- Installing: /home/rehmaan/sensor_fusion/install/custom_interfaces/share/custom_interfaces/msg/Battery.idl\n'}
[1.366234] (custom_interfaces) StdoutLine: {'line': b'-- Installing: /home/rehmaan/sensor_fusion/install/custom_interfaces/share/custom_interfaces/msg/DistanceSensors.idl\n'}
[1.366421] (custom_interfaces) StdoutLine: {'line': b'-- Installing: /home/rehmaan/sensor_fusion/install/custom_interfaces/share/custom_interfaces/msg/Encoder.idl\n'}
[1.366605] (custom_interfaces) StdoutLine: {'line': b'-- Installing: /home/rehmaan/sensor_fusion/install/custom_interfaces/share/custom_interfaces/msg/Environment.idl\n'}
[1.366838] (custom_interfaces) StdoutLine: {'line': b'-- Installing: /home/rehmaan/sensor_fusion/install/custom_interfaces/share/custom_interfaces/msg/IMU.idl\n'}
[1.367101] (custom_interfaces) StdoutLine: {'line': b'-- Installing: /home/rehmaan/sensor_fusion/install/custom_interfaces/share/custom_interfaces/msg/Lidar.idl\n'}
[1.367571] (custom_interfaces) StdoutLine: {'line': b'-- Installing: /home/rehmaan/sensor_fusion/install/custom_interfaces/share/custom_interfaces/msg/Motors.idl\n'}
[1.368153] (custom_interfaces) StdoutLine: {'line': b'-- Installing: /home/rehmaan/sensor_fusion/install/custom_interfaces/share/custom_interfaces/msg/Odometry.idl\n'}
[1.368535] (custom_interfaces) StdoutLine: {'line': b'-- Installing: /home/rehmaan/sensor_fusion/install/custom_interfaces/share/custom_interfaces/msg/Battery.msg\n'}
[1.369516] (custom_interfaces) StdoutLine: {'line': b'-- Installing: /home/rehmaan/sensor_fusion/install/custom_interfaces/share/custom_interfaces/msg/DistanceSensors.msg\n'}
[1.370101] (custom_interfaces) StdoutLine: {'line': b'-- Installing: /home/rehmaan/sensor_fusion/install/custom_interfaces/share/custom_interfaces/msg/Encoder.msg\n'}
[1.371069] (custom_interfaces) StdoutLine: {'line': b'-- Installing: /home/rehmaan/sensor_fusion/install/custom_interfaces/share/custom_interfaces/msg/Environment.msg\n'}
[1.371691] (custom_interfaces) StdoutLine: {'line': b'-- Installing: /home/rehmaan/sensor_fusion/install/custom_interfaces/share/custom_interfaces/msg/IMU.msg\n'}
[1.372322] (custom_interfaces) StdoutLine: {'line': b'-- Installing: /home/rehmaan/sensor_fusion/install/custom_interfaces/share/custom_interfaces/msg/Lidar.msg\n'}
[1.373367] (custom_interfaces) StdoutLine: {'line': b'-- Installing: /home/rehmaan/sensor_fusion/install/custom_interfaces/share/custom_interfaces/msg/Motors.msg\n'}
[1.374642] (custom_interfaces) StdoutLine: {'line': b'-- Installing: /home/rehmaan/sensor_fusion/install/custom_interfaces/share/custom_interfaces/msg/Odometry.msg\n'}
[1.376276] (custom_interfaces) StdoutLine: {'line': b'-- Installing: /home/rehmaan/sensor_fusion/install/custom_interfaces/share/ament_index/resource_index/package_run_dependencies/custom_interfaces\n'}
[1.377289] (custom_interfaces) StdoutLine: {'line': b'-- Installing: /home/rehmaan/sensor_fusion/install/custom_interfaces/share/ament_index/resource_index/parent_prefix_path/custom_interfaces\n'}
[1.377732] (custom_interfaces) StdoutLine: {'line': b'-- Installing: /home/rehmaan/sensor_fusion/install/custom_interfaces/share/custom_interfaces/environment/ament_prefix_path.sh\n'}
[1.378235] (custom_interfaces) StdoutLine: {'line': b'-- Installing: /home/rehmaan/sensor_fusion/install/custom_interfaces/share/custom_interfaces/environment/ament_prefix_path.dsv\n'}
[1.378630] (custom_interfaces) StdoutLine: {'line': b'-- Installing: /home/rehmaan/sensor_fusion/install/custom_interfaces/share/custom_interfaces/environment/path.sh\n'}
[1.379077] (custom_interfaces) StdoutLine: {'line': b'-- Installing: /home/rehmaan/sensor_fusion/install/custom_interfaces/share/custom_interfaces/environment/path.dsv\n'}
[1.379842] (custom_interfaces) StdoutLine: {'line': b'-- Installing: /home/rehmaan/sensor_fusion/install/custom_interfaces/share/custom_interfaces/local_setup.bash\n'}
[1.381156] (custom_interfaces) StdoutLine: {'line': b'-- Installing: /home/rehmaan/sensor_fusion/install/custom_interfaces/share/custom_interfaces/local_setup.sh\n'}
[1.381381] (custom_interfaces) StdoutLine: {'line': b'-- Installing: /home/rehmaan/sensor_fusion/install/custom_interfaces/share/custom_interfaces/local_setup.zsh\n'}
[1.381569] (custom_interfaces) StdoutLine: {'line': b'-- Installing: /home/rehmaan/sensor_fusion/install/custom_interfaces/share/custom_interfaces/local_setup.dsv\n'}
[1.382387] (custom_interfaces) StdoutLine: {'line': b'-- Installing: /home/rehmaan/sensor_fusion/install/custom_interfaces/share/custom_interfaces/package.dsv\n'}
[1.382898] (custom_interfaces) StdoutLine: {'line': b'-- Installing: /home/rehmaan/sensor_fusion/install/custom_interfaces/share/ament_index/resource_index/packages/custom_interfaces\n'}
[1.383711] (custom_interfaces) StdoutLine: {'line': b'-- Installing: /home/rehmaan/sensor_fusion/install/custom_interfaces/share/custom_interfaces/cmake/export_custom_interfaces__rosidl_generator_cExport.cmake\n'}
[1.383814] (custom_interfaces) StdoutLine: {'line': b'-- Installing: /home/rehmaan/sensor_fusion/install/custom_interfaces/share/custom_interfaces/cmake/export_custom_interfaces__rosidl_generator_cExport-noconfig.cmake\n'}
[1.383893] (custom_interfaces) StdoutLine: {'line': b'-- Installing: /home/rehmaan/sensor_fusion/install/custom_interfaces/share/custom_interfaces/cmake/export_custom_interfaces__rosidl_typesupport_fastrtps_cExport.cmake\n'}
[1.383972] (custom_interfaces) StdoutLine: {'line': b'-- Installing: /home/rehmaan/sensor_fusion/install/custom_interfaces/share/custom_interfaces/cmake/export_custom_interfaces__rosidl_typesupport_fastrtps_cExport-noconfig.cmake\n'}
[1.384050] (custom_interfaces) StdoutLine: {'line': b'-- Installing: /home/rehmaan/sensor_fusion/install/custom_interfaces/share/custom_interfaces/cmake/custom_interfaces__rosidl_typesupport_introspection_cExport.cmake\n'}
[1.384143] (custom_interfaces) StdoutLine: {'line': b'-- Installing: /home/rehmaan/sensor_fusion/install/custom_interfaces/share/custom_interfaces/cmake/custom_interfaces__rosidl_typesupport_introspection_cExport-noconfig.cmake\n'}
[1.384224] (custom_interfaces) StdoutLine: {'line': b'-- Installing: /home/rehmaan/sensor_fusion/install/custom_interfaces/share/custom_interfaces/cmake/custom_interfaces__rosidl_typesupport_cExport.cmake\n'}
[1.384298] (custom_interfaces) StdoutLine: {'line': b'-- Installing: /home/rehmaan/sensor_fusion/install/custom_interfaces/share/custom_interfaces/cmake/custom_interfaces__rosidl_typesupport_cExport-noconfig.cmake\n'}
[1.384372] (custom_interfaces) StdoutLine: {'line': b'-- Installing: /home/rehmaan/sensor_fusion/install/custom_interfaces/share/custom_interfaces/cmake/export_custom_interfaces__rosidl_generator_cppExport.cmake\n'}
[1.384448] (custom_interfaces) StdoutLine: {'line': b'-- Installing: /home/rehmaan/sensor_fusion/install/custom_interfaces/share/custom_interfaces/cmake/export_custom_interfaces__rosidl_typesupport_fastrtps_cppExport.cmake\n'}
[1.384524] (custom_interfaces) StdoutLine: {'line': b'-- Installing: /home/rehmaan/sensor_fusion/install/custom_interfaces/share/custom_interfaces/cmake/export_custom_interfaces__rosidl_typesupport_fastrtps_cppExport-noconfig.cmake\n'}
[1.384599] (custom_interfaces) StdoutLine: {'line': b'-- Installing: /home/rehmaan/sensor_fusion/install/custom_interfaces/share/custom_interfaces/cmake/custom_interfaces__rosidl_typesupport_introspection_cppExport.cmake\n'}
[1.384681] (custom_interfaces) StdoutLine: {'line': b'-- Installing: /home/rehmaan/sensor_fusion/install/custom_interfaces/share/custom_interfaces/cmake/custom_interfaces__rosidl_typesupport_introspection_cppExport-noconfig.cmake\n'}
[1.384756] (custom_interfaces) StdoutLine: {'line': b'-- Installing: /home/rehmaan/sensor_fusion/install/custom_interfaces/share/custom_interfaces/cmake/custom_interfaces__rosidl_typesupport_cppExport.cmake\n'}
[1.384831] (custom_interfaces) StdoutLine: {'line': b'-- Installing: /home/rehmaan/sensor_fusion/install/custom_interfaces/share/custom_interfaces/cmake/custom_interfaces__rosidl_typesupport_cppExport-noconfig.cmake\n'}
[1.384907] (custom_interfaces) StdoutLine: {'line': b'-- Installing: /home/rehmaan/sensor_fusion/install/custom_interfaces/share/custom_interfaces/cmake/export_custom_interfaces__rosidl_generator_pyExport.cmake\n'}
[1.385035] (custom_interfaces) StdoutLine: {'line': b'-- Installing: /home/rehmaan/sensor_fusion/install/custom_interfaces/share/custom_interfaces/cmake/export_custom_interfaces__rosidl_generator_pyExport-noconfig.cmake\n'}
[1.385127] (custom_interfaces) StdoutLine: {'line': b'-- Installing: /home/rehmaan/sensor_fusion/install/custom_interfaces/share/custom_interfaces/cmake/rosidl_cmake-extras.cmake\n'}
[1.385208] (custom_interfaces) StdoutLine: {'line': b'-- Installing: /home/rehmaan/sensor_fusion/install/custom_interfaces/share/custom_interfaces/cmake/ament_cmake_export_include_directories-extras.cmake\n'}
[1.385334] (custom_interfaces) StdoutLine: {'line': b'-- Installing: /home/rehmaan/sensor_fusion/install/custom_interfaces/share/custom_interfaces/cmake/ament_cmake_export_libraries-extras.cmake\n'}
[1.385444] (custom_interfaces) StdoutLine: {'line': b'-- Installing: /home/rehmaan/sensor_fusion/install/custom_interfaces/share/custom_interfaces/cmake/ament_cmake_export_targets-extras.cmake\n'}
[1.385529] (custom_interfaces) StdoutLine: {'line': b'-- Installing: /home/rehmaan/sensor_fusion/install/custom_interfaces/share/custom_interfaces/cmake/rosidl_cmake_export_typesupport_targets-extras.cmake\n'}
[1.385609] (custom_interfaces) StdoutLine: {'line': b'-- Installing: /home/rehmaan/sensor_fusion/install/custom_interfaces/share/custom_interfaces/cmake/ament_cmake_export_dependencies-extras.cmake\n'}
[1.385690] (custom_interfaces) StdoutLine: {'line': b'-- Installing: /home/rehmaan/sensor_fusion/install/custom_interfaces/share/custom_interfaces/cmake/rosidl_cmake_export_typesupport_libraries-extras.cmake\n'}
[1.385766] (custom_interfaces) StdoutLine: {'line': b'-- Installing: /home/rehmaan/sensor_fusion/install/custom_interfaces/share/custom_interfaces/cmake/custom_interfacesConfig.cmake\n'}
[1.385845] (custom_interfaces) StdoutLine: {'line': b'-- Installing: /home/rehmaan/sensor_fusion/install/custom_interfaces/share/custom_interfaces/cmake/custom_interfacesConfig-version.cmake\n'}
[1.385924] (custom_interfaces) StdoutLine: {'line': b'-- Installing: /home/rehmaan/sensor_fusion/install/custom_interfaces/share/custom_interfaces/package.xml\n'}
[1.388354] (custom_interfaces) CommandEnded: {'returncode': 0}
[1.405264] (-) TimerEvent: {}
[1.447153] (custom_interfaces) JobEnded: {'identifier': 'custom_interfaces', 'rc': 0}
[1.450456] (sensors_data) JobStarted: {'identifier': 'sensors_data'}
[1.506038] (-) TimerEvent: {}
[1.607334] (-) TimerEvent: {}
[1.708069] (-) TimerEvent: {}
[1.809064] (-) TimerEvent: {}
[1.909682] (-) TimerEvent: {}
[2.010254] (-) TimerEvent: {}
[2.078796] (sensors_data) JobProgress: {'identifier': 'sensors_data', 'progress': 'cmake'}
[2.080319] (sensors_data) Command: {'cmd': ['/usr/bin/cmake', '/home/rehmaan/sensor_fusion/src/sensors_data', '-DCMAKE_INSTALL_PREFIX=/home/rehmaan/sensor_fusion/install/sensors_data'], 'cwd': '/home/rehmaan/sensor_fusion/build/sensors_data', 'env': OrderedDict({'PYTHON_BASIC_REPL': '1', 'LESSOPEN': '| /usr/bin/lesspipe %s', 'USER': 'rehmaan', 'GIT_ASKPASS': '/home/rehmaan/.vscode-server/bin/07ff9d6178ede9a1bd12ad3399074d726ebe6e43/extensions/git/dist/askpass.sh', 'SHLVL': '2', 'LD_LIBRARY_PATH': '/home/rehmaan/sensor_fusion/install/custom_interfaces/lib:/home/rehmaan/ros2-projects/install/my_robot_interfaces/lib:/home/rehmaan/ros2/install/my_custom_interfaces/lib:/opt/ros/jazzy/opt/rviz_ogre_vendor/lib:/opt/ros/jazzy/lib/x86_64-linux-gnu:/opt/ros/jazzy/opt/gz_math_vendor/lib:/opt/ros/jazzy/opt/gz_utils_vendor/lib:/opt/ros/jazzy/opt/gz_cmake_vendor/lib:/opt/ros/jazzy/lib', 'HOME': '/home/rehmaan', 'TERM_PROGRAM_VERSION': '1.112.0', 'VSCODE_IPC_HOOK_CLI': '/run/user/1000/vscode-ipc-1ed08643-80ab-4d67-a243-c2ecda70e500.sock', 'ROS_PYTHON_VERSION': '3', 'VSCODE_GIT_ASKPASS_MAIN': '/home/rehmaan/.vscode-server/bin/07ff9d6178ede9a1bd12ad3399074d726ebe6e43/extensions/git/dist/askpass-main.js', 'VSCODE_GIT_ASKPASS_NODE': '/home/rehmaan/.vscode-server/bin/07ff9d6178ede9a1bd12ad3399074d726ebe6e43/node', 'PYDEVD_DISABLE_FILE_VALIDATION': '1', 'BUNDLED_DEBUGPY_PATH': '/home/rehmaan/.vscode-server/extensions/ms-python.debugpy-2025.18.0-linux-x64/bundled/libs/debugpy', 'VSCODE_PYTHON_AUTOACTIVATE_GUARD': '1', 'DBUS_SESSION_BUS_ADDRESS': 'unix:path=/run/user/1000/bus', 'COLORTERM': 'truecolor', 'WSL_DISTRO_NAME': 'Ubuntu-24.04', 'WAYLAND_DISPLAY': 'wayland-0', 'COLCON_PREFIX_PATH': '/home/rehmaan/ros2-projects/install:/home/rehmaan/ros2-projects/src/my_cpp_pkg/install:/home/rehmaan/ros2/install:/home/rehmaan/sensor_fusion/install', 'ROS_DISTRO': 'jazzy', 'LOGNAME': 'rehmaan', 'NAME': 'Code', 'WSL_INTEROP': '/run/WSL/78638_interop', 'PULSE_SERVER': 'unix:/mnt/wslg/PulseServer', '_': '/usr/bin/colcon', 'ROS_VERSION': '2', 'TERM': 'xterm-256color', 'PATH': '/home/rehmaan/.vscode-server/data/User/globalStorage/github.copilot-chat/debugCommand:/home/rehmaan/.vscode-server/data/User/globalStorage/github.copilot-chat/copilotCli:/home/rehmaan/.vscode-server/bin/07ff9d6178ede9a1bd12ad3399074d726ebe6e43/bin/remote-cli:/home/rehmaan/.local/bin:/home/rehmaan/ros2-projects/src/my_cpp_pkg/install/my_cpp_pkg/bin:/opt/ros/jazzy/bin:/usr/local/sbin:/usr/local/bin:/usr/sbin:/usr/bin:/sbin:/bin:/usr/games:/usr/local/games:/usr/lib/wsl/lib:/mnt/c/Program Files/WindowsApps/MicrosoftCorporationII.WindowsSubsystemForLinux_2.4.11.0_x64__8wekyb3d8bbwe:/mnt/c/Program Files/Python312/:/mnt/c/WINDOWS/system32:/mnt/c/WINDOWS:/mnt/c/WINDOWS/System32/Wbem:/mnt/c/WINDOWS/System32/WindowsPowerShell/v1.0/:/mnt/c/WINDOWS/System32/OpenSSH/:/mnt/c/Program Files/Microsoft SQL Server/150/Tools/Binn/:/mnt/c/Program Files/Microsoft SQL Server/Client SDK/ODBC/170/Tools/Binn/:/mnt/c/Program Files/dotnet/:/mnt/c/Program Files/Microsoft VS Code/bin:/mnt/c/Program Files (x86)/Microsoft SQL Server/160/Tools/Binn/:/mnt/c/Program Files/Microsoft SQL Server/160/Tools/Binn/:/mnt/c/Program Files/Microsoft SQL Server/160/DTS/Binn/:/mnt/c/Program Files (x86)/Microsoft SQL Server/160/DTS/Binn/:/mnt/c/Users/Imdadul.Rehmaan/AppData/Roaming/nvm:/mnt/c/nvm:/mnt/c/ProgramData/chocolatey/bin:/mnt/c/Program Files (x86)/Windows Kits/10/Windows Performance Toolkit/:/mnt/c/Program Files/TortoiseGit/bin:/mnt/c/Program Files/usbipd-win/:/mnt/c/Program Files/PuTTY/:/mnt/c/Program Files/nodejs/:/mnt/c/Program Files/GitHub CLI/:/mnt/c/Users/Imdadul.Rehmaan/scoop/apps/git/current/bin:/mnt/c/Users/Imdadul.Rehmaan/scoop/shims:/mnt/c/Users/Imdadul.Rehmaan/AppData/Local/Microsoft/WindowsApps:/mnt/c/Users/Imdadul.Rehmaan/.dotnet/tools:/mnt/c/Users/Imdadul.Rehmaan/AppData/Roaming/npm:/mnt/c/Users/Imdadul.Rehmaan/AppData/Local/Programs/Git/cmd:/mnt/c/Users/Imdadul.Rehmaan/AppData/Roaming/nvm:/mnt/c/nvm:/mnt/c/tools/flutter/bin:/mnt/c/Users/Imdadul.Rehmaan/AppData/Local/Pub/Cache/bin:/mnt/c/Android/cmdline-tools/latest/bin:/mnt/c/Android/platform-tools:/mnt/c/Users/Imdadul.Rehmaan/mingw64/bin:/snap/bin:/home/rehmaan/.vscode-server/extensions/ms-python.debugpy-2025.18.0-linux-x64/bundled/scripts/noConfigScripts', 'XDG_RUNTIME_DIR': '/run/user/1000/', 'DISPLAY': ':0', 'VSCODE_DEBUGPY_ADAPTER_ENDPOINTS': '/home/rehmaan/.vscode-server/extensions/ms-python.debugpy-2025.18.0-linux-x64/.noConfigDebugAdapterEndpoints/endpoint-5eef2bab757dd9f7.txt', 'LANG': 'en_US.UTF-8', 'PYTHONSTARTUP': '/home/rehmaan/.vscode-server/data/User/workspaceStorage/a037f39ae17c8ea6d52369655e287e6c-1/ms-python.python/pythonrc.py', 'LS_COLORS': 'rs=0:di=01;34:ln=01;36:mh=00:pi=40;33:so=01;35:do=01;35:bd=40;33;01:cd=40;33;01:or=40;31;01:mi=00:su=37;41:sg=30;43:ca=00:tw=30;42:ow=34;42:st=37;44:ex=01;32:*.tar=01;31:*.tgz=01;31:*.arc=01;31:*.arj=01;31:*.taz=01;31:*.lha=01;31:*.lz4=01;31:*.lzh=01;31:*.lzma=01;31:*.tlz=01;31:*.txz=01;31:*.tzo=01;31:*.t7z=01;31:*.zip=01;31:*.z=01;31:*.dz=01;31:*.gz=01;31:*.lrz=01;31:*.lz=01;31:*.lzo=01;31:*.xz=01;31:*.zst=01;31:*.tzst=01;31:*.bz2=01;31:*.bz=01;31:*.tbz=01;31:*.tbz2=01;31:*.tz=01;31:*.deb=01;31:*.rpm=01;31:*.jar=01;31:*.war=01;31:*.ear=01;31:*.sar=01;31:*.rar=01;31:*.alz=01;31:*.ace=01;31:*.zoo=01;31:*.cpio=01;31:*.7z=01;31:*.rz=01;31:*.cab=01;31:*.wim=01;31:*.swm=01;31:*.dwm=01;31:*.esd=01;31:*.avif=01;35:*.jpg=01;35:*.jpeg=01;35:*.mjpg=01;35:*.mjpeg=01;35:*.gif=01;35:*.bmp=01;35:*.pbm=01;35:*.pgm=01;35:*.ppm=01;35:*.tga=01;35:*.xbm=01;35:*.xpm=01;35:*.tif=01;35:*.tiff=01;35:*.png=01;35:*.svg=01;35:*.svgz=01;35:*.mng=01;35:*.pcx=01;35:*.mov=01;35:*.mpg=01;35:*.mpeg=01;35:*.m2v=01;35:*.mkv=01;35:*.webm=01;35:*.webp=01;35:*.ogm=01;35:*.mp4=01;35:*.m4v=01;35:*.mp4v=01;35:*.vob=01;35:*.qt=01;35:*.nuv=01;35:*.wmv=01;35:*.asf=01;35:*.rm=01;35:*.rmvb=01;35:*.flc=01;35:*.avi=01;35:*.fli=01;35:*.flv=01;35:*.gl=01;35:*.dl=01;35:*.xcf=01;35:*.xwd=01;35:*.yuv=01;35:*.cgm=01;35:*.emf=01;35:*.ogv=01;35:*.ogx=01;35:*.aac=00;36:*.au=00;36:*.flac=00;36:*.m4a=00;36:*.mid=00;36:*.midi=00;36:*.mka=00;36:*.mp3=00;36:*.mpc=00;36:*.ogg=00;36:*.ra=00;36:*.wav=00;36:*.oga=00;36:*.opus=00;36:*.spx=00;36:*.xspf=00;36:*~=00;90:*#=00;90:*.bak=00;90:*.crdownload=00;90:*.dpkg-dist=00;90:*.dpkg-new=00;90:*.dpkg-old=00;90:*.dpkg-tmp=00;90:*.old=00;90:*.orig=00;90:*.part=00;90:*.rej=00;90:*.rpmnew=00;90:*.rpmorig=00;90:*.rpmsave=00;90:*.swp=00;90:*.tmp=00;90:*.ucf-dist=00;90:*.ucf-new=00;90:*.ucf-old=00;90:', 'VSCODE_GIT_IPC_HANDLE': '/run/user/1000/vscode-git-4c7b1f9e02.sock', 'TERM_PROGRAM': 'vscode', 'AMENT_PREFIX_PATH': '/home/rehmaan/sensor_fusion/install/custom_interfaces:/home/rehmaan/sensor_fusion/install/sensor_fusion:/home/rehmaan/ros2-projects/install/my_robot_bringup:/home/rehmaan/ros2-projects/install/turtlesim_project:/home/rehmaan/ros2-projects/install/my_py_pkg:/home/rehmaan/ros2-projects/install/my_cpp_pkg:/home/rehmaan/ros2-projects/install/my_robot_interfaces:/home/rehmaan/ros2-projects/src/my_cpp_pkg/install/my_cpp_pkg:/home/rehmaan/ros2/install/launch_turtle_project:/home/rehmaan/ros2/install/py_pkg:/home/rehmaan/ros2/install/cpp_pkg:/home/rehmaan/ros2/install/my_custom_interfaces:/opt/ros/jazzy', 'SHELL': '/bin/bash', 'LESSCLOSE': '/usr/bin/lesspipe %s %s', 'ROS_AUTOMATIC_DISCOVERY_RANGE': 'SUBNET', 'VSCODE_GIT_ASKPASS_EXTRA_ARGS': '', 'PWD': '/home/rehmaan/sensor_fusion/build/sensors_data', 'XDG_DATA_DIRS': '/usr/local/share:/usr/share:/var/lib/snapd/desktop', 'PYTHONPATH': '/home/rehmaan/sensor_fusion/install/custom_interfaces/lib/python3.12/site-packages:/home/rehmaan/ros2-projects/install/turtlesim_project/lib/python3.12/site-packages:/home/rehmaan/ros2-projects/install/my_py_pkg/lib/python3.12/site-packages:/home/rehmaan/ros2-projects/install/my_robot_interfaces/lib/python3.12/site-packages:/home/rehmaan/ros2/install/py_pkg/lib/python3.12/site-packages:/home/rehmaan/ros2/install/my_custom_interfaces/lib/python3.12/site-packages:/opt/ros/jazzy/lib/python3.12/site-packages', 'COLCON': '1', 'WSL2_GUI_APPS_ENABLED': '1', 'HOSTTYPE': 'x86_64', 'CMAKE_PREFIX_PATH': '/home/rehmaan/sensor_fusion/install/custom_interfaces:/home/rehmaan/sensor_fusion/install/sensor_fusion:/home/rehmaan/ros2-projects/install/my_robot_bringup:/home/rehmaan/ros2-projects/install/my_cpp_pkg:/home/rehmaan/ros2-projects/install/my_robot_interfaces:/home/rehmaan/ros2-projects/src/my_cpp_pkg/install/my_cpp_pkg:/home/rehmaan/ros2/install/launch_turtle_project:/home/rehmaan/ros2/install/cpp_pkg:/home/rehmaan/ros2/install/my_custom_interfaces:/opt/ros/jazzy/opt/gz_math_vendor:/opt/ros/jazzy/opt/gz_utils_vendor:/opt/ros/jazzy/opt/gz_cmake_vendor:/home/rehmaan/ros2-projects/install/turtlesim_project:/home/rehmaan/ros2-projects/install/my_py_pkg:/home/rehmaan/ros2/install/py_pkg:/opt/ros/jazzy', 'WSLENV': 'ELECTRON_RUN_AS_NODE/w:'}), 'shell': False}
[2.104427] (sensors_data) StdoutLine: {'line': b'-- Found ament_cmake: 2.5.4 (/opt/ros/jazzy/share/ament_cmake/cmake)\n'}
[2.110522] (-) TimerEvent: {}
[2.211225] (-) TimerEvent: {}
[2.311865] (-) TimerEvent: {}
[2.412414] (-) TimerEvent: {}
[2.484310] (sensors_data) StdoutLine: {'line': b'-- Found rclcpp: 28.1.11 (/opt/ros/jazzy/share/rclcpp/cmake)\n'}
[2.512641] (-) TimerEvent: {}
[2.613451] (-) TimerEvent: {}
[2.714178] (-) TimerEvent: {}
[2.814883] (-) TimerEvent: {}
[2.915463] (-) TimerEvent: {}
[3.016308] (-) TimerEvent: {}
[3.077025] (sensors_data) StdoutLine: {'line': b'-- Found rosidl_generator_c: 4.6.6 (/opt/ros/jazzy/share/rosidl_generator_c/cmake)\n'}
[3.088588] (sensors_data) StdoutLine: {'line': b'-- Found rosidl_generator_cpp: 4.6.6 (/opt/ros/jazzy/share/rosidl_generator_cpp/cmake)\n'}
[3.103743] (sensors_data) StdoutLine: {'line': b'-- Using all available rosidl_typesupport_c: rosidl_typesupport_fastrtps_c;rosidl_typesupport_introspection_c\n'}
[3.116591] (-) TimerEvent: {}
[3.120151] (sensors_data) StdoutLine: {'line': b'-- Using all available rosidl_typesupport_cpp: rosidl_typesupport_fastrtps_cpp;rosidl_typesupport_introspection_cpp\n'}
[3.216974] (-) TimerEvent: {}
[3.217511] (sensors_data) StdoutLine: {'line': b'-- Found rmw_implementation_cmake: 7.3.2 (/opt/ros/jazzy/share/rmw_implementation_cmake/cmake)\n'}
[3.219247] (sensors_data) StdoutLine: {'line': b'-- Found rmw_fastrtps_cpp: 8.4.3 (/opt/ros/jazzy/share/rmw_fastrtps_cpp/cmake)\n'}
[3.317441] (-) TimerEvent: {}
[3.417863] (-) TimerEvent: {}
[3.518331] (-) TimerEvent: {}
[3.618810] (-) TimerEvent: {}
[3.719392] (-) TimerEvent: {}
[3.820032] (-) TimerEvent: {}
[3.920552] (-) TimerEvent: {}
[4.021158] (-) TimerEvent: {}
[4.029131] (sensors_data) StdoutLine: {'line': b"-- Using RMW implementation 'rmw_fastrtps_cpp' as default\n"}
[4.121391] (-) TimerEvent: {}
[4.221871] (-) TimerEvent: {}
[4.322499] (-) TimerEvent: {}
[4.422920] (-) TimerEvent: {}
[4.523423] (-) TimerEvent: {}
[4.566376] (sensors_data) StdoutLine: {'line': b'-- Found custom_interfaces: 0.0.0 (/home/rehmaan/sensor_fusion/install/custom_interfaces/share/custom_interfaces/cmake)\n'}
[4.580662] (sensors_data) StdoutLine: {'line': b'-- Found ament_lint_auto: 0.17.3 (/opt/ros/jazzy/share/ament_lint_auto/cmake)\n'}
[4.623742] (-) TimerEvent: {}
[4.723060] (sensors_data) StdoutLine: {'line': b"-- Added test 'cppcheck' to perform static code analysis on C / C++ code\n"}
[4.723422] (sensors_data) StdoutLine: {'line': b'-- Configured cppcheck include dirs: \n'}
[4.723562] (sensors_data) StdoutLine: {'line': b'-- Configured cppcheck exclude dirs and/or files: \n'}
[4.724004] (-) TimerEvent: {}
[4.724315] (sensors_data) StdoutLine: {'line': b"-- Added test 'lint_cmake' to check CMake code style\n"}
[4.726200] (sensors_data) StdoutLine: {'line': b"-- Added test 'uncrustify' to check C / C++ code style\n"}
[4.726574] (sensors_data) StdoutLine: {'line': b'-- Configured uncrustify additional arguments: \n'}
[4.727315] (sensors_data) StdoutLine: {'line': b"-- Added test 'xmllint' to check XML markup files\n"}
[4.730358] (sensors_data) StdoutLine: {'line': b'-- Configuring done (2.6s)\n'}
[4.737283] (sensors_data) StdoutLine: {'line': b'-- Generating done (0.0s)\n'}
[4.740304] (sensors_data) StdoutLine: {'line': b'-- Build files have been written to: /home/rehmaan/sensor_fusion/build/sensors_data\n'}
[4.751451] (sensors_data) CommandEnded: {'returncode': 0}
[4.753316] (sensors_data) JobProgress: {'identifier': 'sensors_data', 'progress': 'build'}
[4.754045] (sensors_data) Command: {'cmd': ['/usr/bin/cmake', '--build', '/home/rehmaan/sensor_fusion/build/sensors_data', '--', '-j12', '-l12'], 'cwd': '/home/rehmaan/sensor_fusion/build/sensors_data', 'env': OrderedDict({'PYTHON_BASIC_REPL': '1', 'LESSOPEN': '| /usr/bin/lesspipe %s', 'USER': 'rehmaan', 'GIT_ASKPASS': '/home/rehmaan/.vscode-server/bin/07ff9d6178ede9a1bd12ad3399074d726ebe6e43/extensions/git/dist/askpass.sh', 'SHLVL': '2', 'LD_LIBRARY_PATH': '/home/rehmaan/sensor_fusion/install/custom_interfaces/lib:/home/rehmaan/ros2-projects/install/my_robot_interfaces/lib:/home/rehmaan/ros2/install/my_custom_interfaces/lib:/opt/ros/jazzy/opt/rviz_ogre_vendor/lib:/opt/ros/jazzy/lib/x86_64-linux-gnu:/opt/ros/jazzy/opt/gz_math_vendor/lib:/opt/ros/jazzy/opt/gz_utils_vendor/lib:/opt/ros/jazzy/opt/gz_cmake_vendor/lib:/opt/ros/jazzy/lib', 'HOME': '/home/rehmaan', 'TERM_PROGRAM_VERSION': '1.112.0', 'VSCODE_IPC_HOOK_CLI': '/run/user/1000/vscode-ipc-1ed08643-80ab-4d67-a243-c2ecda70e500.sock', 'ROS_PYTHON_VERSION': '3', 'VSCODE_GIT_ASKPASS_MAIN': '/home/rehmaan/.vscode-server/bin/07ff9d6178ede9a1bd12ad3399074d726ebe6e43/extensions/git/dist/askpass-main.js', 'VSCODE_GIT_ASKPASS_NODE': '/home/rehmaan/.vscode-server/bin/07ff9d6178ede9a1bd12ad3399074d726ebe6e43/node', 'PYDEVD_DISABLE_FILE_VALIDATION': '1', 'BUNDLED_DEBUGPY_PATH': '/home/rehmaan/.vscode-server/extensions/ms-python.debugpy-2025.18.0-linux-x64/bundled/libs/debugpy', 'VSCODE_PYTHON_AUTOACTIVATE_GUARD': '1', 'DBUS_SESSION_BUS_ADDRESS': 'unix:path=/run/user/1000/bus', 'COLORTERM': 'truecolor', 'WSL_DISTRO_NAME': 'Ubuntu-24.04', 'WAYLAND_DISPLAY': 'wayland-0', 'COLCON_PREFIX_PATH': '/home/rehmaan/ros2-projects/install:/home/rehmaan/ros2-projects/src/my_cpp_pkg/install:/home/rehmaan/ros2/install:/home/rehmaan/sensor_fusion/install', 'ROS_DISTRO': 'jazzy', 'LOGNAME': 'rehmaan', 'NAME': 'Code', 'WSL_INTEROP': '/run/WSL/78638_interop', 'PULSE_SERVER': 'unix:/mnt/wslg/PulseServer', '_': '/usr/bin/colcon', 'ROS_VERSION': '2', 'TERM': 'xterm-256color', 'PATH': '/home/rehmaan/.vscode-server/data/User/globalStorage/github.copilot-chat/debugCommand:/home/rehmaan/.vscode-server/data/User/globalStorage/github.copilot-chat/copilotCli:/home/rehmaan/.vscode-server/bin/07ff9d6178ede9a1bd12ad3399074d726ebe6e43/bin/remote-cli:/home/rehmaan/.local/bin:/home/rehmaan/ros2-projects/src/my_cpp_pkg/install/my_cpp_pkg/bin:/opt/ros/jazzy/bin:/usr/local/sbin:/usr/local/bin:/usr/sbin:/usr/bin:/sbin:/bin:/usr/games:/usr/local/games:/usr/lib/wsl/lib:/mnt/c/Program Files/WindowsApps/MicrosoftCorporationII.WindowsSubsystemForLinux_2.4.11.0_x64__8wekyb3d8bbwe:/mnt/c/Program Files/Python312/:/mnt/c/WINDOWS/system32:/mnt/c/WINDOWS:/mnt/c/WINDOWS/System32/Wbem:/mnt/c/WINDOWS/System32/WindowsPowerShell/v1.0/:/mnt/c/WINDOWS/System32/OpenSSH/:/mnt/c/Program Files/Microsoft SQL Server/150/Tools/Binn/:/mnt/c/Program Files/Microsoft SQL Server/Client SDK/ODBC/170/Tools/Binn/:/mnt/c/Program Files/dotnet/:/mnt/c/Program Files/Microsoft VS Code/bin:/mnt/c/Program Files (x86)/Microsoft SQL Server/160/Tools/Binn/:/mnt/c/Program Files/Microsoft SQL Server/160/Tools/Binn/:/mnt/c/Program Files/Microsoft SQL Server/160/DTS/Binn/:/mnt/c/Program Files (x86)/Microsoft SQL Server/160/DTS/Binn/:/mnt/c/Users/Imdadul.Rehmaan/AppData/Roaming/nvm:/mnt/c/nvm:/mnt/c/ProgramData/chocolatey/bin:/mnt/c/Program Files (x86)/Windows Kits/10/Windows Performance Toolkit/:/mnt/c/Program Files/TortoiseGit/bin:/mnt/c/Program Files/usbipd-win/:/mnt/c/Program Files/PuTTY/:/mnt/c/Program Files/nodejs/:/mnt/c/Program Files/GitHub CLI/:/mnt/c/Users/Imdadul.Rehmaan/scoop/apps/git/current/bin:/mnt/c/Users/Imdadul.Rehmaan/scoop/shims:/mnt/c/Users/Imdadul.Rehmaan/AppData/Local/Microsoft/WindowsApps:/mnt/c/Users/Imdadul.Rehmaan/.dotnet/tools:/mnt/c/Users/Imdadul.Rehmaan/AppData/Roaming/npm:/mnt/c/Users/Imdadul.Rehmaan/AppData/Local/Programs/Git/cmd:/mnt/c/Users/Imdadul.Rehmaan/AppData/Roaming/nvm:/mnt/c/nvm:/mnt/c/tools/flutter/bin:/mnt/c/Users/Imdadul.Rehmaan/AppData/Local/Pub/Cache/bin:/mnt/c/Android/cmdline-tools/latest/bin:/mnt/c/Android/platform-tools:/mnt/c/Users/Imdadul.Rehmaan/mingw64/bin:/snap/bin:/home/rehmaan/.vscode-server/extensions/ms-python.debugpy-2025.18.0-linux-x64/bundled/scripts/noConfigScripts', 'XDG_RUNTIME_DIR': '/run/user/1000/', 'DISPLAY': ':0', 'VSCODE_DEBUGPY_ADAPTER_ENDPOINTS': '/home/rehmaan/.vscode-server/extensions/ms-python.debugpy-2025.18.0-linux-x64/.noConfigDebugAdapterEndpoints/endpoint-5eef2bab757dd9f7.txt', 'LANG': 'en_US.UTF-8', 'PYTHONSTARTUP': '/home/rehmaan/.vscode-server/data/User/workspaceStorage/a037f39ae17c8ea6d52369655e287e6c-1/ms-python.python/pythonrc.py', 'LS_COLORS': 'rs=0:di=01;34:ln=01;36:mh=00:pi=40;33:so=01;35:do=01;35:bd=40;33;01:cd=40;33;01:or=40;31;01:mi=00:su=37;41:sg=30;43:ca=00:tw=30;42:ow=34;42:st=37;44:ex=01;32:*.tar=01;31:*.tgz=01;31:*.arc=01;31:*.arj=01;31:*.taz=01;31:*.lha=01;31:*.lz4=01;31:*.lzh=01;31:*.lzma=01;31:*.tlz=01;31:*.txz=01;31:*.tzo=01;31:*.t7z=01;31:*.zip=01;31:*.z=01;31:*.dz=01;31:*.gz=01;31:*.lrz=01;31:*.lz=01;31:*.lzo=01;31:*.xz=01;31:*.zst=01;31:*.tzst=01;31:*.bz2=01;31:*.bz=01;31:*.tbz=01;31:*.tbz2=01;31:*.tz=01;31:*.deb=01;31:*.rpm=01;31:*.jar=01;31:*.war=01;31:*.ear=01;31:*.sar=01;31:*.rar=01;31:*.alz=01;31:*.ace=01;31:*.zoo=01;31:*.cpio=01;31:*.7z=01;31:*.rz=01;31:*.cab=01;31:*.wim=01;31:*.swm=01;31:*.dwm=01;31:*.esd=01;31:*.avif=01;35:*.jpg=01;35:*.jpeg=01;35:*.mjpg=01;35:*.mjpeg=01;35:*.gif=01;35:*.bmp=01;35:*.pbm=01;35:*.pgm=01;35:*.ppm=01;35:*.tga=01;35:*.xbm=01;35:*.xpm=01;35:*.tif=01;35:*.tiff=01;35:*.png=01;35:*.svg=01;35:*.svgz=01;35:*.mng=01;35:*.pcx=01;35:*.mov=01;35:*.mpg=01;35:*.mpeg=01;35:*.m2v=01;35:*.mkv=01;35:*.webm=01;35:*.webp=01;35:*.ogm=01;35:*.mp4=01;35:*.m4v=01;35:*.mp4v=01;35:*.vob=01;35:*.qt=01;35:*.nuv=01;35:*.wmv=01;35:*.asf=01;35:*.rm=01;35:*.rmvb=01;35:*.flc=01;35:*.avi=01;35:*.fli=01;35:*.flv=01;35:*.gl=01;35:*.dl=01;35:*.xcf=01;35:*.xwd=01;35:*.yuv=01;35:*.cgm=01;35:*.emf=01;35:*.ogv=01;35:*.ogx=01;35:*.aac=00;36:*.au=00;36:*.flac=00;36:*.m4a=00;36:*.mid=00;36:*.midi=00;36:*.mka=00;36:*.mp3=00;36:*.mpc=00;36:*.ogg=00;36:*.ra=00;36:*.wav=00;36:*.oga=00;36:*.opus=00;36:*.spx=00;36:*.xspf=00;36:*~=00;90:*#=00;90:*.bak=00;90:*.crdownload=00;90:*.dpkg-dist=00;90:*.dpkg-new=00;90:*.dpkg-old=00;90:*.dpkg-tmp=00;90:*.old=00;90:*.orig=00;90:*.part=00;90:*.rej=00;90:*.rpmnew=00;90:*.rpmorig=00;90:*.rpmsave=00;90:*.swp=00;90:*.tmp=00;90:*.ucf-dist=00;90:*.ucf-new=00;90:*.ucf-old=00;90:', 'VSCODE_GIT_IPC_HANDLE': '/run/user/1000/vscode-git-4c7b1f9e02.sock', 'TERM_PROGRAM': 'vscode', 'AMENT_PREFIX_PATH': '/home/rehmaan/sensor_fusion/install/custom_interfaces:/home/rehmaan/sensor_fusion/install/sensor_fusion:/home/rehmaan/ros2-projects/install/my_robot_bringup:/home/rehmaan/ros2-projects/install/turtlesim_project:/home/rehmaan/ros2-projects/install/my_py_pkg:/home/rehmaan/ros2-projects/install/my_cpp_pkg:/home/rehmaan/ros2-projects/install/my_robot_interfaces:/home/rehmaan/ros2-projects/src/my_cpp_pkg/install/my_cpp_pkg:/home/rehmaan/ros2/install/launch_turtle_project:/home/rehmaan/ros2/install/py_pkg:/home/rehmaan/ros2/install/cpp_pkg:/home/rehmaan/ros2/install/my_custom_interfaces:/opt/ros/jazzy', 'SHELL': '/bin/bash', 'LESSCLOSE': '/usr/bin/lesspipe %s %s', 'ROS_AUTOMATIC_DISCOVERY_RANGE': 'SUBNET', 'VSCODE_GIT_ASKPASS_EXTRA_ARGS': '', 'PWD': '/home/rehmaan/sensor_fusion/build/sensors_data', 'XDG_DATA_DIRS': '/usr/local/share:/usr/share:/var/lib/snapd/desktop', 'PYTHONPATH': '/home/rehmaan/sensor_fusion/install/custom_interfaces/lib/python3.12/site-packages:/home/rehmaan/ros2-projects/install/turtlesim_project/lib/python3.12/site-packages:/home/rehmaan/ros2-projects/install/my_py_pkg/lib/python3.12/site-packages:/home/rehmaan/ros2-projects/install/my_robot_interfaces/lib/python3.12/site-packages:/home/rehmaan/ros2/install/py_pkg/lib/python3.12/site-packages:/home/rehmaan/ros2/install/my_custom_interfaces/lib/python3.12/site-packages:/opt/ros/jazzy/lib/python3.12/site-packages', 'COLCON': '1', 'WSL2_GUI_APPS_ENABLED': '1', 'HOSTTYPE': 'x86_64', 'CMAKE_PREFIX_PATH': '/home/rehmaan/sensor_fusion/install/custom_interfaces:/home/rehmaan/sensor_fusion/install/sensor_fusion:/home/rehmaan/ros2-projects/install/my_robot_bringup:/home/rehmaan/ros2-projects/install/my_cpp_pkg:/home/rehmaan/ros2-projects/install/my_robot_interfaces:/home/rehmaan/ros2-projects/src/my_cpp_pkg/install/my_cpp_pkg:/home/rehmaan/ros2/install/launch_turtle_project:/home/rehmaan/ros2/install/cpp_pkg:/home/rehmaan/ros2/install/my_custom_interfaces:/opt/ros/jazzy/opt/gz_math_vendor:/opt/ros/jazzy/opt/gz_utils_vendor:/opt/ros/jazzy/opt/gz_cmake_vendor:/home/rehmaan/ros2-projects/install/turtlesim_project:/home/rehmaan/ros2-projects/install/my_py_pkg:/home/rehmaan/ros2/install/py_pkg:/opt/ros/jazzy', 'WSLENV': 'ELECTRON_RUN_AS_NODE/w:'}), 'shell': False}
[4.793422] (sensors_data) CommandEnded: {'returncode': 0}
[4.795143] (sensors_data) JobProgress: {'identifier': 'sensors_data', 'progress': 'install'}
[4.795286] (sensors_data) Command: {'cmd': ['/usr/bin/cmake', '--install', '/home/rehmaan/sensor_fusion/build/sensors_data'], 'cwd': '/home/rehmaan/sensor_fusion/build/sensors_data', 'env': OrderedDict({'PYTHON_BASIC_REPL': '1', 'LESSOPEN': '| /usr/bin/lesspipe %s', 'USER': 'rehmaan', 'GIT_ASKPASS': '/home/rehmaan/.vscode-server/bin/07ff9d6178ede9a1bd12ad3399074d726ebe6e43/extensions/git/dist/askpass.sh', 'SHLVL': '2', 'LD_LIBRARY_PATH': '/home/rehmaan/sensor_fusion/install/custom_interfaces/lib:/home/rehmaan/ros2-projects/install/my_robot_interfaces/lib:/home/rehmaan/ros2/install/my_custom_interfaces/lib:/opt/ros/jazzy/opt/rviz_ogre_vendor/lib:/opt/ros/jazzy/lib/x86_64-linux-gnu:/opt/ros/jazzy/opt/gz_math_vendor/lib:/opt/ros/jazzy/opt/gz_utils_vendor/lib:/opt/ros/jazzy/opt/gz_cmake_vendor/lib:/opt/ros/jazzy/lib', 'HOME': '/home/rehmaan', 'TERM_PROGRAM_VERSION': '1.112.0', 'VSCODE_IPC_HOOK_CLI': '/run/user/1000/vscode-ipc-1ed08643-80ab-4d67-a243-c2ecda70e500.sock', 'ROS_PYTHON_VERSION': '3', 'VSCODE_GIT_ASKPASS_MAIN': '/home/rehmaan/.vscode-server/bin/07ff9d6178ede9a1bd12ad3399074d726ebe6e43/extensions/git/dist/askpass-main.js', 'VSCODE_GIT_ASKPASS_NODE': '/home/rehmaan/.vscode-server/bin/07ff9d6178ede9a1bd12ad3399074d726ebe6e43/node', 'PYDEVD_DISABLE_FILE_VALIDATION': '1', 'BUNDLED_DEBUGPY_PATH': '/home/rehmaan/.vscode-server/extensions/ms-python.debugpy-2025.18.0-linux-x64/bundled/libs/debugpy', 'VSCODE_PYTHON_AUTOACTIVATE_GUARD': '1', 'DBUS_SESSION_BUS_ADDRESS': 'unix:path=/run/user/1000/bus', 'COLORTERM': 'truecolor', 'WSL_DISTRO_NAME': 'Ubuntu-24.04', 'WAYLAND_DISPLAY': 'wayland-0', 'COLCON_PREFIX_PATH': '/home/rehmaan/ros2-projects/install:/home/rehmaan/ros2-projects/src/my_cpp_pkg/install:/home/rehmaan/ros2/install:/home/rehmaan/sensor_fusion/install', 'ROS_DISTRO': 'jazzy', 'LOGNAME': 'rehmaan', 'NAME': 'Code', 'WSL_INTEROP': '/run/WSL/78638_interop', 'PULSE_SERVER': 'unix:/mnt/wslg/PulseServer', '_': '/usr/bin/colcon', 'ROS_VERSION': '2', 'TERM': 'xterm-256color', 'PATH': '/home/rehmaan/.vscode-server/data/User/globalStorage/github.copilot-chat/debugCommand:/home/rehmaan/.vscode-server/data/User/globalStorage/github.copilot-chat/copilotCli:/home/rehmaan/.vscode-server/bin/07ff9d6178ede9a1bd12ad3399074d726ebe6e43/bin/remote-cli:/home/rehmaan/.local/bin:/home/rehmaan/ros2-projects/src/my_cpp_pkg/install/my_cpp_pkg/bin:/opt/ros/jazzy/bin:/usr/local/sbin:/usr/local/bin:/usr/sbin:/usr/bin:/sbin:/bin:/usr/games:/usr/local/games:/usr/lib/wsl/lib:/mnt/c/Program Files/WindowsApps/MicrosoftCorporationII.WindowsSubsystemForLinux_2.4.11.0_x64__8wekyb3d8bbwe:/mnt/c/Program Files/Python312/:/mnt/c/WINDOWS/system32:/mnt/c/WINDOWS:/mnt/c/WINDOWS/System32/Wbem:/mnt/c/WINDOWS/System32/WindowsPowerShell/v1.0/:/mnt/c/WINDOWS/System32/OpenSSH/:/mnt/c/Program Files/Microsoft SQL Server/150/Tools/Binn/:/mnt/c/Program Files/Microsoft SQL Server/Client SDK/ODBC/170/Tools/Binn/:/mnt/c/Program Files/dotnet/:/mnt/c/Program Files/Microsoft VS Code/bin:/mnt/c/Program Files (x86)/Microsoft SQL Server/160/Tools/Binn/:/mnt/c/Program Files/Microsoft SQL Server/160/Tools/Binn/:/mnt/c/Program Files/Microsoft SQL Server/160/DTS/Binn/:/mnt/c/Program Files (x86)/Microsoft SQL Server/160/DTS/Binn/:/mnt/c/Users/Imdadul.Rehmaan/AppData/Roaming/nvm:/mnt/c/nvm:/mnt/c/ProgramData/chocolatey/bin:/mnt/c/Program Files (x86)/Windows Kits/10/Windows Performance Toolkit/:/mnt/c/Program Files/TortoiseGit/bin:/mnt/c/Program Files/usbipd-win/:/mnt/c/Program Files/PuTTY/:/mnt/c/Program Files/nodejs/:/mnt/c/Program Files/GitHub CLI/:/mnt/c/Users/Imdadul.Rehmaan/scoop/apps/git/current/bin:/mnt/c/Users/Imdadul.Rehmaan/scoop/shims:/mnt/c/Users/Imdadul.Rehmaan/AppData/Local/Microsoft/WindowsApps:/mnt/c/Users/Imdadul.Rehmaan/.dotnet/tools:/mnt/c/Users/Imdadul.Rehmaan/AppData/Roaming/npm:/mnt/c/Users/Imdadul.Rehmaan/AppData/Local/Programs/Git/cmd:/mnt/c/Users/Imdadul.Rehmaan/AppData/Roaming/nvm:/mnt/c/nvm:/mnt/c/tools/flutter/bin:/mnt/c/Users/Imdadul.Rehmaan/AppData/Local/Pub/Cache/bin:/mnt/c/Android/cmdline-tools/latest/bin:/mnt/c/Android/platform-tools:/mnt/c/Users/Imdadul.Rehmaan/mingw64/bin:/snap/bin:/home/rehmaan/.vscode-server/extensions/ms-python.debugpy-2025.18.0-linux-x64/bundled/scripts/noConfigScripts', 'XDG_RUNTIME_DIR': '/run/user/1000/', 'DISPLAY': ':0', 'VSCODE_DEBUGPY_ADAPTER_ENDPOINTS': '/home/rehmaan/.vscode-server/extensions/ms-python.debugpy-2025.18.0-linux-x64/.noConfigDebugAdapterEndpoints/endpoint-5eef2bab757dd9f7.txt', 'LANG': 'en_US.UTF-8', 'PYTHONSTARTUP': '/home/rehmaan/.vscode-server/data/User/workspaceStorage/a037f39ae17c8ea6d52369655e287e6c-1/ms-python.python/pythonrc.py', 'LS_COLORS': 'rs=0:di=01;34:ln=01;36:mh=00:pi=40;33:so=01;35:do=01;35:bd=40;33;01:cd=40;33;01:or=40;31;01:mi=00:su=37;41:sg=30;43:ca=00:tw=30;42:ow=34;42:st=37;44:ex=01;32:*.tar=01;31:*.tgz=01;31:*.arc=01;31:*.arj=01;31:*.taz=01;31:*.lha=01;31:*.lz4=01;31:*.lzh=01;31:*.lzma=01;31:*.tlz=01;31:*.txz=01;31:*.tzo=01;31:*.t7z=01;31:*.zip=01;31:*.z=01;31:*.dz=01;31:*.gz=01;31:*.lrz=01;31:*.lz=01;31:*.lzo=01;31:*.xz=01;31:*.zst=01;31:*.tzst=01;31:*.bz2=01;31:*.bz=01;31:*.tbz=01;31:*.tbz2=01;31:*.tz=01;31:*.deb=01;31:*.rpm=01;31:*.jar=01;31:*.war=01;31:*.ear=01;31:*.sar=01;31:*.rar=01;31:*.alz=01;31:*.ace=01;31:*.zoo=01;31:*.cpio=01;31:*.7z=01;31:*.rz=01;31:*.cab=01;31:*.wim=01;31:*.swm=01;31:*.dwm=01;31:*.esd=01;31:*.avif=01;35:*.jpg=01;35:*.jpeg=01;35:*.mjpg=01;35:*.mjpeg=01;35:*.gif=01;35:*.bmp=01;35:*.pbm=01;35:*.pgm=01;35:*.ppm=01;35:*.tga=01;35:*.xbm=01;35:*.xpm=01;35:*.tif=01;35:*.tiff=01;35:*.png=01;35:*.svg=01;35:*.svgz=01;35:*.mng=01;35:*.pcx=01;35:*.mov=01;35:*.mpg=01;35:*.mpeg=01;35:*.m2v=01;35:*.mkv=01;35:*.webm=01;35:*.webp=01;35:*.ogm=01;35:*.mp4=01;35:*.m4v=01;35:*.mp4v=01;35:*.vob=01;35:*.qt=01;35:*.nuv=01;35:*.wmv=01;35:*.asf=01;35:*.rm=01;35:*.rmvb=01;35:*.flc=01;35:*.avi=01;35:*.fli=01;35:*.flv=01;35:*.gl=01;35:*.dl=01;35:*.xcf=01;35:*.xwd=01;35:*.yuv=01;35:*.cgm=01;35:*.emf=01;35:*.ogv=01;35:*.ogx=01;35:*.aac=00;36:*.au=00;36:*.flac=00;36:*.m4a=00;36:*.mid=00;36:*.midi=00;36:*.mka=00;36:*.mp3=00;36:*.mpc=00;36:*.ogg=00;36:*.ra=00;36:*.wav=00;36:*.oga=00;36:*.opus=00;36:*.spx=00;36:*.xspf=00;36:*~=00;90:*#=00;90:*.bak=00;90:*.crdownload=00;90:*.dpkg-dist=00;90:*.dpkg-new=00;90:*.dpkg-old=00;90:*.dpkg-tmp=00;90:*.old=00;90:*.orig=00;90:*.part=00;90:*.rej=00;90:*.rpmnew=00;90:*.rpmorig=00;90:*.rpmsave=00;90:*.swp=00;90:*.tmp=00;90:*.ucf-dist=00;90:*.ucf-new=00;90:*.ucf-old=00;90:', 'VSCODE_GIT_IPC_HANDLE': '/run/user/1000/vscode-git-4c7b1f9e02.sock', 'TERM_PROGRAM': 'vscode', 'AMENT_PREFIX_PATH': '/home/rehmaan/sensor_fusion/install/custom_interfaces:/home/rehmaan/sensor_fusion/install/sensor_fusion:/home/rehmaan/ros2-projects/install/my_robot_bringup:/home/rehmaan/ros2-projects/install/turtlesim_project:/home/rehmaan/ros2-projects/install/my_py_pkg:/home/rehmaan/ros2-projects/install/my_cpp_pkg:/home/rehmaan/ros2-projects/install/my_robot_interfaces:/home/rehmaan/ros2-projects/src/my_cpp_pkg/install/my_cpp_pkg:/home/rehmaan/ros2/install/launch_turtle_project:/home/rehmaan/ros2/install/py_pkg:/home/rehmaan/ros2/install/cpp_pkg:/home/rehmaan/ros2/install/my_custom_interfaces:/opt/ros/jazzy', 'SHELL': '/bin/bash', 'LESSCLOSE': '/usr/bin/lesspipe %s %s', 'ROS_AUTOMATIC_DISCOVERY_RANGE': 'SUBNET', 'VSCODE_GIT_ASKPASS_EXTRA_ARGS': '', 'PWD': '/home/rehmaan/sensor_fusion/build/sensors_data', 'XDG_DATA_DIRS': '/usr/local/share:/usr/share:/var/lib/snapd/desktop', 'PYTHONPATH': '/home/rehmaan/sensor_fusion/install/custom_interfaces/lib/python3.12/site-packages:/home/rehmaan/ros2-projects/install/turtlesim_project/lib/python3.12/site-packages:/home/rehmaan/ros2-projects/install/my_py_pkg/lib/python3.12/site-packages:/home/rehmaan/ros2-projects/install/my_robot_interfaces/lib/python3.12/site-packages:/home/rehmaan/ros2/install/py_pkg/lib/python3.12/site-packages:/home/rehmaan/ros2/install/my_custom_interfaces/lib/python3.12/site-packages:/opt/ros/jazzy/lib/python3.12/site-packages', 'COLCON': '1', 'WSL2_GUI_APPS_ENABLED': '1', 'HOSTTYPE': 'x86_64', 'CMAKE_PREFIX_PATH': '/home/rehmaan/sensor_fusion/install/custom_interfaces:/home/rehmaan/sensor_fusion/install/sensor_fusion:/home/rehmaan/ros2-projects/install/my_robot_bringup:/home/rehmaan/ros2-projects/install/my_cpp_pkg:/home/rehmaan/ros2-projects/install/my_robot_interfaces:/home/rehmaan/ros2-projects/src/my_cpp_pkg/install/my_cpp_pkg:/home/rehmaan/ros2/install/launch_turtle_project:/home/rehmaan/ros2/install/cpp_pkg:/home/rehmaan/ros2/install/my_custom_interfaces:/opt/ros/jazzy/opt/gz_math_vendor:/opt/ros/jazzy/opt/gz_utils_vendor:/opt/ros/jazzy/opt/gz_cmake_vendor:/home/rehmaan/ros2-projects/install/turtlesim_project:/home/rehmaan/ros2-projects/install/my_py_pkg:/home/rehmaan/ros2/install/py_pkg:/opt/ros/jazzy', 'WSLENV': 'ELECTRON_RUN_AS_NODE/w:'}), 'shell': False}
[4.804216] (sensors_data) StdoutLine: {'line': b'-- Install configuration: ""\n'}
[4.804775] (sensors_data) StdoutLine: {'line': b'-- Installing: /home/rehmaan/sensor_fusion/install/sensors_data/share/ament_index/resource_index/package_run_dependencies/sensors_data\n'}
[4.805312] (sensors_data) StdoutLine: {'line': b'-- Installing: /home/rehmaan/sensor_fusion/install/sensors_data/share/ament_index/resource_index/parent_prefix_path/sensors_data\n'}
[4.805965] (sensors_data) StdoutLine: {'line': b'-- Installing: /home/rehmaan/sensor_fusion/install/sensors_data/share/sensors_data/environment/ament_prefix_path.sh\n'}
[4.806646] (sensors_data) StdoutLine: {'line': b'-- Installing: /home/rehmaan/sensor_fusion/install/sensors_data/share/sensors_data/environment/ament_prefix_path.dsv\n'}
[4.807023] (sensors_data) StdoutLine: {'line': b'-- Installing: /home/rehmaan/sensor_fusion/install/sensors_data/share/sensors_data/environment/path.sh\n'}
[4.807360] (sensors_data) StdoutLine: {'line': b'-- Installing: /home/rehmaan/sensor_fusion/install/sensors_data/share/sensors_data/environment/path.dsv\n'}
[4.807658] (sensors_data) StdoutLine: {'line': b'-- Installing: /home/rehmaan/sensor_fusion/install/sensors_data/share/sensors_data/local_setup.bash\n'}
[4.807756] (sensors_data) StdoutLine: {'line': b'-- Installing: /home/rehmaan/sensor_fusion/install/sensors_data/share/sensors_data/local_setup.sh\n'}
[4.807825] (sensors_data) StdoutLine: {'line': b'-- Installing: /home/rehmaan/sensor_fusion/install/sensors_data/share/sensors_data/local_setup.zsh\n'}
[4.807891] (sensors_data) StdoutLine: {'line': b'-- Installing: /home/rehmaan/sensor_fusion/install/sensors_data/share/sensors_data/local_setup.dsv\n'}
[4.807955] (sensors_data) StdoutLine: {'line': b'-- Installing: /home/rehmaan/sensor_fusion/install/sensors_data/share/sensors_data/package.dsv\n'}
[4.808250] (sensors_data) StdoutLine: {'line': b'-- Installing: /home/rehmaan/sensor_fusion/install/sensors_data/share/ament_index/resource_index/packages/sensors_data\n'}
[4.808748] (sensors_data) StdoutLine: {'line': b'-- Installing: /home/rehmaan/sensor_fusion/install/sensors_data/share/sensors_data/cmake/sensors_dataConfig.cmake\n'}
[4.809166] (sensors_data) StdoutLine: {'line': b'-- Installing: /home/rehmaan/sensor_fusion/install/sensors_data/share/sensors_data/cmake/sensors_dataConfig-version.cmake\n'}
[4.809723] (sensors_data) StdoutLine: {'line': b'-- Installing: /home/rehmaan/sensor_fusion/install/sensors_data/share/sensors_data/package.xml\n'}
[4.812167] (sensors_data) CommandEnded: {'returncode': 0}
[4.824248] (-) TimerEvent: {}
[4.828307] (sensors_data) JobEnded: {'identifier': 'sensors_data', 'rc': 0}
[4.829728] (-) EventReactorShutdown: {}
