[0.000000] (-) TimerEvent: {}
[0.001778] (custom_interfaces) JobQueued: {'identifier': 'custom_interfaces', 'dependencies': OrderedDict()}
[0.001904] (sensors_data) JobQueued: {'identifier': 'sensors_data', 'dependencies': OrderedDict({'custom_interfaces': '/home/rehmaan/sensor_fusion/install/custom_interfaces'})}
[0.001972] (custom_interfaces) JobStarted: {'identifier': 'custom_interfaces'}
[0.039681] (custom_interfaces) JobProgress: {'identifier': 'custom_interfaces', 'progress': 'cmake'}
[0.044974] (custom_interfaces) JobProgress: {'identifier': 'custom_interfaces', 'progress': 'build'}
[0.046921] (custom_interfaces) Command: {'cmd': ['/usr/bin/cmake', '--build', '/home/rehmaan/sensor_fusion/build/custom_interfaces', '--', '-j12', '-l12'], 'cwd': '/home/rehmaan/sensor_fusion/build/custom_interfaces', 'env': OrderedDict({'PYTHON_BASIC_REPL': '1', 'LESSOPEN': '| /usr/bin/lesspipe %s', 'USER': 'rehmaan', 'GIT_ASKPASS': '/home/rehmaan/.vscode-server/bin/07ff9d6178ede9a1bd12ad3399074d726ebe6e43/extensions/git/dist/askpass.sh', 'SHLVL': '2', 'LD_LIBRARY_PATH': '/home/rehmaan/sensor_fusion/install/custom_interfaces/lib:/home/rehmaan/ros2-projects/install/my_robot_interfaces/lib:/home/rehmaan/ros2/install/my_custom_interfaces/lib:/opt/ros/jazzy/opt/rviz_ogre_vendor/lib:/opt/ros/jazzy/lib/x86_64-linux-gnu:/opt/ros/jazzy/opt/gz_math_vendor/lib:/opt/ros/jazzy/opt/gz_utils_vendor/lib:/opt/ros/jazzy/opt/gz_cmake_vendor/lib:/opt/ros/jazzy/lib', 'MOTD_SHOWN': 'update-motd', 'HOME': '/home/rehmaan', 'TERM_PROGRAM_VERSION': '1.112.0', 'VSCODE_IPC_HOOK_CLI': '/run/user/1000/vscode-ipc-a49f383f-9d82-4a2f-b984-b9a73b3abcf2.sock', 'ROS_PYTHON_VERSION': '3', 'VSCODE_GIT_ASKPASS_MAIN': '/home/rehmaan/.vscode-server/bin/07ff9d6178ede9a1bd12ad3399074d726ebe6e43/extensions/git/dist/askpass-main.js', 'VSCODE_GIT_ASKPASS_NODE': '/home/rehmaan/.vscode-server/bin/07ff9d6178ede9a1bd12ad3399074d726ebe6e43/node', 'PYDEVD_DISABLE_FILE_VALIDATION': '1', 'BUNDLED_DEBUGPY_PATH': '/home/rehmaan/.vscode-server/extensions/ms-python.debugpy-2025.18.0-linux-x64/bundled/libs/debugpy', 'VSCODE_PYTHON_AUTOACTIVATE_GUARD': '1', 'DBUS_SESSION_BUS_ADDRESS': 'unix:path=/run/user/1000/bus', 'COLORTERM': 'truecolor', 'WSL_DISTRO_NAME': 'Ubuntu-24.04', 'WAYLAND_DISPLAY': 'wayland-0', 'COLCON_PREFIX_PATH': '/home/rehmaan/sensor_fusion/install:/home/rehmaan/ros2-projects/install:/home/rehmaan/ros2-projects/src/my_cpp_pkg/install:/home/rehmaan/ros2/install', 'ROS_DISTRO': 'jazzy', 'LOGNAME': 'rehmaan', 'NAME': 'Code', 'WSL_INTEROP': '/run/WSL/604_interop', 'PULSE_SERVER': 'unix:/mnt/wslg/PulseServer', '_': '/usr/bin/colcon', 'ROS_VERSION': '2', 'TERM': 'xterm-256color', 'PATH': '/home/rehmaan/.vscode-server/data/User/globalStorage/github.copilot-chat/debugCommand:/home/rehmaan/.vscode-server/data/User/globalStorage/github.copilot-chat/copilotCli:/home/rehmaan/.vscode-server/bin/07ff9d6178ede9a1bd12ad3399074d726ebe6e43/bin/remote-cli:/home/rehmaan/.local/bin:/home/rehmaan/ros2-projects/src/my_cpp_pkg/install/my_cpp_pkg/bin:/opt/ros/jazzy/bin:/usr/local/sbin:/usr/local/bin:/usr/sbin:/usr/bin:/sbin:/bin:/usr/games:/usr/local/games:/usr/lib/wsl/lib:/mnt/c/Program Files/WindowsApps/MicrosoftCorporationII.WindowsSubsystemForLinux_2.4.11.0_x64__8wekyb3d8bbwe:/mnt/c/Program Files/Python312/:/mnt/c/WINDOWS/system32:/mnt/c/WINDOWS:/mnt/c/WINDOWS/System32/Wbem:/mnt/c/WINDOWS/System32/WindowsPowerShell/v1.0/:/mnt/c/WINDOWS/System32/OpenSSH/:/mnt/c/Program Files/Microsoft SQL Server/150/Tools/Binn/:/mnt/c/Program Files/Microsoft SQL Server/Client SDK/ODBC/170/Tools/Binn/:/mnt/c/Program Files/dotnet/:/mnt/c/Program Files/Microsoft VS Code/bin:/mnt/c/Program Files (x86)/Microsoft SQL Server/160/Tools/Binn/:/mnt/c/Program Files/Microsoft SQL Server/160/Tools/Binn/:/mnt/c/Program Files/Microsoft SQL Server/160/DTS/Binn/:/mnt/c/Program Files (x86)/Microsoft SQL Server/160/DTS/Binn/:/mnt/c/Users/Imdadul.Rehmaan/AppData/Roaming/nvm:/mnt/c/nvm:/mnt/c/ProgramData/chocolatey/bin:/mnt/c/Program Files (x86)/Windows Kits/10/Windows Performance Toolkit/:/mnt/c/Program Files/TortoiseGit/bin:/mnt/c/Program Files/usbipd-win/:/mnt/c/Program Files/PuTTY/:/mnt/c/Program Files/nodejs/:/mnt/c/Program Files/GitHub CLI/:/mnt/c/Users/Imdadul.Rehmaan/scoop/apps/git/current/bin:/mnt/c/Users/Imdadul.Rehmaan/scoop/shims:/mnt/c/Users/Imdadul.Rehmaan/AppData/Local/Microsoft/WindowsApps:/mnt/c/Users/Imdadul.Rehmaan/.dotnet/tools:/mnt/c/Users/Imdadul.Rehmaan/AppData/Roaming/npm:/mnt/c/Users/Imdadul.Rehmaan/AppData/Local/Programs/Git/cmd:/mnt/c/Users/Imdadul.Rehmaan/AppData/Roaming/nvm:/mnt/c/nvm:/mnt/c/tools/flutter/bin:/mnt/c/Users/Imdadul.Rehmaan/AppData/Local/Pub/Cache/bin:/mnt/c/Android/cmdline-tools/latest/bin:/mnt/c/Android/platform-tools:/mnt/c/Users/Imdadul.Rehmaan/mingw64/bin:/snap/bin:/home/rehmaan/.vscode-server/extensions/ms-python.debugpy-2025.18.0-linux-x64/bundled/scripts/noConfigScripts', 'XDG_RUNTIME_DIR': '/run/user/1000/', 'DISPLAY': ':0', 'VSCODE_DEBUGPY_ADAPTER_ENDPOINTS': '/home/rehmaan/.vscode-server/extensions/ms-python.debugpy-2025.18.0-linux-x64/.noConfigDebugAdapterEndpoints/endpoint-5eef2bab757dd9f7.txt', 'LANG': 'en_US.UTF-8', 'PYTHONSTARTUP': '/home/rehmaan/.vscode-server/data/User/workspaceStorage/a037f39ae17c8ea6d52369655e287e6c/ms-python.python/pythonrc.py', 'LS_COLORS': 'rs=0:di=01;34:ln=01;36:mh=00:pi=40;33:so=01;35:do=01;35:bd=40;33;01:cd=40;33;01:or=40;31;01:mi=00:su=37;41:sg=30;43:ca=00:tw=30;42:ow=34;42:st=37;44:ex=01;32:*.tar=01;31:*.tgz=01;31:*.arc=01;31:*.arj=01;31:*.taz=01;31:*.lha=01;31:*.lz4=01;31:*.lzh=01;31:*.lzma=01;31:*.tlz=01;31:*.txz=01;31:*.tzo=01;31:*.t7z=01;31:*.zip=01;31:*.z=01;31:*.dz=01;31:*.gz=01;31:*.lrz=01;31:*.lz=01;31:*.lzo=01;31:*.xz=01;31:*.zst=01;31:*.tzst=01;31:*.bz2=01;31:*.bz=01;31:*.tbz=01;31:*.tbz2=01;31:*.tz=01;31:*.deb=01;31:*.rpm=01;31:*.jar=01;31:*.war=01;31:*.ear=01;31:*.sar=01;31:*.rar=01;31:*.alz=01;31:*.ace=01;31:*.zoo=01;31:*.cpio=01;31:*.7z=01;31:*.rz=01;31:*.cab=01;31:*.wim=01;31:*.swm=01;31:*.dwm=01;31:*.esd=01;31:*.avif=01;35:*.jpg=01;35:*.jpeg=01;35:*.mjpg=01;35:*.mjpeg=01;35:*.gif=01;35:*.bmp=01;35:*.pbm=01;35:*.pgm=01;35:*.ppm=01;35:*.tga=01;35:*.xbm=01;35:*.xpm=01;35:*.tif=01;35:*.tiff=01;35:*.png=01;35:*.svg=01;35:*.svgz=01;35:*.mng=01;35:*.pcx=01;35:*.mov=01;35:*.mpg=01;35:*.mpeg=01;35:*.m2v=01;35:*.mkv=01;35:*.webm=01;35:*.webp=01;35:*.ogm=01;35:*.mp4=01;35:*.m4v=01;35:*.mp4v=01;35:*.vob=01;35:*.qt=01;35:*.nuv=01;35:*.wmv=01;35:*.asf=01;35:*.rm=01;35:*.rmvb=01;35:*.flc=01;35:*.avi=01;35:*.fli=01;35:*.flv=01;35:*.gl=01;35:*.dl=01;35:*.xcf=01;35:*.xwd=01;35:*.yuv=01;35:*.cgm=01;35:*.emf=01;35:*.ogv=01;35:*.ogx=01;35:*.aac=00;36:*.au=00;36:*.flac=00;36:*.m4a=00;36:*.mid=00;36:*.midi=00;36:*.mka=00;36:*.mp3=00;36:*.mpc=00;36:*.ogg=00;36:*.ra=00;36:*.wav=00;36:*.oga=00;36:*.opus=00;36:*.spx=00;36:*.xspf=00;36:*~=00;90:*#=00;90:*.bak=00;90:*.crdownload=00;90:*.dpkg-dist=00;90:*.dpkg-new=00;90:*.dpkg-old=00;90:*.dpkg-tmp=00;90:*.old=00;90:*.orig=00;90:*.part=00;90:*.rej=00;90:*.rpmnew=00;90:*.rpmorig=00;90:*.rpmsave=00;90:*.swp=00;90:*.tmp=00;90:*.ucf-dist=00;90:*.ucf-new=00;90:*.ucf-old=00;90:', 'VSCODE_GIT_IPC_HANDLE': '/run/user/1000/vscode-git-4c7b1f9e02.sock', 'TERM_PROGRAM': 'vscode', 'AMENT_PREFIX_PATH': '/home/rehmaan/sensor_fusion/install/sensors_data:/home/rehmaan/sensor_fusion/install/custom_interfaces:/home/rehmaan/ros2-projects/install/my_robot_bringup:/home/rehmaan/ros2-projects/install/turtlesim_project:/home/rehmaan/ros2-projects/install/my_py_pkg:/home/rehmaan/ros2-projects/install/my_cpp_pkg:/home/rehmaan/ros2-projects/install/my_robot_interfaces:/home/rehmaan/ros2-projects/src/my_cpp_pkg/install/my_cpp_pkg:/home/rehmaan/ros2/install/launch_turtle_project:/home/rehmaan/ros2/install/py_pkg:/home/rehmaan/ros2/install/cpp_pkg:/home/rehmaan/ros2/install/my_custom_interfaces:/opt/ros/jazzy', 'SHELL': '/bin/bash', 'LESSCLOSE': '/usr/bin/lesspipe %s %s', 'ROS_AUTOMATIC_DISCOVERY_RANGE': 'SUBNET', 'VSCODE_GIT_ASKPASS_EXTRA_ARGS': '', 'PWD': '/home/rehmaan/sensor_fusion/build/custom_interfaces', 'XDG_DATA_DIRS': '/usr/local/share:/usr/share:/var/lib/snapd/desktop', 'PYTHONPATH': '/home/rehmaan/sensor_fusion/install/custom_interfaces/lib/python3.12/site-packages:/home/rehmaan/ros2-projects/install/turtlesim_project/lib/python3.12/site-packages:/home/rehmaan/ros2-projects/install/my_py_pkg/lib/python3.12/site-packages:/home/rehmaan/ros2-projects/install/my_robot_interfaces/lib/python3.12/site-packages:/home/rehmaan/ros2/install/py_pkg/lib/python3.12/site-packages:/home/rehmaan/ros2/install/my_custom_interfaces/lib/python3.12/site-packages:/opt/ros/jazzy/lib/python3.12/site-packages', 'COLCON': '1', 'WSL2_GUI_APPS_ENABLED': '1', 'HOSTTYPE': 'x86_64', 'CMAKE_PREFIX_PATH': '/home/rehmaan/sensor_fusion/install/sensors_data:/home/rehmaan/sensor_fusion/install/custom_interfaces:/home/rehmaan/ros2-projects/install/my_robot_bringup:/home/rehmaan/ros2-projects/install/my_cpp_pkg:/home/rehmaan/ros2-projects/install/my_robot_interfaces:/home/rehmaan/ros2-projects/src/my_cpp_pkg/install/my_cpp_pkg:/home/rehmaan/ros2/install/launch_turtle_project:/home/rehmaan/ros2/install/cpp_pkg:/home/rehmaan/ros2/install/my_custom_interfaces:/opt/ros/jazzy/opt/gz_math_vendor:/opt/ros/jazzy/opt/gz_utils_vendor:/opt/ros/jazzy/opt/gz_cmake_vendor:/home/rehmaan/ros2-projects/install/turtlesim_project:/home/rehmaan/ros2-projects/install/my_py_pkg:/home/rehmaan/ros2/install/py_pkg:/opt/ros/jazzy', 'WSLENV': 'ELECTRON_RUN_AS_NODE/w:'}), 'shell': False}
[0.095862] (-) TimerEvent: {}
[0.193197] (custom_interfaces) StdoutLine: {'line': b'[  1%] Built target custom_interfaces__rosidl_generator_type_description\n'}
[0.196044] (-) TimerEvent: {}
[0.244411] (custom_interfaces) StdoutLine: {'line': b'[  1%] Built target ament_cmake_python_copy_custom_interfaces\n'}
[0.267444] (custom_interfaces) StdoutLine: {'line': b'[  1%] Built target custom_interfaces__cpp\n'}
[0.292759] (custom_interfaces) StdoutLine: {'line': b'[ 26%] Built target custom_interfaces__rosidl_generator_c\n'}
[0.296356] (-) TimerEvent: {}
[0.393699] (custom_interfaces) StdoutLine: {'line': b'[ 35%] Built target custom_interfaces__rosidl_typesupport_cpp\n'}
[0.396774] (-) TimerEvent: {}
[0.439155] (custom_interfaces) StdoutLine: {'line': b'[ 45%] Built target custom_interfaces__rosidl_typesupport_fastrtps_c\n'}
[0.451460] (custom_interfaces) StdoutLine: {'line': b'[ 55%] Built target custom_interfaces__rosidl_typesupport_fastrtps_cpp\n'}
[0.460215] (custom_interfaces) StdoutLine: {'line': b'[ 65%] Built target custom_interfaces__rosidl_typesupport_introspection_cpp\n'}
[0.479949] (custom_interfaces) StdoutLine: {'line': b'[ 75%] Built target custom_interfaces__rosidl_typesupport_c\n'}
[0.497049] (-) TimerEvent: {}
[0.503163] (custom_interfaces) StdoutLine: {'line': b'[ 84%] Built target custom_interfaces__rosidl_typesupport_introspection_c\n'}
[0.578199] (custom_interfaces) StdoutLine: {'line': b'[ 84%] Built target custom_interfaces\n'}
[0.597322] (-) TimerEvent: {}
[0.654399] (custom_interfaces) StdoutLine: {'line': b'[ 85%] Built target custom_interfaces__py\n'}
[0.697616] (-) TimerEvent: {}
[0.760693] (custom_interfaces) StdoutLine: {'line': b'[ 94%] Built target custom_interfaces__rosidl_generator_py\n'}
[0.797941] (-) TimerEvent: {}
[0.874535] (custom_interfaces) StdoutLine: {'line': b'[ 97%] Built target custom_interfaces_s__rosidl_typesupport_introspection_c\n'}
[0.876313] (custom_interfaces) StdoutLine: {'line': b'[ 98%] Built target custom_interfaces_s__rosidl_typesupport_fastrtps_c\n'}
[0.881700] (custom_interfaces) StdoutLine: {'line': b'[100%] Built target custom_interfaces_s__rosidl_typesupport_c\n'}
[0.898179] (-) TimerEvent: {}
[0.999154] (-) TimerEvent: {}
[1.100118] (-) TimerEvent: {}
[1.201229] (-) TimerEvent: {}
[1.301994] (-) TimerEvent: {}
[1.402571] (-) TimerEvent: {}
[1.503266] (-) TimerEvent: {}
[1.560717] (custom_interfaces) StdoutLine: {'line': b'running egg_info\n'}
[1.603690] (-) TimerEvent: {}
[1.644883] (custom_interfaces) StdoutLine: {'line': b'writing custom_interfaces.egg-info/PKG-INFO\n'}
[1.645735] (custom_interfaces) StdoutLine: {'line': b'writing dependency_links to custom_interfaces.egg-info/dependency_links.txt\n'}
[1.646884] (custom_interfaces) StdoutLine: {'line': b'writing top-level names to custom_interfaces.egg-info/top_level.txt\n'}
[1.703891] (-) TimerEvent: {}
[1.805258] (-) TimerEvent: {}
[1.858261] (custom_interfaces) StdoutLine: {'line': b"reading manifest file 'custom_interfaces.egg-info/SOURCES.txt'\n"}
[1.860220] (custom_interfaces) StdoutLine: {'line': b"writing manifest file 'custom_interfaces.egg-info/SOURCES.txt'\n"}
[1.905891] (-) TimerEvent: {}
[1.979806] (custom_interfaces) StdoutLine: {'line': b'[100%] Built target ament_cmake_python_build_custom_interfaces_egg\n'}
[2.006234] (-) TimerEvent: {}
[2.010043] (custom_interfaces) CommandEnded: {'returncode': 0}
[2.012526] (custom_interfaces) JobProgress: {'identifier': 'custom_interfaces', 'progress': 'install'}
[2.030868] (custom_interfaces) Command: {'cmd': ['/usr/bin/cmake', '--install', '/home/rehmaan/sensor_fusion/build/custom_interfaces'], 'cwd': '/home/rehmaan/sensor_fusion/build/custom_interfaces', 'env': OrderedDict({'PYTHON_BASIC_REPL': '1', 'LESSOPEN': '| /usr/bin/lesspipe %s', 'USER': 'rehmaan', 'GIT_ASKPASS': '/home/rehmaan/.vscode-server/bin/07ff9d6178ede9a1bd12ad3399074d726ebe6e43/extensions/git/dist/askpass.sh', 'SHLVL': '2', 'LD_LIBRARY_PATH': '/home/rehmaan/sensor_fusion/install/custom_interfaces/lib:/home/rehmaan/ros2-projects/install/my_robot_interfaces/lib:/home/rehmaan/ros2/install/my_custom_interfaces/lib:/opt/ros/jazzy/opt/rviz_ogre_vendor/lib:/opt/ros/jazzy/lib/x86_64-linux-gnu:/opt/ros/jazzy/opt/gz_math_vendor/lib:/opt/ros/jazzy/opt/gz_utils_vendor/lib:/opt/ros/jazzy/opt/gz_cmake_vendor/lib:/opt/ros/jazzy/lib', 'MOTD_SHOWN': 'update-motd', 'HOME': '/home/rehmaan', 'TERM_PROGRAM_VERSION': '1.112.0', 'VSCODE_IPC_HOOK_CLI': '/run/user/1000/vscode-ipc-a49f383f-9d82-4a2f-b984-b9a73b3abcf2.sock', 'ROS_PYTHON_VERSION': '3', 'VSCODE_GIT_ASKPASS_MAIN': '/home/rehmaan/.vscode-server/bin/07ff9d6178ede9a1bd12ad3399074d726ebe6e43/extensions/git/dist/askpass-main.js', 'VSCODE_GIT_ASKPASS_NODE': '/home/rehmaan/.vscode-server/bin/07ff9d6178ede9a1bd12ad3399074d726ebe6e43/node', 'PYDEVD_DISABLE_FILE_VALIDATION': '1', 'BUNDLED_DEBUGPY_PATH': '/home/rehmaan/.vscode-server/extensions/ms-python.debugpy-2025.18.0-linux-x64/bundled/libs/debugpy', 'VSCODE_PYTHON_AUTOACTIVATE_GUARD': '1', 'DBUS_SESSION_BUS_ADDRESS': 'unix:path=/run/user/1000/bus', 'COLORTERM': 'truecolor', 'WSL_DISTRO_NAME': 'Ubuntu-24.04', 'WAYLAND_DISPLAY': 'wayland-0', 'COLCON_PREFIX_PATH': '/home/rehmaan/sensor_fusion/install:/home/rehmaan/ros2-projects/install:/home/rehmaan/ros2-projects/src/my_cpp_pkg/install:/home/rehmaan/ros2/install', 'ROS_DISTRO': 'jazzy', 'LOGNAME': 'rehmaan', 'NAME': 'Code', 'WSL_INTEROP': '/run/WSL/604_interop', 'PULSE_SERVER': 'unix:/mnt/wslg/PulseServer', '_': '/usr/bin/colcon', 'ROS_VERSION': '2', 'TERM': 'xterm-256color', 'PATH': '/home/rehmaan/.vscode-server/data/User/globalStorage/github.copilot-chat/debugCommand:/home/rehmaan/.vscode-server/data/User/globalStorage/github.copilot-chat/copilotCli:/home/rehmaan/.vscode-server/bin/07ff9d6178ede9a1bd12ad3399074d726ebe6e43/bin/remote-cli:/home/rehmaan/.local/bin:/home/rehmaan/ros2-projects/src/my_cpp_pkg/install/my_cpp_pkg/bin:/opt/ros/jazzy/bin:/usr/local/sbin:/usr/local/bin:/usr/sbin:/usr/bin:/sbin:/bin:/usr/games:/usr/local/games:/usr/lib/wsl/lib:/mnt/c/Program Files/WindowsApps/MicrosoftCorporationII.WindowsSubsystemForLinux_2.4.11.0_x64__8wekyb3d8bbwe:/mnt/c/Program Files/Python312/:/mnt/c/WINDOWS/system32:/mnt/c/WINDOWS:/mnt/c/WINDOWS/System32/Wbem:/mnt/c/WINDOWS/System32/WindowsPowerShell/v1.0/:/mnt/c/WINDOWS/System32/OpenSSH/:/mnt/c/Program Files/Microsoft SQL Server/150/Tools/Binn/:/mnt/c/Program Files/Microsoft SQL Server/Client SDK/ODBC/170/Tools/Binn/:/mnt/c/Program Files/dotnet/:/mnt/c/Program Files/Microsoft VS Code/bin:/mnt/c/Program Files (x86)/Microsoft SQL Server/160/Tools/Binn/:/mnt/c/Program Files/Microsoft SQL Server/160/Tools/Binn/:/mnt/c/Program Files/Microsoft SQL Server/160/DTS/Binn/:/mnt/c/Program Files (x86)/Microsoft SQL Server/160/DTS/Binn/:/mnt/c/Users/Imdadul.Rehmaan/AppData/Roaming/nvm:/mnt/c/nvm:/mnt/c/ProgramData/chocolatey/bin:/mnt/c/Program Files (x86)/Windows Kits/10/Windows Performance Toolkit/:/mnt/c/Program Files/TortoiseGit/bin:/mnt/c/Program Files/usbipd-win/:/mnt/c/Program Files/PuTTY/:/mnt/c/Program Files/nodejs/:/mnt/c/Program Files/GitHub CLI/:/mnt/c/Users/Imdadul.Rehmaan/scoop/apps/git/current/bin:/mnt/c/Users/Imdadul.Rehmaan/scoop/shims:/mnt/c/Users/Imdadul.Rehmaan/AppData/Local/Microsoft/WindowsApps:/mnt/c/Users/Imdadul.Rehmaan/.dotnet/tools:/mnt/c/Users/Imdadul.Rehmaan/AppData/Roaming/npm:/mnt/c/Users/Imdadul.Rehmaan/AppData/Local/Programs/Git/cmd:/mnt/c/Users/Imdadul.Rehmaan/AppData/Roaming/nvm:/mnt/c/nvm:/mnt/c/tools/flutter/bin:/mnt/c/Users/Imdadul.Rehmaan/AppData/Local/Pub/Cache/bin:/mnt/c/Android/cmdline-tools/latest/bin:/mnt/c/Android/platform-tools:/mnt/c/Users/Imdadul.Rehmaan/mingw64/bin:/snap/bin:/home/rehmaan/.vscode-server/extensions/ms-python.debugpy-2025.18.0-linux-x64/bundled/scripts/noConfigScripts', 'XDG_RUNTIME_DIR': '/run/user/1000/', 'DISPLAY': ':0', 'VSCODE_DEBUGPY_ADAPTER_ENDPOINTS': '/home/rehmaan/.vscode-server/extensions/ms-python.debugpy-2025.18.0-linux-x64/.noConfigDebugAdapterEndpoints/endpoint-5eef2bab757dd9f7.txt', 'LANG': 'en_US.UTF-8', 'PYTHONSTARTUP': '/home/rehmaan/.vscode-server/data/User/workspaceStorage/a037f39ae17c8ea6d52369655e287e6c/ms-python.python/pythonrc.py', 'LS_COLORS': 'rs=0:di=01;34:ln=01;36:mh=00:pi=40;33:so=01;35:do=01;35:bd=40;33;01:cd=40;33;01:or=40;31;01:mi=00:su=37;41:sg=30;43:ca=00:tw=30;42:ow=34;42:st=37;44:ex=01;32:*.tar=01;31:*.tgz=01;31:*.arc=01;31:*.arj=01;31:*.taz=01;31:*.lha=01;31:*.lz4=01;31:*.lzh=01;31:*.lzma=01;31:*.tlz=01;31:*.txz=01;31:*.tzo=01;31:*.t7z=01;31:*.zip=01;31:*.z=01;31:*.dz=01;31:*.gz=01;31:*.lrz=01;31:*.lz=01;31:*.lzo=01;31:*.xz=01;31:*.zst=01;31:*.tzst=01;31:*.bz2=01;31:*.bz=01;31:*.tbz=01;31:*.tbz2=01;31:*.tz=01;31:*.deb=01;31:*.rpm=01;31:*.jar=01;31:*.war=01;31:*.ear=01;31:*.sar=01;31:*.rar=01;31:*.alz=01;31:*.ace=01;31:*.zoo=01;31:*.cpio=01;31:*.7z=01;31:*.rz=01;31:*.cab=01;31:*.wim=01;31:*.swm=01;31:*.dwm=01;31:*.esd=01;31:*.avif=01;35:*.jpg=01;35:*.jpeg=01;35:*.mjpg=01;35:*.mjpeg=01;35:*.gif=01;35:*.bmp=01;35:*.pbm=01;35:*.pgm=01;35:*.ppm=01;35:*.tga=01;35:*.xbm=01;35:*.xpm=01;35:*.tif=01;35:*.tiff=01;35:*.png=01;35:*.svg=01;35:*.svgz=01;35:*.mng=01;35:*.pcx=01;35:*.mov=01;35:*.mpg=01;35:*.mpeg=01;35:*.m2v=01;35:*.mkv=01;35:*.webm=01;35:*.webp=01;35:*.ogm=01;35:*.mp4=01;35:*.m4v=01;35:*.mp4v=01;35:*.vob=01;35:*.qt=01;35:*.nuv=01;35:*.wmv=01;35:*.asf=01;35:*.rm=01;35:*.rmvb=01;35:*.flc=01;35:*.avi=01;35:*.fli=01;35:*.flv=01;35:*.gl=01;35:*.dl=01;35:*.xcf=01;35:*.xwd=01;35:*.yuv=01;35:*.cgm=01;35:*.emf=01;35:*.ogv=01;35:*.ogx=01;35:*.aac=00;36:*.au=00;36:*.flac=00;36:*.m4a=00;36:*.mid=00;36:*.midi=00;36:*.mka=00;36:*.mp3=00;36:*.mpc=00;36:*.ogg=00;36:*.ra=00;36:*.wav=00;36:*.oga=00;36:*.opus=00;36:*.spx=00;36:*.xspf=00;36:*~=00;90:*#=00;90:*.bak=00;90:*.crdownload=00;90:*.dpkg-dist=00;90:*.dpkg-new=00;90:*.dpkg-old=00;90:*.dpkg-tmp=00;90:*.old=00;90:*.orig=00;90:*.part=00;90:*.rej=00;90:*.rpmnew=00;90:*.rpmorig=00;90:*.rpmsave=00;90:*.swp=00;90:*.tmp=00;90:*.ucf-dist=00;90:*.ucf-new=00;90:*.ucf-old=00;90:', 'VSCODE_GIT_IPC_HANDLE': '/run/user/1000/vscode-git-4c7b1f9e02.sock', 'TERM_PROGRAM': 'vscode', 'AMENT_PREFIX_PATH': '/home/rehmaan/sensor_fusion/install/sensors_data:/home/rehmaan/sensor_fusion/install/custom_interfaces:/home/rehmaan/ros2-projects/install/my_robot_bringup:/home/rehmaan/ros2-projects/install/turtlesim_project:/home/rehmaan/ros2-projects/install/my_py_pkg:/home/rehmaan/ros2-projects/install/my_cpp_pkg:/home/rehmaan/ros2-projects/install/my_robot_interfaces:/home/rehmaan/ros2-projects/src/my_cpp_pkg/install/my_cpp_pkg:/home/rehmaan/ros2/install/launch_turtle_project:/home/rehmaan/ros2/install/py_pkg:/home/rehmaan/ros2/install/cpp_pkg:/home/rehmaan/ros2/install/my_custom_interfaces:/opt/ros/jazzy', 'SHELL': '/bin/bash', 'LESSCLOSE': '/usr/bin/lesspipe %s %s', 'ROS_AUTOMATIC_DISCOVERY_RANGE': 'SUBNET', 'VSCODE_GIT_ASKPASS_EXTRA_ARGS': '', 'PWD': '/home/rehmaan/sensor_fusion/build/custom_interfaces', 'XDG_DATA_DIRS': '/usr/local/share:/usr/share:/var/lib/snapd/desktop', 'PYTHONPATH': '/home/rehmaan/sensor_fusion/install/custom_interfaces/lib/python3.12/site-packages:/home/rehmaan/ros2-projects/install/turtlesim_project/lib/python3.12/site-packages:/home/rehmaan/ros2-projects/install/my_py_pkg/lib/python3.12/site-packages:/home/rehmaan/ros2-projects/install/my_robot_interfaces/lib/python3.12/site-packages:/home/rehmaan/ros2/install/py_pkg/lib/python3.12/site-packages:/home/rehmaan/ros2/install/my_custom_interfaces/lib/python3.12/site-packages:/opt/ros/jazzy/lib/python3.12/site-packages', 'COLCON': '1', 'WSL2_GUI_APPS_ENABLED': '1', 'HOSTTYPE': 'x86_64', 'CMAKE_PREFIX_PATH': '/home/rehmaan/sensor_fusion/install/sensors_data:/home/rehmaan/sensor_fusion/install/custom_interfaces:/home/rehmaan/ros2-projects/install/my_robot_bringup:/home/rehmaan/ros2-projects/install/my_cpp_pkg:/home/rehmaan/ros2-projects/install/my_robot_interfaces:/home/rehmaan/ros2-projects/src/my_cpp_pkg/install/my_cpp_pkg:/home/rehmaan/ros2/install/launch_turtle_project:/home/rehmaan/ros2/install/cpp_pkg:/home/rehmaan/ros2/install/my_custom_interfaces:/opt/ros/jazzy/opt/gz_math_vendor:/opt/ros/jazzy/opt/gz_utils_vendor:/opt/ros/jazzy/opt/gz_cmake_vendor:/home/rehmaan/ros2-projects/install/turtlesim_project:/home/rehmaan/ros2-projects/install/my_py_pkg:/home/rehmaan/ros2/install/py_pkg:/opt/ros/jazzy', 'WSLENV': 'ELECTRON_RUN_AS_NODE/w:'}), 'shell': False}
[2.046779] (custom_interfaces) StdoutLine: {'line': b'-- Install configuration: ""\n'}
[2.047424] (custom_interfaces) StdoutLine: {'line': b'-- Up-to-date: /home/rehmaan/sensor_fusion/install/custom_interfaces/share/ament_index/resource_index/rosidl_interfaces/custom_interfaces\n'}
[2.047628] (custom_interfaces) StdoutLine: {'line': b'-- Up-to-date: /home/rehmaan/sensor_fusion/install/custom_interfaces/share/custom_interfaces/msg/Battery.json\n'}
[2.047867] (custom_interfaces) StdoutLine: {'line': b'-- Up-to-date: /home/rehmaan/sensor_fusion/install/custom_interfaces/share/custom_interfaces/msg/DistanceSensors.json\n'}
[2.048059] (custom_interfaces) StdoutLine: {'line': b'-- Up-to-date: /home/rehmaan/sensor_fusion/install/custom_interfaces/share/custom_interfaces/msg/Encoder.json\n'}
[2.052363] (custom_interfaces) StdoutLine: {'line': b'-- Up-to-date: /home/rehmaan/sensor_fusion/install/custom_interfaces/share/custom_interfaces/msg/Environment.json\n'}
[2.054572] (custom_interfaces) StdoutLine: {'line': b'-- Up-to-date: /home/rehmaan/sensor_fusion/install/custom_interfaces/share/custom_interfaces/msg/IMU.json\n'}
[2.055703] (custom_interfaces) StdoutLine: {'line': b'-- Up-to-date: /home/rehmaan/sensor_fusion/install/custom_interfaces/share/custom_interfaces/msg/Lidar.json\n'}
[2.056089] (custom_interfaces) StdoutLine: {'line': b'-- Up-to-date: /home/rehmaan/sensor_fusion/install/custom_interfaces/share/custom_interfaces/msg/Motors.json\n'}
[2.056833] (custom_interfaces) StdoutLine: {'line': b'-- Up-to-date: /home/rehmaan/sensor_fusion/install/custom_interfaces/share/custom_interfaces/msg/Odometry.json\n'}
[2.057451] (custom_interfaces) StdoutLine: {'line': b'-- Up-to-date: /home/rehmaan/sensor_fusion/install/custom_interfaces/include/custom_interfaces/custom_interfaces\n'}
[2.058062] (custom_interfaces) StdoutLine: {'line': b'-- Up-to-date: /home/rehmaan/sensor_fusion/install/custom_interfaces/include/custom_interfaces/custom_interfaces/msg\n'}
[2.058641] (custom_interfaces) StdoutLine: {'line': b'-- Up-to-date: /home/rehmaan/sensor_fusion/install/custom_interfaces/include/custom_interfaces/custom_interfaces/msg/imu.h\n'}
[2.059184] (custom_interfaces) StdoutLine: {'line': b'-- Up-to-date: /home/rehmaan/sensor_fusion/install/custom_interfaces/include/custom_interfaces/custom_interfaces/msg/distance_sensors.h\n'}
[2.059718] (custom_interfaces) StdoutLine: {'line': b'-- Up-to-date: /home/rehmaan/sensor_fusion/install/custom_interfaces/include/custom_interfaces/custom_interfaces/msg/encoder.h\n'}
[2.060218] (custom_interfaces) StdoutLine: {'line': b'-- Up-to-date: /home/rehmaan/sensor_fusion/install/custom_interfaces/include/custom_interfaces/custom_interfaces/msg/lidar.h\n'}
[2.060791] (custom_interfaces) StdoutLine: {'line': b'-- Up-to-date: /home/rehmaan/sensor_fusion/install/custom_interfaces/include/custom_interfaces/custom_interfaces/msg/odometry.h\n'}
[2.061281] (custom_interfaces) StdoutLine: {'line': b'-- Up-to-date: /home/rehmaan/sensor_fusion/install/custom_interfaces/include/custom_interfaces/custom_interfaces/msg/environment.h\n'}
[2.062222] (custom_interfaces) StdoutLine: {'line': b'-- Up-to-date: /home/rehmaan/sensor_fusion/install/custom_interfaces/include/custom_interfaces/custom_interfaces/msg/battery.h\n'}
[2.062475] (custom_interfaces) StdoutLine: {'line': b'-- Up-to-date: /home/rehmaan/sensor_fusion/install/custom_interfaces/include/custom_interfaces/custom_interfaces/msg/rosidl_generator_c__visibility_control.h\n'}
[2.062636] (custom_interfaces) StdoutLine: {'line': b'-- Up-to-date: /home/rehmaan/sensor_fusion/install/custom_interfaces/include/custom_interfaces/custom_interfaces/msg/detail\n'}
[2.062805] (custom_interfaces) StdoutLine: {'line': b'-- Up-to-date: /home/rehmaan/sensor_fusion/install/custom_interfaces/include/custom_interfaces/custom_interfaces/msg/detail/imu__functions.c\n'}
[2.062983] (custom_interfaces) StdoutLine: {'line': b'-- Up-to-date: /home/rehmaan/sensor_fusion/install/custom_interfaces/include/custom_interfaces/custom_interfaces/msg/detail/battery__struct.h\n'}
[2.064370] (custom_interfaces) StdoutLine: {'line': b'-- Up-to-date: /home/rehmaan/sensor_fusion/install/custom_interfaces/include/custom_interfaces/custom_interfaces/msg/detail/imu__type_support.h\n'}
[2.067139] (custom_interfaces) StdoutLine: {'line': b'-- Up-to-date: /home/rehmaan/sensor_fusion/install/custom_interfaces/include/custom_interfaces/custom_interfaces/msg/detail/encoder__functions.c\n'}
[2.067542] (custom_interfaces) StdoutLine: {'line': b'-- Up-to-date: /home/rehmaan/sensor_fusion/install/custom_interfaces/include/custom_interfaces/custom_interfaces/msg/detail/encoder__type_support.h\n'}
[2.068675] (custom_interfaces) StdoutLine: {'line': b'-- Up-to-date: /home/rehmaan/sensor_fusion/install/custom_interfaces/include/custom_interfaces/custom_interfaces/msg/detail/motors__type_support.h\n'}
[2.069515] (custom_interfaces) StdoutLine: {'line': b'-- Up-to-date: /home/rehmaan/sensor_fusion/install/custom_interfaces/include/custom_interfaces/custom_interfaces/msg/detail/odometry__struct.h\n'}
[2.070263] (custom_interfaces) StdoutLine: {'line': b'-- Up-to-date: /home/rehmaan/sensor_fusion/install/custom_interfaces/include/custom_interfaces/custom_interfaces/msg/detail/lidar__type_support.h\n'}
[2.070768] (custom_interfaces) StdoutLine: {'line': b'-- Up-to-date: /home/rehmaan/sensor_fusion/install/custom_interfaces/include/custom_interfaces/custom_interfaces/msg/detail/lidar__functions.h\n'}
[2.071168] (custom_interfaces) StdoutLine: {'line': b'-- Up-to-date: /home/rehmaan/sensor_fusion/install/custom_interfaces/include/custom_interfaces/custom_interfaces/msg/detail/distance_sensors__struct.h\n'}
[2.071618] (custom_interfaces) StdoutLine: {'line': b'-- Up-to-date: /home/rehmaan/sensor_fusion/install/custom_interfaces/include/custom_interfaces/custom_interfaces/msg/detail/lidar__type_support.c\n'}
[2.072225] (custom_interfaces) StdoutLine: {'line': b'-- Up-to-date: /home/rehmaan/sensor_fusion/install/custom_interfaces/include/custom_interfaces/custom_interfaces/msg/detail/environment__type_support.c\n'}
[2.072578] (custom_interfaces) StdoutLine: {'line': b'-- Up-to-date: /home/rehmaan/sensor_fusion/install/custom_interfaces/include/custom_interfaces/custom_interfaces/msg/detail/distance_sensors__description.c\n'}
[2.073236] (custom_interfaces) StdoutLine: {'line': b'-- Up-to-date: /home/rehmaan/sensor_fusion/install/custom_interfaces/include/custom_interfaces/custom_interfaces/msg/detail/battery__type_support.h\n'}
[2.074529] (custom_interfaces) StdoutLine: {'line': b'-- Up-to-date: /home/rehmaan/sensor_fusion/install/custom_interfaces/include/custom_interfaces/custom_interfaces/msg/detail/motors__functions.c\n'}
[2.074858] (custom_interfaces) StdoutLine: {'line': b'-- Up-to-date: /home/rehmaan/sensor_fusion/install/custom_interfaces/include/custom_interfaces/custom_interfaces/msg/detail/lidar__functions.c\n'}
[2.075125] (custom_interfaces) StdoutLine: {'line': b'-- Up-to-date: /home/rehmaan/sensor_fusion/install/custom_interfaces/include/custom_interfaces/custom_interfaces/msg/detail/battery__type_support.c\n'}
[2.075382] (custom_interfaces) StdoutLine: {'line': b'-- Up-to-date: /home/rehmaan/sensor_fusion/install/custom_interfaces/include/custom_interfaces/custom_interfaces/msg/detail/imu__description.c\n'}
[2.075616] (custom_interfaces) StdoutLine: {'line': b'-- Up-to-date: /home/rehmaan/sensor_fusion/install/custom_interfaces/include/custom_interfaces/custom_interfaces/msg/detail/environment__struct.h\n'}
[2.075855] (custom_interfaces) StdoutLine: {'line': b'-- Up-to-date: /home/rehmaan/sensor_fusion/install/custom_interfaces/include/custom_interfaces/custom_interfaces/msg/detail/motors__type_support.c\n'}
[2.076183] (custom_interfaces) StdoutLine: {'line': b'-- Up-to-date: /home/rehmaan/sensor_fusion/install/custom_interfaces/include/custom_interfaces/custom_interfaces/msg/detail/encoder__struct.h\n'}
[2.076411] (custom_interfaces) StdoutLine: {'line': b'-- Up-to-date: /home/rehmaan/sensor_fusion/install/custom_interfaces/include/custom_interfaces/custom_interfaces/msg/detail/distance_sensors__functions.h\n'}
[2.076619] (custom_interfaces) StdoutLine: {'line': b'-- Up-to-date: /home/rehmaan/sensor_fusion/install/custom_interfaces/include/custom_interfaces/custom_interfaces/msg/detail/distance_sensors__functions.c\n'}
[2.076833] (custom_interfaces) StdoutLine: {'line': b'-- Up-to-date: /home/rehmaan/sensor_fusion/install/custom_interfaces/include/custom_interfaces/custom_interfaces/msg/detail/imu__type_support.c\n'}
[2.077040] (custom_interfaces) StdoutLine: {'line': b'-- Up-to-date: /home/rehmaan/sensor_fusion/install/custom_interfaces/include/custom_interfaces/custom_interfaces/msg/detail/odometry__functions.c\n'}
[2.077246] (custom_interfaces) StdoutLine: {'line': b'-- Up-to-date: /home/rehmaan/sensor_fusion/install/custom_interfaces/include/custom_interfaces/custom_interfaces/msg/detail/environment__functions.h\n'}
[2.077446] (custom_interfaces) StdoutLine: {'line': b'-- Up-to-date: /home/rehmaan/sensor_fusion/install/custom_interfaces/include/custom_interfaces/custom_interfaces/msg/detail/motors__functions.h\n'}
[2.077650] (custom_interfaces) StdoutLine: {'line': b'-- Up-to-date: /home/rehmaan/sensor_fusion/install/custom_interfaces/include/custom_interfaces/custom_interfaces/msg/detail/lidar__struct.h\n'}
[2.077989] (custom_interfaces) StdoutLine: {'line': b'-- Up-to-date: /home/rehmaan/sensor_fusion/install/custom_interfaces/include/custom_interfaces/custom_interfaces/msg/detail/odometry__type_support.h\n'}
[2.078269] (custom_interfaces) StdoutLine: {'line': b'-- Up-to-date: /home/rehmaan/sensor_fusion/install/custom_interfaces/include/custom_interfaces/custom_interfaces/msg/detail/environment__type_support.h\n'}
[2.078511] (custom_interfaces) StdoutLine: {'line': b'-- Up-to-date: /home/rehmaan/sensor_fusion/install/custom_interfaces/include/custom_interfaces/custom_interfaces/msg/detail/distance_sensors__type_support.c\n'}
[2.078915] (custom_interfaces) StdoutLine: {'line': b'-- Up-to-date: /home/rehmaan/sensor_fusion/install/custom_interfaces/include/custom_interfaces/custom_interfaces/msg/detail/environment__functions.c\n'}
[2.079128] (custom_interfaces) StdoutLine: {'line': b'-- Up-to-date: /home/rehmaan/sensor_fusion/install/custom_interfaces/include/custom_interfaces/custom_interfaces/msg/detail/distance_sensors__type_support.h\n'}
[2.079319] (custom_interfaces) StdoutLine: {'line': b'-- Up-to-date: /home/rehmaan/sensor_fusion/install/custom_interfaces/include/custom_interfaces/custom_interfaces/msg/detail/battery__description.c\n'}
[2.079493] (custom_interfaces) StdoutLine: {'line': b'-- Up-to-date: /home/rehmaan/sensor_fusion/install/custom_interfaces/include/custom_interfaces/custom_interfaces/msg/detail/encoder__functions.h\n'}
[2.079674] (custom_interfaces) StdoutLine: {'line': b'-- Up-to-date: /home/rehmaan/sensor_fusion/install/custom_interfaces/include/custom_interfaces/custom_interfaces/msg/detail/motors__struct.h\n'}
[2.079870] (custom_interfaces) StdoutLine: {'line': b'-- Up-to-date: /home/rehmaan/sensor_fusion/install/custom_interfaces/include/custom_interfaces/custom_interfaces/msg/detail/odometry__type_support.c\n'}
[2.080178] (custom_interfaces) StdoutLine: {'line': b'-- Up-to-date: /home/rehmaan/sensor_fusion/install/custom_interfaces/include/custom_interfaces/custom_interfaces/msg/detail/battery__functions.h\n'}
[2.080392] (custom_interfaces) StdoutLine: {'line': b'-- Up-to-date: /home/rehmaan/sensor_fusion/install/custom_interfaces/include/custom_interfaces/custom_interfaces/msg/detail/lidar__description.c\n'}
[2.080595] (custom_interfaces) StdoutLine: {'line': b'-- Up-to-date: /home/rehmaan/sensor_fusion/install/custom_interfaces/include/custom_interfaces/custom_interfaces/msg/detail/odometry__functions.h\n'}
[2.080791] (custom_interfaces) StdoutLine: {'line': b'-- Up-to-date: /home/rehmaan/sensor_fusion/install/custom_interfaces/include/custom_interfaces/custom_interfaces/msg/detail/odometry__description.c\n'}
[2.080985] (custom_interfaces) StdoutLine: {'line': b'-- Up-to-date: /home/rehmaan/sensor_fusion/install/custom_interfaces/include/custom_interfaces/custom_interfaces/msg/detail/motors__description.c\n'}
[2.081175] (custom_interfaces) StdoutLine: {'line': b'-- Up-to-date: /home/rehmaan/sensor_fusion/install/custom_interfaces/include/custom_interfaces/custom_interfaces/msg/detail/imu__functions.h\n'}
[2.081386] (custom_interfaces) StdoutLine: {'line': b'-- Up-to-date: /home/rehmaan/sensor_fusion/install/custom_interfaces/include/custom_interfaces/custom_interfaces/msg/detail/battery__functions.c\n'}
[2.081602] (custom_interfaces) StdoutLine: {'line': b'-- Up-to-date: /home/rehmaan/sensor_fusion/install/custom_interfaces/include/custom_interfaces/custom_interfaces/msg/detail/environment__description.c\n'}
[2.081841] (custom_interfaces) StdoutLine: {'line': b'-- Up-to-date: /home/rehmaan/sensor_fusion/install/custom_interfaces/include/custom_interfaces/custom_interfaces/msg/detail/encoder__description.c\n'}
[2.084914] (custom_interfaces) StdoutLine: {'line': b'-- Up-to-date: /home/rehmaan/sensor_fusion/install/custom_interfaces/include/custom_interfaces/custom_interfaces/msg/detail/imu__struct.h\n'}
[2.087135] (custom_interfaces) StdoutLine: {'line': b'-- Up-to-date: /home/rehmaan/sensor_fusion/install/custom_interfaces/include/custom_interfaces/custom_interfaces/msg/detail/encoder__type_support.c\n'}
[2.088368] (custom_interfaces) StdoutLine: {'line': b'-- Up-to-date: /home/rehmaan/sensor_fusion/install/custom_interfaces/include/custom_interfaces/custom_interfaces/msg/motors.h\n'}
[2.088564] (custom_interfaces) StdoutLine: {'line': b'-- Up-to-date: /home/rehmaan/sensor_fusion/install/custom_interfaces/share/custom_interfaces/environment/library_path.sh\n'}
[2.088698] (custom_interfaces) StdoutLine: {'line': b'-- Up-to-date: /home/rehmaan/sensor_fusion/install/custom_interfaces/share/custom_interfaces/environment/library_path.dsv\n'}
[2.088863] (custom_interfaces) StdoutLine: {'line': b'-- Up-to-date: /home/rehmaan/sensor_fusion/install/custom_interfaces/lib/libcustom_interfaces__rosidl_generator_c.so\n'}
[2.089013] (custom_interfaces) StdoutLine: {'line': b'-- Up-to-date: /home/rehmaan/sensor_fusion/install/custom_interfaces/include/custom_interfaces/custom_interfaces\n'}
[2.089156] (custom_interfaces) StdoutLine: {'line': b'-- Up-to-date: /home/rehmaan/sensor_fusion/install/custom_interfaces/include/custom_interfaces/custom_interfaces/msg\n'}
[2.089297] (custom_interfaces) StdoutLine: {'line': b'-- Up-to-date: /home/rehmaan/sensor_fusion/install/custom_interfaces/include/custom_interfaces/custom_interfaces/msg/rosidl_typesupport_fastrtps_c__visibility_control.h\n'}
[2.089427] (custom_interfaces) StdoutLine: {'line': b'-- Up-to-date: /home/rehmaan/sensor_fusion/install/custom_interfaces/include/custom_interfaces/custom_interfaces/msg/detail\n'}
[2.089651] (custom_interfaces) StdoutLine: {'line': b'-- Up-to-date: /home/rehmaan/sensor_fusion/install/custom_interfaces/include/custom_interfaces/custom_interfaces/msg/detail/motors__rosidl_typesupport_fastrtps_c.h\n'}
[2.090266] (custom_interfaces) StdoutLine: {'line': b'-- Up-to-date: /home/rehmaan/sensor_fusion/install/custom_interfaces/include/custom_interfaces/custom_interfaces/msg/detail/environment__rosidl_typesupport_fastrtps_c.h\n'}
[2.090459] (custom_interfaces) StdoutLine: {'line': b'-- Up-to-date: /home/rehmaan/sensor_fusion/install/custom_interfaces/include/custom_interfaces/custom_interfaces/msg/detail/distance_sensors__rosidl_typesupport_fastrtps_c.h\n'}
[2.090799] (custom_interfaces) StdoutLine: {'line': b'-- Up-to-date: /home/rehmaan/sensor_fusion/install/custom_interfaces/include/custom_interfaces/custom_interfaces/msg/detail/odometry__rosidl_typesupport_fastrtps_c.h\n'}
[2.090945] (custom_interfaces) StdoutLine: {'line': b'-- Up-to-date: /home/rehmaan/sensor_fusion/install/custom_interfaces/include/custom_interfaces/custom_interfaces/msg/detail/lidar__rosidl_typesupport_fastrtps_c.h\n'}
[2.091076] (custom_interfaces) StdoutLine: {'line': b'-- Up-to-date: /home/rehmaan/sensor_fusion/install/custom_interfaces/include/custom_interfaces/custom_interfaces/msg/detail/battery__rosidl_typesupport_fastrtps_c.h\n'}
[2.091207] (custom_interfaces) StdoutLine: {'line': b'-- Up-to-date: /home/rehmaan/sensor_fusion/install/custom_interfaces/include/custom_interfaces/custom_interfaces/msg/detail/encoder__rosidl_typesupport_fastrtps_c.h\n'}
[2.091344] (custom_interfaces) StdoutLine: {'line': b'-- Up-to-date: /home/rehmaan/sensor_fusion/install/custom_interfaces/include/custom_interfaces/custom_interfaces/msg/detail/imu__rosidl_typesupport_fastrtps_c.h\n'}
[2.091492] (custom_interfaces) StdoutLine: {'line': b'-- Up-to-date: /home/rehmaan/sensor_fusion/install/custom_interfaces/lib/libcustom_interfaces__rosidl_typesupport_fastrtps_c.so\n'}
[2.091689] (custom_interfaces) StdoutLine: {'line': b'-- Up-to-date: /home/rehmaan/sensor_fusion/install/custom_interfaces/include/custom_interfaces/custom_interfaces\n'}
[2.091870] (custom_interfaces) StdoutLine: {'line': b'-- Up-to-date: /home/rehmaan/sensor_fusion/install/custom_interfaces/include/custom_interfaces/custom_interfaces/msg\n'}
[2.092006] (custom_interfaces) StdoutLine: {'line': b'-- Up-to-date: /home/rehmaan/sensor_fusion/install/custom_interfaces/include/custom_interfaces/custom_interfaces/msg/rosidl_typesupport_introspection_c__visibility_control.h\n'}
[2.092144] (custom_interfaces) StdoutLine: {'line': b'-- Up-to-date: /home/rehmaan/sensor_fusion/install/custom_interfaces/include/custom_interfaces/custom_interfaces/msg/detail\n'}
[2.092290] (custom_interfaces) StdoutLine: {'line': b'-- Up-to-date: /home/rehmaan/sensor_fusion/install/custom_interfaces/include/custom_interfaces/custom_interfaces/msg/detail/encoder__rosidl_typesupport_introspection_c.h\n'}
[2.092491] (custom_interfaces) StdoutLine: {'line': b'-- Up-to-date: /home/rehmaan/sensor_fusion/install/custom_interfaces/include/custom_interfaces/custom_interfaces/msg/detail/lidar__type_support.c\n'}
[2.092770] (custom_interfaces) StdoutLine: {'line': b'-- Up-to-date: /home/rehmaan/sensor_fusion/install/custom_interfaces/include/custom_interfaces/custom_interfaces/msg/detail/environment__type_support.c\n'}
[2.092928] (custom_interfaces) StdoutLine: {'line': b'-- Up-to-date: /home/rehmaan/sensor_fusion/install/custom_interfaces/include/custom_interfaces/custom_interfaces/msg/detail/lidar__rosidl_typesupport_introspection_c.h\n'}
[2.093058] (custom_interfaces) StdoutLine: {'line': b'-- Up-to-date: /home/rehmaan/sensor_fusion/install/custom_interfaces/include/custom_interfaces/custom_interfaces/msg/detail/environment__rosidl_typesupport_introspection_c.h\n'}
[2.093183] (custom_interfaces) StdoutLine: {'line': b'-- Up-to-date: /home/rehmaan/sensor_fusion/install/custom_interfaces/include/custom_interfaces/custom_interfaces/msg/detail/battery__type_support.c\n'}
[2.093548] (custom_interfaces) StdoutLine: {'line': b'-- Up-to-date: /home/rehmaan/sensor_fusion/install/custom_interfaces/include/custom_interfaces/custom_interfaces/msg/detail/motors__type_support.c\n'}
[2.093697] (custom_interfaces) StdoutLine: {'line': b'-- Up-to-date: /home/rehmaan/sensor_fusion/install/custom_interfaces/include/custom_interfaces/custom_interfaces/msg/detail/distance_sensors__rosidl_typesupport_introspection_c.h\n'}
[2.093898] (custom_interfaces) StdoutLine: {'line': b'-- Up-to-date: /home/rehmaan/sensor_fusion/install/custom_interfaces/include/custom_interfaces/custom_interfaces/msg/detail/imu__rosidl_typesupport_introspection_c.h\n'}
[2.094185] (custom_interfaces) StdoutLine: {'line': b'-- Up-to-date: /home/rehmaan/sensor_fusion/install/custom_interfaces/include/custom_interfaces/custom_interfaces/msg/detail/battery__rosidl_typesupport_introspection_c.h\n'}
[2.094379] (custom_interfaces) StdoutLine: {'line': b'-- Up-to-date: /home/rehmaan/sensor_fusion/install/custom_interfaces/include/custom_interfaces/custom_interfaces/msg/detail/imu__type_support.c\n'}
[2.094504] (custom_interfaces) StdoutLine: {'line': b'-- Up-to-date: /home/rehmaan/sensor_fusion/install/custom_interfaces/include/custom_interfaces/custom_interfaces/msg/detail/odometry__rosidl_typesupport_introspection_c.h\n'}
[2.094711] (custom_interfaces) StdoutLine: {'line': b'-- Up-to-date: /home/rehmaan/sensor_fusion/install/custom_interfaces/include/custom_interfaces/custom_interfaces/msg/detail/distance_sensors__type_support.c\n'}
[2.094850] (custom_interfaces) StdoutLine: {'line': b'-- Up-to-date: /home/rehmaan/sensor_fusion/install/custom_interfaces/include/custom_interfaces/custom_interfaces/msg/detail/odometry__type_support.c\n'}
[2.094981] (custom_interfaces) StdoutLine: {'line': b'-- Up-to-date: /home/rehmaan/sensor_fusion/install/custom_interfaces/include/custom_interfaces/custom_interfaces/msg/detail/motors__rosidl_typesupport_introspection_c.h\n'}
[2.095120] (custom_interfaces) StdoutLine: {'line': b'-- Up-to-date: /home/rehmaan/sensor_fusion/install/custom_interfaces/include/custom_interfaces/custom_interfaces/msg/detail/encoder__type_support.c\n'}
[2.095268] (custom_interfaces) StdoutLine: {'line': b'-- Up-to-date: /home/rehmaan/sensor_fusion/install/custom_interfaces/lib/libcustom_interfaces__rosidl_typesupport_introspection_c.so\n'}
[2.095392] (custom_interfaces) StdoutLine: {'line': b'-- Up-to-date: /home/rehmaan/sensor_fusion/install/custom_interfaces/lib/libcustom_interfaces__rosidl_typesupport_c.so\n'}
[2.095522] (custom_interfaces) StdoutLine: {'line': b'-- Up-to-date: /home/rehmaan/sensor_fusion/install/custom_interfaces/include/custom_interfaces/custom_interfaces\n'}
[2.095636] (custom_interfaces) StdoutLine: {'line': b'-- Up-to-date: /home/rehmaan/sensor_fusion/install/custom_interfaces/include/custom_interfaces/custom_interfaces/msg\n'}
[2.095723] (custom_interfaces) StdoutLine: {'line': b'-- Up-to-date: /home/rehmaan/sensor_fusion/install/custom_interfaces/include/custom_interfaces/custom_interfaces/msg/distance_sensors.hpp\n'}
[2.095811] (custom_interfaces) StdoutLine: {'line': b'-- Up-to-date: /home/rehmaan/sensor_fusion/install/custom_interfaces/include/custom_interfaces/custom_interfaces/msg/lidar.hpp\n'}
[2.095895] (custom_interfaces) StdoutLine: {'line': b'-- Up-to-date: /home/rehmaan/sensor_fusion/install/custom_interfaces/include/custom_interfaces/custom_interfaces/msg/motors.hpp\n'}
[2.095978] (custom_interfaces) StdoutLine: {'line': b'-- Up-to-date: /home/rehmaan/sensor_fusion/install/custom_interfaces/include/custom_interfaces/custom_interfaces/msg/imu.hpp\n'}
[2.096057] (custom_interfaces) StdoutLine: {'line': b'-- Up-to-date: /home/rehmaan/sensor_fusion/install/custom_interfaces/include/custom_interfaces/custom_interfaces/msg/battery.hpp\n'}
[2.096137] (custom_interfaces) StdoutLine: {'line': b'-- Up-to-date: /home/rehmaan/sensor_fusion/install/custom_interfaces/include/custom_interfaces/custom_interfaces/msg/detail\n'}
[2.096217] (custom_interfaces) StdoutLine: {'line': b'-- Up-to-date: /home/rehmaan/sensor_fusion/install/custom_interfaces/include/custom_interfaces/custom_interfaces/msg/detail/environment__struct.hpp\n'}
[2.096302] (custom_interfaces) StdoutLine: {'line': b'-- Up-to-date: /home/rehmaan/sensor_fusion/install/custom_interfaces/include/custom_interfaces/custom_interfaces/msg/detail/battery__struct.hpp\n'}
[2.096377] (custom_interfaces) StdoutLine: {'line': b'-- Up-to-date: /home/rehmaan/sensor_fusion/install/custom_interfaces/include/custom_interfaces/custom_interfaces/msg/detail/encoder__traits.hpp\n'}
[2.096461] (custom_interfaces) StdoutLine: {'line': b'-- Up-to-date: /home/rehmaan/sensor_fusion/install/custom_interfaces/include/custom_interfaces/custom_interfaces/msg/detail/imu__type_support.hpp\n'}
[2.096758] (custom_interfaces) StdoutLine: {'line': b'-- Up-to-date: /home/rehmaan/sensor_fusion/install/custom_interfaces/include/custom_interfaces/custom_interfaces/msg/detail/encoder__type_support.hpp\n'}
[2.096890] (custom_interfaces) StdoutLine: {'line': b'-- Up-to-date: /home/rehmaan/sensor_fusion/install/custom_interfaces/include/custom_interfaces/custom_interfaces/msg/detail/odometry__type_support.hpp\n'}
[2.097072] (custom_interfaces) StdoutLine: {'line': b'-- Up-to-date: /home/rehmaan/sensor_fusion/install/custom_interfaces/include/custom_interfaces/custom_interfaces/msg/detail/imu__traits.hpp\n'}
[2.097543] (custom_interfaces) StdoutLine: {'line': b'-- Up-to-date: /home/rehmaan/sensor_fusion/install/custom_interfaces/include/custom_interfaces/custom_interfaces/msg/detail/imu__builder.hpp\n'}
[2.101687] (custom_interfaces) StdoutLine: {'line': b'-- Up-to-date: /home/rehmaan/sensor_fusion/install/custom_interfaces/include/custom_interfaces/custom_interfaces/msg/detail/motors__builder.hpp\n'}
[2.102416] (custom_interfaces) StdoutLine: {'line': b'-- Up-to-date: /home/rehmaan/sensor_fusion/install/custom_interfaces/include/custom_interfaces/custom_interfaces/msg/detail/battery__type_support.hpp\n'}
[2.102728] (custom_interfaces) StdoutLine: {'line': b'-- Up-to-date: /home/rehmaan/sensor_fusion/install/custom_interfaces/include/custom_interfaces/custom_interfaces/msg/detail/odometry__struct.hpp\n'}
[2.103106] (custom_interfaces) StdoutLine: {'line': b'-- Up-to-date: /home/rehmaan/sensor_fusion/install/custom_interfaces/include/custom_interfaces/custom_interfaces/msg/detail/lidar__type_support.hpp\n'}
[2.103364] (custom_interfaces) StdoutLine: {'line': b'-- Up-to-date: /home/rehmaan/sensor_fusion/install/custom_interfaces/include/custom_interfaces/custom_interfaces/msg/detail/motors__traits.hpp\n'}
[2.103746] (custom_interfaces) StdoutLine: {'line': b'-- Up-to-date: /home/rehmaan/sensor_fusion/install/custom_interfaces/include/custom_interfaces/custom_interfaces/msg/detail/environment__traits.hpp\n'}
[2.103975] (custom_interfaces) StdoutLine: {'line': b'-- Up-to-date: /home/rehmaan/sensor_fusion/install/custom_interfaces/include/custom_interfaces/custom_interfaces/msg/detail/odometry__builder.hpp\n'}
[2.104137] (custom_interfaces) StdoutLine: {'line': b'-- Up-to-date: /home/rehmaan/sensor_fusion/install/custom_interfaces/include/custom_interfaces/custom_interfaces/msg/detail/imu__struct.hpp\n'}
[2.104283] (custom_interfaces) StdoutLine: {'line': b'-- Up-to-date: /home/rehmaan/sensor_fusion/install/custom_interfaces/include/custom_interfaces/custom_interfaces/msg/detail/distance_sensors__traits.hpp\n'}
[2.104433] (custom_interfaces) StdoutLine: {'line': b'-- Up-to-date: /home/rehmaan/sensor_fusion/install/custom_interfaces/include/custom_interfaces/custom_interfaces/msg/detail/odometry__traits.hpp\n'}
[2.104587] (custom_interfaces) StdoutLine: {'line': b'-- Up-to-date: /home/rehmaan/sensor_fusion/install/custom_interfaces/include/custom_interfaces/custom_interfaces/msg/detail/lidar__traits.hpp\n'}
[2.104748] (custom_interfaces) StdoutLine: {'line': b'-- Up-to-date: /home/rehmaan/sensor_fusion/install/custom_interfaces/include/custom_interfaces/custom_interfaces/msg/detail/lidar__builder.hpp\n'}
[2.104923] (custom_interfaces) StdoutLine: {'line': b'-- Up-to-date: /home/rehmaan/sensor_fusion/install/custom_interfaces/include/custom_interfaces/custom_interfaces/msg/detail/motors__type_support.hpp\n'}
[2.105079] (custom_interfaces) StdoutLine: {'line': b'-- Up-to-date: /home/rehmaan/sensor_fusion/install/custom_interfaces/include/custom_interfaces/custom_interfaces/msg/detail/distance_sensors__type_support.hpp\n'}
[2.105300] (custom_interfaces) StdoutLine: {'line': b'-- Up-to-date: /home/rehmaan/sensor_fusion/install/custom_interfaces/include/custom_interfaces/custom_interfaces/msg/detail/environment__builder.hpp\n'}
[2.105447] (custom_interfaces) StdoutLine: {'line': b'-- Up-to-date: /home/rehmaan/sensor_fusion/install/custom_interfaces/include/custom_interfaces/custom_interfaces/msg/detail/battery__traits.hpp\n'}
[2.105974] (custom_interfaces) StdoutLine: {'line': b'-- Up-to-date: /home/rehmaan/sensor_fusion/install/custom_interfaces/include/custom_interfaces/custom_interfaces/msg/detail/distance_sensors__struct.hpp\n'}
[2.106278] (-) TimerEvent: {}
[2.107191] (custom_interfaces) StdoutLine: {'line': b'-- Up-to-date: /home/rehmaan/sensor_fusion/install/custom_interfaces/include/custom_interfaces/custom_interfaces/msg/detail/encoder__struct.hpp\n'}
[2.108165] (custom_interfaces) StdoutLine: {'line': b'-- Up-to-date: /home/rehmaan/sensor_fusion/install/custom_interfaces/include/custom_interfaces/custom_interfaces/msg/detail/distance_sensors__builder.hpp\n'}
[2.108693] (custom_interfaces) StdoutLine: {'line': b'-- Up-to-date: /home/rehmaan/sensor_fusion/install/custom_interfaces/include/custom_interfaces/custom_interfaces/msg/detail/motors__struct.hpp\n'}
[2.108970] (custom_interfaces) StdoutLine: {'line': b'-- Up-to-date: /home/rehmaan/sensor_fusion/install/custom_interfaces/include/custom_interfaces/custom_interfaces/msg/detail/encoder__builder.hpp\n'}
[2.109198] (custom_interfaces) StdoutLine: {'line': b'-- Up-to-date: /home/rehmaan/sensor_fusion/install/custom_interfaces/include/custom_interfaces/custom_interfaces/msg/detail/lidar__struct.hpp\n'}
[2.109422] (custom_interfaces) StdoutLine: {'line': b'-- Up-to-date: /home/rehmaan/sensor_fusion/install/custom_interfaces/include/custom_interfaces/custom_interfaces/msg/detail/battery__builder.hpp\n'}
[2.109708] (custom_interfaces) StdoutLine: {'line': b'-- Up-to-date: /home/rehmaan/sensor_fusion/install/custom_interfaces/include/custom_interfaces/custom_interfaces/msg/detail/environment__type_support.hpp\n'}
[2.109925] (custom_interfaces) StdoutLine: {'line': b'-- Up-to-date: /home/rehmaan/sensor_fusion/install/custom_interfaces/include/custom_interfaces/custom_interfaces/msg/odometry.hpp\n'}
[2.110111] (custom_interfaces) StdoutLine: {'line': b'-- Up-to-date: /home/rehmaan/sensor_fusion/install/custom_interfaces/include/custom_interfaces/custom_interfaces/msg/rosidl_generator_cpp__visibility_control.hpp\n'}
[2.110294] (custom_interfaces) StdoutLine: {'line': b'-- Up-to-date: /home/rehmaan/sensor_fusion/install/custom_interfaces/include/custom_interfaces/custom_interfaces/msg/encoder.hpp\n'}
[2.110473] (custom_interfaces) StdoutLine: {'line': b'-- Up-to-date: /home/rehmaan/sensor_fusion/install/custom_interfaces/include/custom_interfaces/custom_interfaces/msg/environment.hpp\n'}
[2.110650] (custom_interfaces) StdoutLine: {'line': b'-- Up-to-date: /home/rehmaan/sensor_fusion/install/custom_interfaces/include/custom_interfaces/custom_interfaces\n'}
[2.110827] (custom_interfaces) StdoutLine: {'line': b'-- Up-to-date: /home/rehmaan/sensor_fusion/install/custom_interfaces/include/custom_interfaces/custom_interfaces/msg\n'}
[2.111011] (custom_interfaces) StdoutLine: {'line': b'-- Up-to-date: /home/rehmaan/sensor_fusion/install/custom_interfaces/include/custom_interfaces/custom_interfaces/msg/detail\n'}
[2.111217] (custom_interfaces) StdoutLine: {'line': b'-- Up-to-date: /home/rehmaan/sensor_fusion/install/custom_interfaces/include/custom_interfaces/custom_interfaces/msg/detail/lidar__rosidl_typesupport_fastrtps_cpp.hpp\n'}
[2.111407] (custom_interfaces) StdoutLine: {'line': b'-- Up-to-date: /home/rehmaan/sensor_fusion/install/custom_interfaces/include/custom_interfaces/custom_interfaces/msg/detail/dds_fastrtps\n'}
[2.111642] (custom_interfaces) StdoutLine: {'line': b'-- Up-to-date: /home/rehmaan/sensor_fusion/install/custom_interfaces/include/custom_interfaces/custom_interfaces/msg/detail/imu__rosidl_typesupport_fastrtps_cpp.hpp\n'}
[2.111891] (custom_interfaces) StdoutLine: {'line': b'-- Up-to-date: /home/rehmaan/sensor_fusion/install/custom_interfaces/include/custom_interfaces/custom_interfaces/msg/detail/motors__rosidl_typesupport_fastrtps_cpp.hpp\n'}
[2.112069] (custom_interfaces) StdoutLine: {'line': b'-- Up-to-date: /home/rehmaan/sensor_fusion/install/custom_interfaces/include/custom_interfaces/custom_interfaces/msg/detail/distance_sensors__rosidl_typesupport_fastrtps_cpp.hpp\n'}
[2.112312] (custom_interfaces) StdoutLine: {'line': b'-- Up-to-date: /home/rehmaan/sensor_fusion/install/custom_interfaces/include/custom_interfaces/custom_interfaces/msg/detail/odometry__rosidl_typesupport_fastrtps_cpp.hpp\n'}
[2.112493] (custom_interfaces) StdoutLine: {'line': b'-- Up-to-date: /home/rehmaan/sensor_fusion/install/custom_interfaces/include/custom_interfaces/custom_interfaces/msg/detail/battery__rosidl_typesupport_fastrtps_cpp.hpp\n'}
[2.112670] (custom_interfaces) StdoutLine: {'line': b'-- Up-to-date: /home/rehmaan/sensor_fusion/install/custom_interfaces/include/custom_interfaces/custom_interfaces/msg/detail/environment__rosidl_typesupport_fastrtps_cpp.hpp\n'}
[2.112874] (custom_interfaces) StdoutLine: {'line': b'-- Up-to-date: /home/rehmaan/sensor_fusion/install/custom_interfaces/include/custom_interfaces/custom_interfaces/msg/detail/encoder__rosidl_typesupport_fastrtps_cpp.hpp\n'}
[2.113058] (custom_interfaces) StdoutLine: {'line': b'-- Up-to-date: /home/rehmaan/sensor_fusion/install/custom_interfaces/include/custom_interfaces/custom_interfaces/msg/rosidl_typesupport_fastrtps_cpp__visibility_control.h\n'}
[2.113239] (custom_interfaces) StdoutLine: {'line': b'-- Up-to-date: /home/rehmaan/sensor_fusion/install/custom_interfaces/lib/libcustom_interfaces__rosidl_typesupport_fastrtps_cpp.so\n'}
[2.113415] (custom_interfaces) StdoutLine: {'line': b'-- Up-to-date: /home/rehmaan/sensor_fusion/install/custom_interfaces/include/custom_interfaces/custom_interfaces\n'}
[2.113657] (custom_interfaces) StdoutLine: {'line': b'-- Up-to-date: /home/rehmaan/sensor_fusion/install/custom_interfaces/include/custom_interfaces/custom_interfaces/msg\n'}
[2.113932] (custom_interfaces) StdoutLine: {'line': b'-- Up-to-date: /home/rehmaan/sensor_fusion/install/custom_interfaces/include/custom_interfaces/custom_interfaces/msg/detail\n'}
[2.114141] (custom_interfaces) StdoutLine: {'line': b'-- Up-to-date: /home/rehmaan/sensor_fusion/install/custom_interfaces/include/custom_interfaces/custom_interfaces/msg/detail/distance_sensors__rosidl_typesupport_introspection_cpp.hpp\n'}
[2.114349] (custom_interfaces) StdoutLine: {'line': b'-- Up-to-date: /home/rehmaan/sensor_fusion/install/custom_interfaces/include/custom_interfaces/custom_interfaces/msg/detail/lidar__type_support.cpp\n'}
[2.114562] (custom_interfaces) StdoutLine: {'line': b'-- Up-to-date: /home/rehmaan/sensor_fusion/install/custom_interfaces/include/custom_interfaces/custom_interfaces/msg/detail/encoder__type_support.cpp\n'}
[2.114799] (custom_interfaces) StdoutLine: {'line': b'-- Up-to-date: /home/rehmaan/sensor_fusion/install/custom_interfaces/include/custom_interfaces/custom_interfaces/msg/detail/environment__rosidl_typesupport_introspection_cpp.hpp\n'}
[2.115005] (custom_interfaces) StdoutLine: {'line': b'-- Up-to-date: /home/rehmaan/sensor_fusion/install/custom_interfaces/include/custom_interfaces/custom_interfaces/msg/detail/battery__type_support.cpp\n'}
[2.115222] (custom_interfaces) StdoutLine: {'line': b'-- Up-to-date: /home/rehmaan/sensor_fusion/install/custom_interfaces/include/custom_interfaces/custom_interfaces/msg/detail/battery__rosidl_typesupport_introspection_cpp.hpp\n'}
[2.115443] (custom_interfaces) StdoutLine: {'line': b'-- Up-to-date: /home/rehmaan/sensor_fusion/install/custom_interfaces/include/custom_interfaces/custom_interfaces/msg/detail/odometry__type_support.cpp\n'}
[2.115928] (custom_interfaces) StdoutLine: {'line': b'-- Up-to-date: /home/rehmaan/sensor_fusion/install/custom_interfaces/include/custom_interfaces/custom_interfaces/msg/detail/lidar__rosidl_typesupport_introspection_cpp.hpp\n'}
[2.116284] (custom_interfaces) StdoutLine: {'line': b'-- Up-to-date: /home/rehmaan/sensor_fusion/install/custom_interfaces/include/custom_interfaces/custom_interfaces/msg/detail/motors__type_support.cpp\n'}
[2.116523] (custom_interfaces) StdoutLine: {'line': b'-- Up-to-date: /home/rehmaan/sensor_fusion/install/custom_interfaces/include/custom_interfaces/custom_interfaces/msg/detail/imu__rosidl_typesupport_introspection_cpp.hpp\n'}
[2.116744] (custom_interfaces) StdoutLine: {'line': b'-- Up-to-date: /home/rehmaan/sensor_fusion/install/custom_interfaces/include/custom_interfaces/custom_interfaces/msg/detail/motors__rosidl_typesupport_introspection_cpp.hpp\n'}
[2.116958] (custom_interfaces) StdoutLine: {'line': b'-- Up-to-date: /home/rehmaan/sensor_fusion/install/custom_interfaces/include/custom_interfaces/custom_interfaces/msg/detail/environment__type_support.cpp\n'}
[2.117161] (custom_interfaces) StdoutLine: {'line': b'-- Up-to-date: /home/rehmaan/sensor_fusion/install/custom_interfaces/include/custom_interfaces/custom_interfaces/msg/detail/distance_sensors__type_support.cpp\n'}
[2.117385] (custom_interfaces) StdoutLine: {'line': b'-- Up-to-date: /home/rehmaan/sensor_fusion/install/custom_interfaces/include/custom_interfaces/custom_interfaces/msg/detail/imu__type_support.cpp\n'}
[2.117605] (custom_interfaces) StdoutLine: {'line': b'-- Up-to-date: /home/rehmaan/sensor_fusion/install/custom_interfaces/include/custom_interfaces/custom_interfaces/msg/detail/odometry__rosidl_typesupport_introspection_cpp.hpp\n'}
[2.118144] (custom_interfaces) StdoutLine: {'line': b'-- Up-to-date: /home/rehmaan/sensor_fusion/install/custom_interfaces/include/custom_interfaces/custom_interfaces/msg/detail/encoder__rosidl_typesupport_introspection_cpp.hpp\n'}
[2.118356] (custom_interfaces) StdoutLine: {'line': b'-- Up-to-date: /home/rehmaan/sensor_fusion/install/custom_interfaces/lib/libcustom_interfaces__rosidl_typesupport_introspection_cpp.so\n'}
[2.118876] (custom_interfaces) StdoutLine: {'line': b'-- Up-to-date: /home/rehmaan/sensor_fusion/install/custom_interfaces/lib/libcustom_interfaces__rosidl_typesupport_cpp.so\n'}
[2.121142] (custom_interfaces) StdoutLine: {'line': b'-- Up-to-date: /home/rehmaan/sensor_fusion/install/custom_interfaces/share/custom_interfaces/environment/pythonpath.sh\n'}
[2.121442] (custom_interfaces) StdoutLine: {'line': b'-- Up-to-date: /home/rehmaan/sensor_fusion/install/custom_interfaces/share/custom_interfaces/environment/pythonpath.dsv\n'}
[2.121675] (custom_interfaces) StdoutLine: {'line': b'-- Up-to-date: /home/rehmaan/sensor_fusion/install/custom_interfaces/lib/python3.12/site-packages/custom_interfaces-0.0.0-py3.12.egg-info\n'}
[2.121929] (custom_interfaces) StdoutLine: {'line': b'-- Installing: /home/rehmaan/sensor_fusion/install/custom_interfaces/lib/python3.12/site-packages/custom_interfaces-0.0.0-py3.12.egg-info/PKG-INFO\n'}
[2.122347] (custom_interfaces) StdoutLine: {'line': b'-- Installing: /home/rehmaan/sensor_fusion/install/custom_interfaces/lib/python3.12/site-packages/custom_interfaces-0.0.0-py3.12.egg-info/SOURCES.txt\n'}
[2.122775] (custom_interfaces) StdoutLine: {'line': b'-- Installing: /home/rehmaan/sensor_fusion/install/custom_interfaces/lib/python3.12/site-packages/custom_interfaces-0.0.0-py3.12.egg-info/dependency_links.txt\n'}
[2.123382] (custom_interfaces) StdoutLine: {'line': b'-- Installing: /home/rehmaan/sensor_fusion/install/custom_interfaces/lib/python3.12/site-packages/custom_interfaces-0.0.0-py3.12.egg-info/top_level.txt\n'}
[2.123591] (custom_interfaces) StdoutLine: {'line': b'-- Up-to-date: /home/rehmaan/sensor_fusion/install/custom_interfaces/lib/python3.12/site-packages/custom_interfaces\n'}
[2.123814] (custom_interfaces) StdoutLine: {'line': b'-- Up-to-date: /home/rehmaan/sensor_fusion/install/custom_interfaces/lib/python3.12/site-packages/custom_interfaces/_custom_interfaces_s.ep.rosidl_typesupport_fastrtps_c.c\n'}
[2.123978] (custom_interfaces) StdoutLine: {'line': b'-- Up-to-date: /home/rehmaan/sensor_fusion/install/custom_interfaces/lib/python3.12/site-packages/custom_interfaces/custom_interfaces_s__rosidl_typesupport_c.so\n'}
[2.124253] (custom_interfaces) StdoutLine: {'line': b'-- Up-to-date: /home/rehmaan/sensor_fusion/install/custom_interfaces/lib/python3.12/site-packages/custom_interfaces/custom_interfaces_s__rosidl_typesupport_introspection_c.so\n'}
[2.124590] (custom_interfaces) StdoutLine: {'line': b'-- Up-to-date: /home/rehmaan/sensor_fusion/install/custom_interfaces/lib/python3.12/site-packages/custom_interfaces/custom_interfaces_s__rosidl_typesupport_fastrtps_c.so\n'}
[2.125032] (custom_interfaces) StdoutLine: {'line': b'-- Up-to-date: /home/rehmaan/sensor_fusion/install/custom_interfaces/lib/python3.12/site-packages/custom_interfaces/_custom_interfaces_s.ep.rosidl_typesupport_introspection_c.c\n'}
[2.125212] (custom_interfaces) StdoutLine: {'line': b'-- Up-to-date: /home/rehmaan/sensor_fusion/install/custom_interfaces/lib/python3.12/site-packages/custom_interfaces/__init__.py\n'}
[2.125365] (custom_interfaces) StdoutLine: {'line': b'-- Up-to-date: /home/rehmaan/sensor_fusion/install/custom_interfaces/lib/python3.12/site-packages/custom_interfaces/_custom_interfaces_s.ep.rosidl_typesupport_c.c\n'}
[2.125495] (custom_interfaces) StdoutLine: {'line': b'-- Up-to-date: /home/rehmaan/sensor_fusion/install/custom_interfaces/lib/python3.12/site-packages/custom_interfaces/msg\n'}
[2.125680] (custom_interfaces) StdoutLine: {'line': b'-- Up-to-date: /home/rehmaan/sensor_fusion/install/custom_interfaces/lib/python3.12/site-packages/custom_interfaces/msg/_imu.py\n'}
[2.125825] (custom_interfaces) StdoutLine: {'line': b'-- Up-to-date: /home/rehmaan/sensor_fusion/install/custom_interfaces/lib/python3.12/site-packages/custom_interfaces/msg/_environment.py\n'}
[2.125946] (custom_interfaces) StdoutLine: {'line': b'-- Up-to-date: /home/rehmaan/sensor_fusion/install/custom_interfaces/lib/python3.12/site-packages/custom_interfaces/msg/_battery.py\n'}
[2.126064] (custom_interfaces) StdoutLine: {'line': b'-- Up-to-date: /home/rehmaan/sensor_fusion/install/custom_interfaces/lib/python3.12/site-packages/custom_interfaces/msg/_battery_s.c\n'}
[2.126269] (custom_interfaces) StdoutLine: {'line': b'-- Up-to-date: /home/rehmaan/sensor_fusion/install/custom_interfaces/lib/python3.12/site-packages/custom_interfaces/msg/_odometry_s.c\n'}
[2.126401] (custom_interfaces) StdoutLine: {'line': b'-- Up-to-date: /home/rehmaan/sensor_fusion/install/custom_interfaces/lib/python3.12/site-packages/custom_interfaces/msg/_environment_s.c\n'}
[2.126527] (custom_interfaces) StdoutLine: {'line': b'-- Up-to-date: /home/rehmaan/sensor_fusion/install/custom_interfaces/lib/python3.12/site-packages/custom_interfaces/msg/_odometry.py\n'}
[2.126832] (custom_interfaces) StdoutLine: {'line': b'-- Up-to-date: /home/rehmaan/sensor_fusion/install/custom_interfaces/lib/python3.12/site-packages/custom_interfaces/msg/_imu_s.c\n'}
[2.127017] (custom_interfaces) StdoutLine: {'line': b'-- Up-to-date: /home/rehmaan/sensor_fusion/install/custom_interfaces/lib/python3.12/site-packages/custom_interfaces/msg/_motors.py\n'}
[2.127149] (custom_interfaces) StdoutLine: {'line': b'-- Up-to-date: /home/rehmaan/sensor_fusion/install/custom_interfaces/lib/python3.12/site-packages/custom_interfaces/msg/_distance_sensors.py\n'}
[2.127289] (custom_interfaces) StdoutLine: {'line': b'-- Up-to-date: /home/rehmaan/sensor_fusion/install/custom_interfaces/lib/python3.12/site-packages/custom_interfaces/msg/__init__.py\n'}
[2.127446] (custom_interfaces) StdoutLine: {'line': b'-- Up-to-date: /home/rehmaan/sensor_fusion/install/custom_interfaces/lib/python3.12/site-packages/custom_interfaces/msg/_encoder_s.c\n'}
[2.127626] (custom_interfaces) StdoutLine: {'line': b'-- Up-to-date: /home/rehmaan/sensor_fusion/install/custom_interfaces/lib/python3.12/site-packages/custom_interfaces/msg/_distance_sensors_s.c\n'}
[2.127756] (custom_interfaces) StdoutLine: {'line': b'-- Up-to-date: /home/rehmaan/sensor_fusion/install/custom_interfaces/lib/python3.12/site-packages/custom_interfaces/msg/_encoder.py\n'}
[2.127996] (custom_interfaces) StdoutLine: {'line': b'-- Up-to-date: /home/rehmaan/sensor_fusion/install/custom_interfaces/lib/python3.12/site-packages/custom_interfaces/msg/_motors_s.c\n'}
[2.128165] (custom_interfaces) StdoutLine: {'line': b'-- Up-to-date: /home/rehmaan/sensor_fusion/install/custom_interfaces/lib/python3.12/site-packages/custom_interfaces/msg/_lidar.py\n'}
[2.128326] (custom_interfaces) StdoutLine: {'line': b'-- Up-to-date: /home/rehmaan/sensor_fusion/install/custom_interfaces/lib/python3.12/site-packages/custom_interfaces/msg/_lidar_s.c\n'}
[2.190392] (custom_interfaces) StdoutLine: {'line': b"Listing '/home/rehmaan/sensor_fusion/install/custom_interfaces/lib/python3.12/site-packages/custom_interfaces'...\n"}
[2.191255] (custom_interfaces) StdoutLine: {'line': b"Listing '/home/rehmaan/sensor_fusion/install/custom_interfaces/lib/python3.12/site-packages/custom_interfaces/msg'...\n"}
[2.206912] (-) TimerEvent: {}
[2.213793] (custom_interfaces) StdoutLine: {'line': b'-- Up-to-date: /home/rehmaan/sensor_fusion/install/custom_interfaces/lib/python3.12/site-packages/custom_interfaces/custom_interfaces_s__rosidl_typesupport_fastrtps_c.so\n'}
[2.219838] (custom_interfaces) StdoutLine: {'line': b'-- Up-to-date: /home/rehmaan/sensor_fusion/install/custom_interfaces/lib/python3.12/site-packages/custom_interfaces/custom_interfaces_s__rosidl_typesupport_introspection_c.so\n'}
[2.220857] (custom_interfaces) StdoutLine: {'line': b'-- Up-to-date: /home/rehmaan/sensor_fusion/install/custom_interfaces/lib/python3.12/site-packages/custom_interfaces/custom_interfaces_s__rosidl_typesupport_c.so\n'}
[2.221793] (custom_interfaces) StdoutLine: {'line': b'-- Up-to-date: /home/rehmaan/sensor_fusion/install/custom_interfaces/lib/libcustom_interfaces__rosidl_generator_py.so\n'}
[2.223009] (custom_interfaces) StdoutLine: {'line': b'-- Up-to-date: /home/rehmaan/sensor_fusion/install/custom_interfaces/share/custom_interfaces/msg/Battery.idl\n'}
[2.224410] (custom_interfaces) StdoutLine: {'line': b'-- Up-to-date: /home/rehmaan/sensor_fusion/install/custom_interfaces/share/custom_interfaces/msg/DistanceSensors.idl\n'}
[2.224704] (custom_interfaces) StdoutLine: {'line': b'-- Up-to-date: /home/rehmaan/sensor_fusion/install/custom_interfaces/share/custom_interfaces/msg/Encoder.idl\n'}
[2.225861] (custom_interfaces) StdoutLine: {'line': b'-- Up-to-date: /home/rehmaan/sensor_fusion/install/custom_interfaces/share/custom_interfaces/msg/Environment.idl\n'}
[2.227477] (custom_interfaces) StdoutLine: {'line': b'-- Up-to-date: /home/rehmaan/sensor_fusion/install/custom_interfaces/share/custom_interfaces/msg/IMU.idl\n'}
[2.228708] (custom_interfaces) StdoutLine: {'line': b'-- Up-to-date: /home/rehmaan/sensor_fusion/install/custom_interfaces/share/custom_interfaces/msg/Lidar.idl\n'}
[2.229363] (custom_interfaces) StdoutLine: {'line': b'-- Up-to-date: /home/rehmaan/sensor_fusion/install/custom_interfaces/share/custom_interfaces/msg/Motors.idl\n'}
[2.229728] (custom_interfaces) StdoutLine: {'line': b'-- Up-to-date: /home/rehmaan/sensor_fusion/install/custom_interfaces/share/custom_interfaces/msg/Odometry.idl\n'}
[2.230477] (custom_interfaces) StdoutLine: {'line': b'-- Up-to-date: /home/rehmaan/sensor_fusion/install/custom_interfaces/share/custom_interfaces/msg/Battery.msg\n'}
[2.230857] (custom_interfaces) StdoutLine: {'line': b'-- Up-to-date: /home/rehmaan/sensor_fusion/install/custom_interfaces/share/custom_interfaces/msg/DistanceSensors.msg\n'}
[2.231424] (custom_interfaces) StdoutLine: {'line': b'-- Up-to-date: /home/rehmaan/sensor_fusion/install/custom_interfaces/share/custom_interfaces/msg/Encoder.msg\n'}
[2.231863] (custom_interfaces) StdoutLine: {'line': b'-- Up-to-date: /home/rehmaan/sensor_fusion/install/custom_interfaces/share/custom_interfaces/msg/Environment.msg\n'}
[2.232440] (custom_interfaces) StdoutLine: {'line': b'-- Up-to-date: /home/rehmaan/sensor_fusion/install/custom_interfaces/share/custom_interfaces/msg/IMU.msg\n'}
[2.232762] (custom_interfaces) StdoutLine: {'line': b'-- Up-to-date: /home/rehmaan/sensor_fusion/install/custom_interfaces/share/custom_interfaces/msg/Lidar.msg\n'}
[2.233094] (custom_interfaces) StdoutLine: {'line': b'-- Up-to-date: /home/rehmaan/sensor_fusion/install/custom_interfaces/share/custom_interfaces/msg/Motors.msg\n'}
[2.233347] (custom_interfaces) StdoutLine: {'line': b'-- Up-to-date: /home/rehmaan/sensor_fusion/install/custom_interfaces/share/custom_interfaces/msg/Odometry.msg\n'}
[2.233611] (custom_interfaces) StdoutLine: {'line': b'-- Up-to-date: /home/rehmaan/sensor_fusion/install/custom_interfaces/share/ament_index/resource_index/package_run_dependencies/custom_interfaces\n'}
[2.234150] (custom_interfaces) StdoutLine: {'line': b'-- Up-to-date: /home/rehmaan/sensor_fusion/install/custom_interfaces/share/ament_index/resource_index/parent_prefix_path/custom_interfaces\n'}
[2.234402] (custom_interfaces) StdoutLine: {'line': b'-- Up-to-date: /home/rehmaan/sensor_fusion/install/custom_interfaces/share/custom_interfaces/environment/ament_prefix_path.sh\n'}
[2.234651] (custom_interfaces) StdoutLine: {'line': b'-- Up-to-date: /home/rehmaan/sensor_fusion/install/custom_interfaces/share/custom_interfaces/environment/ament_prefix_path.dsv\n'}
[2.235075] (custom_interfaces) StdoutLine: {'line': b'-- Up-to-date: /home/rehmaan/sensor_fusion/install/custom_interfaces/share/custom_interfaces/environment/path.sh\n'}
[2.235308] (custom_interfaces) StdoutLine: {'line': b'-- Up-to-date: /home/rehmaan/sensor_fusion/install/custom_interfaces/share/custom_interfaces/environment/path.dsv\n'}
[2.236954] (custom_interfaces) StdoutLine: {'line': b'-- Up-to-date: /home/rehmaan/sensor_fusion/install/custom_interfaces/share/custom_interfaces/local_setup.bash\n'}
[2.237698] (custom_interfaces) StdoutLine: {'line': b'-- Up-to-date: /home/rehmaan/sensor_fusion/install/custom_interfaces/share/custom_interfaces/local_setup.sh\n'}
[2.238416] (custom_interfaces) StdoutLine: {'line': b'-- Up-to-date: /home/rehmaan/sensor_fusion/install/custom_interfaces/share/custom_interfaces/local_setup.zsh\n'}
[2.239233] (custom_interfaces) StdoutLine: {'line': b'-- Up-to-date: /home/rehmaan/sensor_fusion/install/custom_interfaces/share/custom_interfaces/local_setup.dsv\n'}
[2.241602] (custom_interfaces) StdoutLine: {'line': b'-- Installing: /home/rehmaan/sensor_fusion/install/custom_interfaces/share/custom_interfaces/package.dsv\n'}
[2.243027] (custom_interfaces) StdoutLine: {'line': b'-- Up-to-date: /home/rehmaan/sensor_fusion/install/custom_interfaces/share/ament_index/resource_index/packages/custom_interfaces\n'}
[2.243859] (custom_interfaces) StdoutLine: {'line': b'-- Up-to-date: /home/rehmaan/sensor_fusion/install/custom_interfaces/share/custom_interfaces/cmake/export_custom_interfaces__rosidl_generator_cExport.cmake\n'}
[2.244167] (custom_interfaces) StdoutLine: {'line': b'-- Up-to-date: /home/rehmaan/sensor_fusion/install/custom_interfaces/share/custom_interfaces/cmake/export_custom_interfaces__rosidl_generator_cExport-noconfig.cmake\n'}
[2.244440] (custom_interfaces) StdoutLine: {'line': b'-- Up-to-date: /home/rehmaan/sensor_fusion/install/custom_interfaces/share/custom_interfaces/cmake/export_custom_interfaces__rosidl_typesupport_fastrtps_cExport.cmake\n'}
[2.244810] (custom_interfaces) StdoutLine: {'line': b'-- Up-to-date: /home/rehmaan/sensor_fusion/install/custom_interfaces/share/custom_interfaces/cmake/export_custom_interfaces__rosidl_typesupport_fastrtps_cExport-noconfig.cmake\n'}
[2.245220] (custom_interfaces) StdoutLine: {'line': b'-- Up-to-date: /home/rehmaan/sensor_fusion/install/custom_interfaces/share/custom_interfaces/cmake/custom_interfaces__rosidl_typesupport_introspection_cExport.cmake\n'}
[2.245837] (custom_interfaces) StdoutLine: {'line': b'-- Up-to-date: /home/rehmaan/sensor_fusion/install/custom_interfaces/share/custom_interfaces/cmake/custom_interfaces__rosidl_typesupport_introspection_cExport-noconfig.cmake\n'}
[2.246103] (custom_interfaces) StdoutLine: {'line': b'-- Up-to-date: /home/rehmaan/sensor_fusion/install/custom_interfaces/share/custom_interfaces/cmake/custom_interfaces__rosidl_typesupport_cExport.cmake\n'}
[2.246752] (custom_interfaces) StdoutLine: {'line': b'-- Up-to-date: /home/rehmaan/sensor_fusion/install/custom_interfaces/share/custom_interfaces/cmake/custom_interfaces__rosidl_typesupport_cExport-noconfig.cmake\n'}
[2.249081] (custom_interfaces) StdoutLine: {'line': b'-- Up-to-date: /home/rehmaan/sensor_fusion/install/custom_interfaces/share/custom_interfaces/cmake/export_custom_interfaces__rosidl_generator_cppExport.cmake\n'}
[2.250601] (custom_interfaces) StdoutLine: {'line': b'-- Up-to-date: /home/rehmaan/sensor_fusion/install/custom_interfaces/share/custom_interfaces/cmake/export_custom_interfaces__rosidl_typesupport_fastrtps_cppExport.cmake\n'}
[2.250877] (custom_interfaces) StdoutLine: {'line': b'-- Up-to-date: /home/rehmaan/sensor_fusion/install/custom_interfaces/share/custom_interfaces/cmake/export_custom_interfaces__rosidl_typesupport_fastrtps_cppExport-noconfig.cmake\n'}
[2.251094] (custom_interfaces) StdoutLine: {'line': b'-- Up-to-date: /home/rehmaan/sensor_fusion/install/custom_interfaces/share/custom_interfaces/cmake/custom_interfaces__rosidl_typesupport_introspection_cppExport.cmake\n'}
[2.251966] (custom_interfaces) StdoutLine: {'line': b'-- Up-to-date: /home/rehmaan/sensor_fusion/install/custom_interfaces/share/custom_interfaces/cmake/custom_interfaces__rosidl_typesupport_introspection_cppExport-noconfig.cmake\n'}
[2.252325] (custom_interfaces) StdoutLine: {'line': b'-- Up-to-date: /home/rehmaan/sensor_fusion/install/custom_interfaces/share/custom_interfaces/cmake/custom_interfaces__rosidl_typesupport_cppExport.cmake\n'}
[2.252603] (custom_interfaces) StdoutLine: {'line': b'-- Up-to-date: /home/rehmaan/sensor_fusion/install/custom_interfaces/share/custom_interfaces/cmake/custom_interfaces__rosidl_typesupport_cppExport-noconfig.cmake\n'}
[2.252940] (custom_interfaces) StdoutLine: {'line': b'-- Up-to-date: /home/rehmaan/sensor_fusion/install/custom_interfaces/share/custom_interfaces/cmake/export_custom_interfaces__rosidl_generator_pyExport.cmake\n'}
[2.253437] (custom_interfaces) StdoutLine: {'line': b'-- Up-to-date: /home/rehmaan/sensor_fusion/install/custom_interfaces/share/custom_interfaces/cmake/export_custom_interfaces__rosidl_generator_pyExport-noconfig.cmake\n'}
[2.257693] (custom_interfaces) StdoutLine: {'line': b'-- Up-to-date: /home/rehmaan/sensor_fusion/install/custom_interfaces/share/custom_interfaces/cmake/rosidl_cmake-extras.cmake\n'}
[2.258356] (custom_interfaces) StdoutLine: {'line': b'-- Up-to-date: /home/rehmaan/sensor_fusion/install/custom_interfaces/share/custom_interfaces/cmake/ament_cmake_export_include_directories-extras.cmake\n'}
[2.258883] (custom_interfaces) StdoutLine: {'line': b'-- Up-to-date: /home/rehmaan/sensor_fusion/install/custom_interfaces/share/custom_interfaces/cmake/ament_cmake_export_libraries-extras.cmake\n'}
[2.259305] (custom_interfaces) StdoutLine: {'line': b'-- Up-to-date: /home/rehmaan/sensor_fusion/install/custom_interfaces/share/custom_interfaces/cmake/ament_cmake_export_targets-extras.cmake\n'}
[2.259591] (custom_interfaces) StdoutLine: {'line': b'-- Up-to-date: /home/rehmaan/sensor_fusion/install/custom_interfaces/share/custom_interfaces/cmake/rosidl_cmake_export_typesupport_targets-extras.cmake\n'}
[2.262170] (custom_interfaces) StdoutLine: {'line': b'-- Up-to-date: /home/rehmaan/sensor_fusion/install/custom_interfaces/share/custom_interfaces/cmake/ament_cmake_export_dependencies-extras.cmake\n'}
[2.262866] (custom_interfaces) StdoutLine: {'line': b'-- Up-to-date: /home/rehmaan/sensor_fusion/install/custom_interfaces/share/custom_interfaces/cmake/rosidl_cmake_export_typesupport_libraries-extras.cmake\n'}
[2.263109] (custom_interfaces) StdoutLine: {'line': b'-- Up-to-date: /home/rehmaan/sensor_fusion/install/custom_interfaces/share/custom_interfaces/cmake/custom_interfacesConfig.cmake\n'}
[2.263465] (custom_interfaces) StdoutLine: {'line': b'-- Up-to-date: /home/rehmaan/sensor_fusion/install/custom_interfaces/share/custom_interfaces/cmake/custom_interfacesConfig-version.cmake\n'}
[2.264133] (custom_interfaces) StdoutLine: {'line': b'-- Up-to-date: /home/rehmaan/sensor_fusion/install/custom_interfaces/share/custom_interfaces/package.xml\n'}
[2.269447] (custom_interfaces) CommandEnded: {'returncode': 0}
[2.308580] (-) TimerEvent: {}
[2.363046] (custom_interfaces) JobEnded: {'identifier': 'custom_interfaces', 'rc': 0}
[2.369960] (sensors_data) JobStarted: {'identifier': 'sensors_data'}
[2.408740] (-) TimerEvent: {}
[2.509279] (-) TimerEvent: {}
[2.609868] (-) TimerEvent: {}
[2.710869] (-) TimerEvent: {}
[2.811571] (-) TimerEvent: {}
[2.912196] (-) TimerEvent: {}
[3.012980] (-) TimerEvent: {}
[3.113746] (-) TimerEvent: {}
[3.206640] (sensors_data) JobProgress: {'identifier': 'sensors_data', 'progress': 'cmake'}
[3.209293] (sensors_data) JobProgress: {'identifier': 'sensors_data', 'progress': 'build'}
[3.210826] (sensors_data) Command: {'cmd': ['/usr/bin/cmake', '--build', '/home/rehmaan/sensor_fusion/build/sensors_data', '--', '-j12', '-l12'], 'cwd': '/home/rehmaan/sensor_fusion/build/sensors_data', 'env': OrderedDict({'PYTHON_BASIC_REPL': '1', 'LESSOPEN': '| /usr/bin/lesspipe %s', 'USER': 'rehmaan', 'GIT_ASKPASS': '/home/rehmaan/.vscode-server/bin/07ff9d6178ede9a1bd12ad3399074d726ebe6e43/extensions/git/dist/askpass.sh', 'SHLVL': '2', 'LD_LIBRARY_PATH': '/home/rehmaan/sensor_fusion/install/custom_interfaces/lib:/home/rehmaan/ros2-projects/install/my_robot_interfaces/lib:/home/rehmaan/ros2/install/my_custom_interfaces/lib:/opt/ros/jazzy/opt/rviz_ogre_vendor/lib:/opt/ros/jazzy/lib/x86_64-linux-gnu:/opt/ros/jazzy/opt/gz_math_vendor/lib:/opt/ros/jazzy/opt/gz_utils_vendor/lib:/opt/ros/jazzy/opt/gz_cmake_vendor/lib:/opt/ros/jazzy/lib', 'MOTD_SHOWN': 'update-motd', 'HOME': '/home/rehmaan', 'TERM_PROGRAM_VERSION': '1.112.0', 'VSCODE_IPC_HOOK_CLI': '/run/user/1000/vscode-ipc-a49f383f-9d82-4a2f-b984-b9a73b3abcf2.sock', 'ROS_PYTHON_VERSION': '3', 'VSCODE_GIT_ASKPASS_MAIN': '/home/rehmaan/.vscode-server/bin/07ff9d6178ede9a1bd12ad3399074d726ebe6e43/extensions/git/dist/askpass-main.js', 'VSCODE_GIT_ASKPASS_NODE': '/home/rehmaan/.vscode-server/bin/07ff9d6178ede9a1bd12ad3399074d726ebe6e43/node', 'PYDEVD_DISABLE_FILE_VALIDATION': '1', 'BUNDLED_DEBUGPY_PATH': '/home/rehmaan/.vscode-server/extensions/ms-python.debugpy-2025.18.0-linux-x64/bundled/libs/debugpy', 'VSCODE_PYTHON_AUTOACTIVATE_GUARD': '1', 'DBUS_SESSION_BUS_ADDRESS': 'unix:path=/run/user/1000/bus', 'COLORTERM': 'truecolor', 'WSL_DISTRO_NAME': 'Ubuntu-24.04', 'WAYLAND_DISPLAY': 'wayland-0', 'COLCON_PREFIX_PATH': '/home/rehmaan/sensor_fusion/install:/home/rehmaan/ros2-projects/install:/home/rehmaan/ros2-projects/src/my_cpp_pkg/install:/home/rehmaan/ros2/install', 'ROS_DISTRO': 'jazzy', 'LOGNAME': 'rehmaan', 'NAME': 'Code', 'WSL_INTEROP': '/run/WSL/604_interop', 'PULSE_SERVER': 'unix:/mnt/wslg/PulseServer', '_': '/usr/bin/colcon', 'ROS_VERSION': '2', 'TERM': 'xterm-256color', 'PATH': '/home/rehmaan/.vscode-server/data/User/globalStorage/github.copilot-chat/debugCommand:/home/rehmaan/.vscode-server/data/User/globalStorage/github.copilot-chat/copilotCli:/home/rehmaan/.vscode-server/bin/07ff9d6178ede9a1bd12ad3399074d726ebe6e43/bin/remote-cli:/home/rehmaan/.local/bin:/home/rehmaan/ros2-projects/src/my_cpp_pkg/install/my_cpp_pkg/bin:/opt/ros/jazzy/bin:/usr/local/sbin:/usr/local/bin:/usr/sbin:/usr/bin:/sbin:/bin:/usr/games:/usr/local/games:/usr/lib/wsl/lib:/mnt/c/Program Files/WindowsApps/MicrosoftCorporationII.WindowsSubsystemForLinux_2.4.11.0_x64__8wekyb3d8bbwe:/mnt/c/Program Files/Python312/:/mnt/c/WINDOWS/system32:/mnt/c/WINDOWS:/mnt/c/WINDOWS/System32/Wbem:/mnt/c/WINDOWS/System32/WindowsPowerShell/v1.0/:/mnt/c/WINDOWS/System32/OpenSSH/:/mnt/c/Program Files/Microsoft SQL Server/150/Tools/Binn/:/mnt/c/Program Files/Microsoft SQL Server/Client SDK/ODBC/170/Tools/Binn/:/mnt/c/Program Files/dotnet/:/mnt/c/Program Files/Microsoft VS Code/bin:/mnt/c/Program Files (x86)/Microsoft SQL Server/160/Tools/Binn/:/mnt/c/Program Files/Microsoft SQL Server/160/Tools/Binn/:/mnt/c/Program Files/Microsoft SQL Server/160/DTS/Binn/:/mnt/c/Program Files (x86)/Microsoft SQL Server/160/DTS/Binn/:/mnt/c/Users/Imdadul.Rehmaan/AppData/Roaming/nvm:/mnt/c/nvm:/mnt/c/ProgramData/chocolatey/bin:/mnt/c/Program Files (x86)/Windows Kits/10/Windows Performance Toolkit/:/mnt/c/Program Files/TortoiseGit/bin:/mnt/c/Program Files/usbipd-win/:/mnt/c/Program Files/PuTTY/:/mnt/c/Program Files/nodejs/:/mnt/c/Program Files/GitHub CLI/:/mnt/c/Users/Imdadul.Rehmaan/scoop/apps/git/current/bin:/mnt/c/Users/Imdadul.Rehmaan/scoop/shims:/mnt/c/Users/Imdadul.Rehmaan/AppData/Local/Microsoft/WindowsApps:/mnt/c/Users/Imdadul.Rehmaan/.dotnet/tools:/mnt/c/Users/Imdadul.Rehmaan/AppData/Roaming/npm:/mnt/c/Users/Imdadul.Rehmaan/AppData/Local/Programs/Git/cmd:/mnt/c/Users/Imdadul.Rehmaan/AppData/Roaming/nvm:/mnt/c/nvm:/mnt/c/tools/flutter/bin:/mnt/c/Users/Imdadul.Rehmaan/AppData/Local/Pub/Cache/bin:/mnt/c/Android/cmdline-tools/latest/bin:/mnt/c/Android/platform-tools:/mnt/c/Users/Imdadul.Rehmaan/mingw64/bin:/snap/bin:/home/rehmaan/.vscode-server/extensions/ms-python.debugpy-2025.18.0-linux-x64/bundled/scripts/noConfigScripts', 'XDG_RUNTIME_DIR': '/run/user/1000/', 'DISPLAY': ':0', 'VSCODE_DEBUGPY_ADAPTER_ENDPOINTS': '/home/rehmaan/.vscode-server/extensions/ms-python.debugpy-2025.18.0-linux-x64/.noConfigDebugAdapterEndpoints/endpoint-5eef2bab757dd9f7.txt', 'LANG': 'en_US.UTF-8', 'PYTHONSTARTUP': '/home/rehmaan/.vscode-server/data/User/workspaceStorage/a037f39ae17c8ea6d52369655e287e6c/ms-python.python/pythonrc.py', 'LS_COLORS': 'rs=0:di=01;34:ln=01;36:mh=00:pi=40;33:so=01;35:do=01;35:bd=40;33;01:cd=40;33;01:or=40;31;01:mi=00:su=37;41:sg=30;43:ca=00:tw=30;42:ow=34;42:st=37;44:ex=01;32:*.tar=01;31:*.tgz=01;31:*.arc=01;31:*.arj=01;31:*.taz=01;31:*.lha=01;31:*.lz4=01;31:*.lzh=01;31:*.lzma=01;31:*.tlz=01;31:*.txz=01;31:*.tzo=01;31:*.t7z=01;31:*.zip=01;31:*.z=01;31:*.dz=01;31:*.gz=01;31:*.lrz=01;31:*.lz=01;31:*.lzo=01;31:*.xz=01;31:*.zst=01;31:*.tzst=01;31:*.bz2=01;31:*.bz=01;31:*.tbz=01;31:*.tbz2=01;31:*.tz=01;31:*.deb=01;31:*.rpm=01;31:*.jar=01;31:*.war=01;31:*.ear=01;31:*.sar=01;31:*.rar=01;31:*.alz=01;31:*.ace=01;31:*.zoo=01;31:*.cpio=01;31:*.7z=01;31:*.rz=01;31:*.cab=01;31:*.wim=01;31:*.swm=01;31:*.dwm=01;31:*.esd=01;31:*.avif=01;35:*.jpg=01;35:*.jpeg=01;35:*.mjpg=01;35:*.mjpeg=01;35:*.gif=01;35:*.bmp=01;35:*.pbm=01;35:*.pgm=01;35:*.ppm=01;35:*.tga=01;35:*.xbm=01;35:*.xpm=01;35:*.tif=01;35:*.tiff=01;35:*.png=01;35:*.svg=01;35:*.svgz=01;35:*.mng=01;35:*.pcx=01;35:*.mov=01;35:*.mpg=01;35:*.mpeg=01;35:*.m2v=01;35:*.mkv=01;35:*.webm=01;35:*.webp=01;35:*.ogm=01;35:*.mp4=01;35:*.m4v=01;35:*.mp4v=01;35:*.vob=01;35:*.qt=01;35:*.nuv=01;35:*.wmv=01;35:*.asf=01;35:*.rm=01;35:*.rmvb=01;35:*.flc=01;35:*.avi=01;35:*.fli=01;35:*.flv=01;35:*.gl=01;35:*.dl=01;35:*.xcf=01;35:*.xwd=01;35:*.yuv=01;35:*.cgm=01;35:*.emf=01;35:*.ogv=01;35:*.ogx=01;35:*.aac=00;36:*.au=00;36:*.flac=00;36:*.m4a=00;36:*.mid=00;36:*.midi=00;36:*.mka=00;36:*.mp3=00;36:*.mpc=00;36:*.ogg=00;36:*.ra=00;36:*.wav=00;36:*.oga=00;36:*.opus=00;36:*.spx=00;36:*.xspf=00;36:*~=00;90:*#=00;90:*.bak=00;90:*.crdownload=00;90:*.dpkg-dist=00;90:*.dpkg-new=00;90:*.dpkg-old=00;90:*.dpkg-tmp=00;90:*.old=00;90:*.orig=00;90:*.part=00;90:*.rej=00;90:*.rpmnew=00;90:*.rpmorig=00;90:*.rpmsave=00;90:*.swp=00;90:*.tmp=00;90:*.ucf-dist=00;90:*.ucf-new=00;90:*.ucf-old=00;90:', 'VSCODE_GIT_IPC_HANDLE': '/run/user/1000/vscode-git-4c7b1f9e02.sock', 'TERM_PROGRAM': 'vscode', 'AMENT_PREFIX_PATH': '/home/rehmaan/sensor_fusion/install/sensors_data:/home/rehmaan/sensor_fusion/install/custom_interfaces:/home/rehmaan/ros2-projects/install/my_robot_bringup:/home/rehmaan/ros2-projects/install/turtlesim_project:/home/rehmaan/ros2-projects/install/my_py_pkg:/home/rehmaan/ros2-projects/install/my_cpp_pkg:/home/rehmaan/ros2-projects/install/my_robot_interfaces:/home/rehmaan/ros2-projects/src/my_cpp_pkg/install/my_cpp_pkg:/home/rehmaan/ros2/install/launch_turtle_project:/home/rehmaan/ros2/install/py_pkg:/home/rehmaan/ros2/install/cpp_pkg:/home/rehmaan/ros2/install/my_custom_interfaces:/opt/ros/jazzy', 'SHELL': '/bin/bash', 'LESSCLOSE': '/usr/bin/lesspipe %s %s', 'ROS_AUTOMATIC_DISCOVERY_RANGE': 'SUBNET', 'VSCODE_GIT_ASKPASS_EXTRA_ARGS': '', 'PWD': '/home/rehmaan/sensor_fusion/build/sensors_data', 'XDG_DATA_DIRS': '/usr/local/share:/usr/share:/var/lib/snapd/desktop', 'PYTHONPATH': '/home/rehmaan/sensor_fusion/install/custom_interfaces/lib/python3.12/site-packages:/home/rehmaan/ros2-projects/install/turtlesim_project/lib/python3.12/site-packages:/home/rehmaan/ros2-projects/install/my_py_pkg/lib/python3.12/site-packages:/home/rehmaan/ros2-projects/install/my_robot_interfaces/lib/python3.12/site-packages:/home/rehmaan/ros2/install/py_pkg/lib/python3.12/site-packages:/home/rehmaan/ros2/install/my_custom_interfaces/lib/python3.12/site-packages:/opt/ros/jazzy/lib/python3.12/site-packages', 'COLCON': '1', 'WSL2_GUI_APPS_ENABLED': '1', 'HOSTTYPE': 'x86_64', 'CMAKE_PREFIX_PATH': '/home/rehmaan/sensor_fusion/install/custom_interfaces:/home/rehmaan/sensor_fusion/install/sensors_data:/home/rehmaan/ros2-projects/install/my_robot_bringup:/home/rehmaan/ros2-projects/install/my_cpp_pkg:/home/rehmaan/ros2-projects/install/my_robot_interfaces:/home/rehmaan/ros2-projects/src/my_cpp_pkg/install/my_cpp_pkg:/home/rehmaan/ros2/install/launch_turtle_project:/home/rehmaan/ros2/install/cpp_pkg:/home/rehmaan/ros2/install/my_custom_interfaces:/opt/ros/jazzy/opt/gz_math_vendor:/opt/ros/jazzy/opt/gz_utils_vendor:/opt/ros/jazzy/opt/gz_cmake_vendor:/home/rehmaan/ros2-projects/install/turtlesim_project:/home/rehmaan/ros2-projects/install/my_py_pkg:/home/rehmaan/ros2/install/py_pkg:/opt/ros/jazzy', 'WSLENV': 'ELECTRON_RUN_AS_NODE/w:'}), 'shell': False}
[3.218032] (-) TimerEvent: {}
[3.318966] (-) TimerEvent: {}
[3.419990] (-) TimerEvent: {}
[3.426948] (sensors_data) StdoutLine: {'line': b'[ 50%] Built target odometry_node\n'}
[3.445439] (sensors_data) StdoutLine: {'line': b'[ 75%] \x1b[32mBuilding CXX object CMakeFiles/battery_node.dir/src/battery.cpp.o\x1b[0m\n'}
[3.520231] (-) TimerEvent: {}
[3.621911] (-) TimerEvent: {}
[3.724596] (-) TimerEvent: {}
[3.825558] (-) TimerEvent: {}
[3.926370] (-) TimerEvent: {}
[4.027184] (-) TimerEvent: {}
[4.127964] (-) TimerEvent: {}
[4.228571] (-) TimerEvent: {}
[4.329262] (-) TimerEvent: {}
[4.430039] (-) TimerEvent: {}
[4.531104] (-) TimerEvent: {}
[4.632332] (-) TimerEvent: {}
[4.733910] (-) TimerEvent: {}
[4.834623] (-) TimerEvent: {}
[4.935631] (-) TimerEvent: {}
[5.036284] (-) TimerEvent: {}
[5.137535] (-) TimerEvent: {}
[5.239344] (-) TimerEvent: {}
[5.340584] (-) TimerEvent: {}
[5.441505] (-) TimerEvent: {}
[5.542477] (-) TimerEvent: {}
[5.643370] (-) TimerEvent: {}
[5.744120] (-) TimerEvent: {}
[5.844937] (-) TimerEvent: {}
[5.945701] (-) TimerEvent: {}
[6.046474] (-) TimerEvent: {}
[6.147404] (-) TimerEvent: {}
[6.248545] (-) TimerEvent: {}
[6.349777] (-) TimerEvent: {}
[6.451146] (-) TimerEvent: {}
[6.552193] (-) TimerEvent: {}
[6.653606] (-) TimerEvent: {}
[6.754608] (-) TimerEvent: {}
[6.855936] (-) TimerEvent: {}
[6.957128] (-) TimerEvent: {}
[7.058022] (-) TimerEvent: {}
[7.158650] (-) TimerEvent: {}
[7.259444] (-) TimerEvent: {}
[7.360087] (-) TimerEvent: {}
[7.460869] (-) TimerEvent: {}
[7.561588] (-) TimerEvent: {}
[7.662668] (-) TimerEvent: {}
[7.763439] (-) TimerEvent: {}
[7.864577] (-) TimerEvent: {}
[7.965736] (-) TimerEvent: {}
[8.067159] (-) TimerEvent: {}
[8.168186] (-) TimerEvent: {}
[8.268889] (-) TimerEvent: {}
[8.369747] (-) TimerEvent: {}
[8.470685] (-) TimerEvent: {}
[8.571678] (-) TimerEvent: {}
[8.672714] (-) TimerEvent: {}
[8.773409] (-) TimerEvent: {}
[8.874153] (-) TimerEvent: {}
[8.974999] (-) TimerEvent: {}
[9.075641] (-) TimerEvent: {}
[9.176317] (-) TimerEvent: {}
[9.277142] (-) TimerEvent: {}
[9.377965] (-) TimerEvent: {}
[9.478800] (-) TimerEvent: {}
[9.579547] (-) TimerEvent: {}
[9.680623] (-) TimerEvent: {}
[9.782435] (-) TimerEvent: {}
[9.883554] (-) TimerEvent: {}
[9.984400] (-) TimerEvent: {}
[10.085235] (-) TimerEvent: {}
[10.186054] (-) TimerEvent: {}
[10.286869] (-) TimerEvent: {}
[10.387936] (-) TimerEvent: {}
[10.488819] (-) TimerEvent: {}
[10.589558] (-) TimerEvent: {}
[10.690234] (-) TimerEvent: {}
[10.790889] (-) TimerEvent: {}
[10.891566] (-) TimerEvent: {}
[10.992277] (-) TimerEvent: {}
[11.093000] (-) TimerEvent: {}
[11.193819] (-) TimerEvent: {}
[11.294343] (-) TimerEvent: {}
[11.395204] (-) TimerEvent: {}
[11.495866] (-) TimerEvent: {}
[11.596614] (-) TimerEvent: {}
[11.697586] (-) TimerEvent: {}
[11.799049] (-) TimerEvent: {}
[11.900687] (-) TimerEvent: {}
[12.002136] (-) TimerEvent: {}
[12.103853] (-) TimerEvent: {}
[12.205964] (-) TimerEvent: {}
[12.307466] (-) TimerEvent: {}
[12.408860] (-) TimerEvent: {}
[12.510065] (-) TimerEvent: {}
[12.613229] (-) TimerEvent: {}
[12.714365] (-) TimerEvent: {}
[12.815319] (-) TimerEvent: {}
[12.917059] (-) TimerEvent: {}
[13.017958] (-) TimerEvent: {}
[13.118524] (-) TimerEvent: {}
[13.219437] (-) TimerEvent: {}
[13.320430] (-) TimerEvent: {}
[13.421722] (-) TimerEvent: {}
[13.522911] (-) TimerEvent: {}
[13.623574] (-) TimerEvent: {}
[13.724320] (-) TimerEvent: {}
[13.825492] (-) TimerEvent: {}
[13.926141] (-) TimerEvent: {}
[14.026905] (-) TimerEvent: {}
[14.127667] (-) TimerEvent: {}
[14.228393] (-) TimerEvent: {}
[14.329156] (-) TimerEvent: {}
[14.430349] (-) TimerEvent: {}
[14.531551] (-) TimerEvent: {}
[14.633805] (-) TimerEvent: {}
[14.735368] (-) TimerEvent: {}
[14.836302] (-) TimerEvent: {}
[14.937323] (-) TimerEvent: {}
[15.038484] (-) TimerEvent: {}
[15.139556] (-) TimerEvent: {}
[15.240057] (-) TimerEvent: {}
[15.340786] (-) TimerEvent: {}
[15.441490] (-) TimerEvent: {}
[15.542316] (-) TimerEvent: {}
[15.642971] (-) TimerEvent: {}
[15.743714] (-) TimerEvent: {}
[15.844574] (-) TimerEvent: {}
[15.945322] (-) TimerEvent: {}
[16.046141] (-) TimerEvent: {}
[16.147060] (-) TimerEvent: {}
[16.248261] (-) TimerEvent: {}
[16.349482] (-) TimerEvent: {}
[16.450763] (-) TimerEvent: {}
[16.551744] (-) TimerEvent: {}
[16.652715] (-) TimerEvent: {}
[16.753529] (-) TimerEvent: {}
[16.854922] (-) TimerEvent: {}
[16.956106] (-) TimerEvent: {}
[17.057194] (-) TimerEvent: {}
[17.158239] (-) TimerEvent: {}
[17.259060] (-) TimerEvent: {}
[17.359931] (-) TimerEvent: {}
[17.460757] (-) TimerEvent: {}
[17.561561] (-) TimerEvent: {}
[17.662275] (-) TimerEvent: {}
[17.763032] (-) TimerEvent: {}
[17.864278] (-) TimerEvent: {}
[17.965689] (-) TimerEvent: {}
[18.066877] (-) TimerEvent: {}
[18.167707] (-) TimerEvent: {}
[18.268500] (-) TimerEvent: {}
[18.363081] (sensors_data) StdoutLine: {'line': b'[100%] \x1b[32m\x1b[1mLinking CXX executable battery_node\x1b[0m\n'}
[18.368718] (-) TimerEvent: {}
[18.469656] (-) TimerEvent: {}
[18.570969] (-) TimerEvent: {}
[18.671709] (-) TimerEvent: {}
[18.772845] (-) TimerEvent: {}
[18.874002] (-) TimerEvent: {}
[18.974772] (-) TimerEvent: {}
[19.075622] (-) TimerEvent: {}
[19.176414] (-) TimerEvent: {}
[19.277198] (-) TimerEvent: {}
[19.338915] (sensors_data) StdoutLine: {'line': b'[100%] Built target battery_node\n'}
[19.361716] (sensors_data) CommandEnded: {'returncode': 0}
[19.364671] (sensors_data) JobProgress: {'identifier': 'sensors_data', 'progress': 'install'}
[19.365954] (sensors_data) Command: {'cmd': ['/usr/bin/cmake', '--install', '/home/rehmaan/sensor_fusion/build/sensors_data'], 'cwd': '/home/rehmaan/sensor_fusion/build/sensors_data', 'env': OrderedDict({'PYTHON_BASIC_REPL': '1', 'LESSOPEN': '| /usr/bin/lesspipe %s', 'USER': 'rehmaan', 'GIT_ASKPASS': '/home/rehmaan/.vscode-server/bin/07ff9d6178ede9a1bd12ad3399074d726ebe6e43/extensions/git/dist/askpass.sh', 'SHLVL': '2', 'LD_LIBRARY_PATH': '/home/rehmaan/sensor_fusion/install/custom_interfaces/lib:/home/rehmaan/ros2-projects/install/my_robot_interfaces/lib:/home/rehmaan/ros2/install/my_custom_interfaces/lib:/opt/ros/jazzy/opt/rviz_ogre_vendor/lib:/opt/ros/jazzy/lib/x86_64-linux-gnu:/opt/ros/jazzy/opt/gz_math_vendor/lib:/opt/ros/jazzy/opt/gz_utils_vendor/lib:/opt/ros/jazzy/opt/gz_cmake_vendor/lib:/opt/ros/jazzy/lib', 'MOTD_SHOWN': 'update-motd', 'HOME': '/home/rehmaan', 'TERM_PROGRAM_VERSION': '1.112.0', 'VSCODE_IPC_HOOK_CLI': '/run/user/1000/vscode-ipc-a49f383f-9d82-4a2f-b984-b9a73b3abcf2.sock', 'ROS_PYTHON_VERSION': '3', 'VSCODE_GIT_ASKPASS_MAIN': '/home/rehmaan/.vscode-server/bin/07ff9d6178ede9a1bd12ad3399074d726ebe6e43/extensions/git/dist/askpass-main.js', 'VSCODE_GIT_ASKPASS_NODE': '/home/rehmaan/.vscode-server/bin/07ff9d6178ede9a1bd12ad3399074d726ebe6e43/node', 'PYDEVD_DISABLE_FILE_VALIDATION': '1', 'BUNDLED_DEBUGPY_PATH': '/home/rehmaan/.vscode-server/extensions/ms-python.debugpy-2025.18.0-linux-x64/bundled/libs/debugpy', 'VSCODE_PYTHON_AUTOACTIVATE_GUARD': '1', 'DBUS_SESSION_BUS_ADDRESS': 'unix:path=/run/user/1000/bus', 'COLORTERM': 'truecolor', 'WSL_DISTRO_NAME': 'Ubuntu-24.04', 'WAYLAND_DISPLAY': 'wayland-0', 'COLCON_PREFIX_PATH': '/home/rehmaan/sensor_fusion/install:/home/rehmaan/ros2-projects/install:/home/rehmaan/ros2-projects/src/my_cpp_pkg/install:/home/rehmaan/ros2/install', 'ROS_DISTRO': 'jazzy', 'LOGNAME': 'rehmaan', 'NAME': 'Code', 'WSL_INTEROP': '/run/WSL/604_interop', 'PULSE_SERVER': 'unix:/mnt/wslg/PulseServer', '_': '/usr/bin/colcon', 'ROS_VERSION': '2', 'TERM': 'xterm-256color', 'PATH': '/home/rehmaan/.vscode-server/data/User/globalStorage/github.copilot-chat/debugCommand:/home/rehmaan/.vscode-server/data/User/globalStorage/github.copilot-chat/copilotCli:/home/rehmaan/.vscode-server/bin/07ff9d6178ede9a1bd12ad3399074d726ebe6e43/bin/remote-cli:/home/rehmaan/.local/bin:/home/rehmaan/ros2-projects/src/my_cpp_pkg/install/my_cpp_pkg/bin:/opt/ros/jazzy/bin:/usr/local/sbin:/usr/local/bin:/usr/sbin:/usr/bin:/sbin:/bin:/usr/games:/usr/local/games:/usr/lib/wsl/lib:/mnt/c/Program Files/WindowsApps/MicrosoftCorporationII.WindowsSubsystemForLinux_2.4.11.0_x64__8wekyb3d8bbwe:/mnt/c/Program Files/Python312/:/mnt/c/WINDOWS/system32:/mnt/c/WINDOWS:/mnt/c/WINDOWS/System32/Wbem:/mnt/c/WINDOWS/System32/WindowsPowerShell/v1.0/:/mnt/c/WINDOWS/System32/OpenSSH/:/mnt/c/Program Files/Microsoft SQL Server/150/Tools/Binn/:/mnt/c/Program Files/Microsoft SQL Server/Client SDK/ODBC/170/Tools/Binn/:/mnt/c/Program Files/dotnet/:/mnt/c/Program Files/Microsoft VS Code/bin:/mnt/c/Program Files (x86)/Microsoft SQL Server/160/Tools/Binn/:/mnt/c/Program Files/Microsoft SQL Server/160/Tools/Binn/:/mnt/c/Program Files/Microsoft SQL Server/160/DTS/Binn/:/mnt/c/Program Files (x86)/Microsoft SQL Server/160/DTS/Binn/:/mnt/c/Users/Imdadul.Rehmaan/AppData/Roaming/nvm:/mnt/c/nvm:/mnt/c/ProgramData/chocolatey/bin:/mnt/c/Program Files (x86)/Windows Kits/10/Windows Performance Toolkit/:/mnt/c/Program Files/TortoiseGit/bin:/mnt/c/Program Files/usbipd-win/:/mnt/c/Program Files/PuTTY/:/mnt/c/Program Files/nodejs/:/mnt/c/Program Files/GitHub CLI/:/mnt/c/Users/Imdadul.Rehmaan/scoop/apps/git/current/bin:/mnt/c/Users/Imdadul.Rehmaan/scoop/shims:/mnt/c/Users/Imdadul.Rehmaan/AppData/Local/Microsoft/WindowsApps:/mnt/c/Users/Imdadul.Rehmaan/.dotnet/tools:/mnt/c/Users/Imdadul.Rehmaan/AppData/Roaming/npm:/mnt/c/Users/Imdadul.Rehmaan/AppData/Local/Programs/Git/cmd:/mnt/c/Users/Imdadul.Rehmaan/AppData/Roaming/nvm:/mnt/c/nvm:/mnt/c/tools/flutter/bin:/mnt/c/Users/Imdadul.Rehmaan/AppData/Local/Pub/Cache/bin:/mnt/c/Android/cmdline-tools/latest/bin:/mnt/c/Android/platform-tools:/mnt/c/Users/Imdadul.Rehmaan/mingw64/bin:/snap/bin:/home/rehmaan/.vscode-server/extensions/ms-python.debugpy-2025.18.0-linux-x64/bundled/scripts/noConfigScripts', 'XDG_RUNTIME_DIR': '/run/user/1000/', 'DISPLAY': ':0', 'VSCODE_DEBUGPY_ADAPTER_ENDPOINTS': '/home/rehmaan/.vscode-server/extensions/ms-python.debugpy-2025.18.0-linux-x64/.noConfigDebugAdapterEndpoints/endpoint-5eef2bab757dd9f7.txt', 'LANG': 'en_US.UTF-8', 'PYTHONSTARTUP': '/home/rehmaan/.vscode-server/data/User/workspaceStorage/a037f39ae17c8ea6d52369655e287e6c/ms-python.python/pythonrc.py', 'LS_COLORS': 'rs=0:di=01;34:ln=01;36:mh=00:pi=40;33:so=01;35:do=01;35:bd=40;33;01:cd=40;33;01:or=40;31;01:mi=00:su=37;41:sg=30;43:ca=00:tw=30;42:ow=34;42:st=37;44:ex=01;32:*.tar=01;31:*.tgz=01;31:*.arc=01;31:*.arj=01;31:*.taz=01;31:*.lha=01;31:*.lz4=01;31:*.lzh=01;31:*.lzma=01;31:*.tlz=01;31:*.txz=01;31:*.tzo=01;31:*.t7z=01;31:*.zip=01;31:*.z=01;31:*.dz=01;31:*.gz=01;31:*.lrz=01;31:*.lz=01;31:*.lzo=01;31:*.xz=01;31:*.zst=01;31:*.tzst=01;31:*.bz2=01;31:*.bz=01;31:*.tbz=01;31:*.tbz2=01;31:*.tz=01;31:*.deb=01;31:*.rpm=01;31:*.jar=01;31:*.war=01;31:*.ear=01;31:*.sar=01;31:*.rar=01;31:*.alz=01;31:*.ace=01;31:*.zoo=01;31:*.cpio=01;31:*.7z=01;31:*.rz=01;31:*.cab=01;31:*.wim=01;31:*.swm=01;31:*.dwm=01;31:*.esd=01;31:*.avif=01;35:*.jpg=01;35:*.jpeg=01;35:*.mjpg=01;35:*.mjpeg=01;35:*.gif=01;35:*.bmp=01;35:*.pbm=01;35:*.pgm=01;35:*.ppm=01;35:*.tga=01;35:*.xbm=01;35:*.xpm=01;35:*.tif=01;35:*.tiff=01;35:*.png=01;35:*.svg=01;35:*.svgz=01;35:*.mng=01;35:*.pcx=01;35:*.mov=01;35:*.mpg=01;35:*.mpeg=01;35:*.m2v=01;35:*.mkv=01;35:*.webm=01;35:*.webp=01;35:*.ogm=01;35:*.mp4=01;35:*.m4v=01;35:*.mp4v=01;35:*.vob=01;35:*.qt=01;35:*.nuv=01;35:*.wmv=01;35:*.asf=01;35:*.rm=01;35:*.rmvb=01;35:*.flc=01;35:*.avi=01;35:*.fli=01;35:*.flv=01;35:*.gl=01;35:*.dl=01;35:*.xcf=01;35:*.xwd=01;35:*.yuv=01;35:*.cgm=01;35:*.emf=01;35:*.ogv=01;35:*.ogx=01;35:*.aac=00;36:*.au=00;36:*.flac=00;36:*.m4a=00;36:*.mid=00;36:*.midi=00;36:*.mka=00;36:*.mp3=00;36:*.mpc=00;36:*.ogg=00;36:*.ra=00;36:*.wav=00;36:*.oga=00;36:*.opus=00;36:*.spx=00;36:*.xspf=00;36:*~=00;90:*#=00;90:*.bak=00;90:*.crdownload=00;90:*.dpkg-dist=00;90:*.dpkg-new=00;90:*.dpkg-old=00;90:*.dpkg-tmp=00;90:*.old=00;90:*.orig=00;90:*.part=00;90:*.rej=00;90:*.rpmnew=00;90:*.rpmorig=00;90:*.rpmsave=00;90:*.swp=00;90:*.tmp=00;90:*.ucf-dist=00;90:*.ucf-new=00;90:*.ucf-old=00;90:', 'VSCODE_GIT_IPC_HANDLE': '/run/user/1000/vscode-git-4c7b1f9e02.sock', 'TERM_PROGRAM': 'vscode', 'AMENT_PREFIX_PATH': '/home/rehmaan/sensor_fusion/install/sensors_data:/home/rehmaan/sensor_fusion/install/custom_interfaces:/home/rehmaan/ros2-projects/install/my_robot_bringup:/home/rehmaan/ros2-projects/install/turtlesim_project:/home/rehmaan/ros2-projects/install/my_py_pkg:/home/rehmaan/ros2-projects/install/my_cpp_pkg:/home/rehmaan/ros2-projects/install/my_robot_interfaces:/home/rehmaan/ros2-projects/src/my_cpp_pkg/install/my_cpp_pkg:/home/rehmaan/ros2/install/launch_turtle_project:/home/rehmaan/ros2/install/py_pkg:/home/rehmaan/ros2/install/cpp_pkg:/home/rehmaan/ros2/install/my_custom_interfaces:/opt/ros/jazzy', 'SHELL': '/bin/bash', 'LESSCLOSE': '/usr/bin/lesspipe %s %s', 'ROS_AUTOMATIC_DISCOVERY_RANGE': 'SUBNET', 'VSCODE_GIT_ASKPASS_EXTRA_ARGS': '', 'PWD': '/home/rehmaan/sensor_fusion/build/sensors_data', 'XDG_DATA_DIRS': '/usr/local/share:/usr/share:/var/lib/snapd/desktop', 'PYTHONPATH': '/home/rehmaan/sensor_fusion/install/custom_interfaces/lib/python3.12/site-packages:/home/rehmaan/ros2-projects/install/turtlesim_project/lib/python3.12/site-packages:/home/rehmaan/ros2-projects/install/my_py_pkg/lib/python3.12/site-packages:/home/rehmaan/ros2-projects/install/my_robot_interfaces/lib/python3.12/site-packages:/home/rehmaan/ros2/install/py_pkg/lib/python3.12/site-packages:/home/rehmaan/ros2/install/my_custom_interfaces/lib/python3.12/site-packages:/opt/ros/jazzy/lib/python3.12/site-packages', 'COLCON': '1', 'WSL2_GUI_APPS_ENABLED': '1', 'HOSTTYPE': 'x86_64', 'CMAKE_PREFIX_PATH': '/home/rehmaan/sensor_fusion/install/custom_interfaces:/home/rehmaan/sensor_fusion/install/sensors_data:/home/rehmaan/ros2-projects/install/my_robot_bringup:/home/rehmaan/ros2-projects/install/my_cpp_pkg:/home/rehmaan/ros2-projects/install/my_robot_interfaces:/home/rehmaan/ros2-projects/src/my_cpp_pkg/install/my_cpp_pkg:/home/rehmaan/ros2/install/launch_turtle_project:/home/rehmaan/ros2/install/cpp_pkg:/home/rehmaan/ros2/install/my_custom_interfaces:/opt/ros/jazzy/opt/gz_math_vendor:/opt/ros/jazzy/opt/gz_utils_vendor:/opt/ros/jazzy/opt/gz_cmake_vendor:/home/rehmaan/ros2-projects/install/turtlesim_project:/home/rehmaan/ros2-projects/install/my_py_pkg:/home/rehmaan/ros2/install/py_pkg:/opt/ros/jazzy', 'WSLENV': 'ELECTRON_RUN_AS_NODE/w:'}), 'shell': False}
[19.377453] (-) TimerEvent: {}
[19.386164] (sensors_data) StdoutLine: {'line': b'-- Install configuration: ""\n'}
[19.388422] (sensors_data) StdoutLine: {'line': b'-- Up-to-date: /home/rehmaan/sensor_fusion/install/sensors_data/lib/sensors_data/odometry_node\n'}
[19.389722] (sensors_data) StdoutLine: {'line': b'-- Installing: /home/rehmaan/sensor_fusion/install/sensors_data/lib/sensors_data/battery_node\n'}
[19.395948] (sensors_data) StdoutLine: {'line': b'-- Set non-toolchain portion of runtime path of "/home/rehmaan/sensor_fusion/install/sensors_data/lib/sensors_data/battery_node" to ""\n'}
[19.398008] (sensors_data) StdoutLine: {'line': b'-- Up-to-date: /home/rehmaan/sensor_fusion/install/sensors_data/share/ament_index/resource_index/package_run_dependencies/sensors_data\n'}
[19.399093] (sensors_data) StdoutLine: {'line': b'-- Up-to-date: /home/rehmaan/sensor_fusion/install/sensors_data/share/ament_index/resource_index/parent_prefix_path/sensors_data\n'}
[19.399572] (sensors_data) StdoutLine: {'line': b'-- Up-to-date: /home/rehmaan/sensor_fusion/install/sensors_data/share/sensors_data/environment/ament_prefix_path.sh\n'}
[19.399856] (sensors_data) StdoutLine: {'line': b'-- Up-to-date: /home/rehmaan/sensor_fusion/install/sensors_data/share/sensors_data/environment/ament_prefix_path.dsv\n'}
[19.400107] (sensors_data) StdoutLine: {'line': b'-- Up-to-date: /home/rehmaan/sensor_fusion/install/sensors_data/share/sensors_data/environment/path.sh\n'}
[19.400514] (sensors_data) StdoutLine: {'line': b'-- Up-to-date: /home/rehmaan/sensor_fusion/install/sensors_data/share/sensors_data/environment/path.dsv\n'}
[19.400764] (sensors_data) StdoutLine: {'line': b'-- Up-to-date: /home/rehmaan/sensor_fusion/install/sensors_data/share/sensors_data/local_setup.bash\n'}
[19.401105] (sensors_data) StdoutLine: {'line': b'-- Up-to-date: /home/rehmaan/sensor_fusion/install/sensors_data/share/sensors_data/local_setup.sh\n'}
[19.402694] (sensors_data) StdoutLine: {'line': b'-- Up-to-date: /home/rehmaan/sensor_fusion/install/sensors_data/share/sensors_data/local_setup.zsh\n'}
[19.403228] (sensors_data) StdoutLine: {'line': b'-- Up-to-date: /home/rehmaan/sensor_fusion/install/sensors_data/share/sensors_data/local_setup.dsv\n'}
[19.403466] (sensors_data) StdoutLine: {'line': b'-- Installing: /home/rehmaan/sensor_fusion/install/sensors_data/share/sensors_data/package.dsv\n'}
[19.403681] (sensors_data) StdoutLine: {'line': b'-- Up-to-date: /home/rehmaan/sensor_fusion/install/sensors_data/share/ament_index/resource_index/packages/sensors_data\n'}
[19.404706] (sensors_data) StdoutLine: {'line': b'-- Up-to-date: /home/rehmaan/sensor_fusion/install/sensors_data/share/sensors_data/cmake/sensors_dataConfig.cmake\n'}
[19.405419] (sensors_data) StdoutLine: {'line': b'-- Up-to-date: /home/rehmaan/sensor_fusion/install/sensors_data/share/sensors_data/cmake/sensors_dataConfig-version.cmake\n'}
[19.407509] (sensors_data) StdoutLine: {'line': b'-- Up-to-date: /home/rehmaan/sensor_fusion/install/sensors_data/share/sensors_data/package.xml\n'}
[19.412218] (sensors_data) CommandEnded: {'returncode': 0}
[19.478555] (-) TimerEvent: {}
[19.486615] (sensors_data) JobEnded: {'identifier': 'sensors_data', 'rc': 0}
[19.492852] (-) EventReactorShutdown: {}
