[0.000000] (-) TimerEvent: {}
[0.000327] (custom_interfaces) JobQueued: {'identifier': 'custom_interfaces', 'dependencies': OrderedDict()}
[0.000369] (sensors_data) JobQueued: {'identifier': 'sensors_data', 'dependencies': OrderedDict({'custom_interfaces': '/home/rehmaan/sensor_fusion/install/custom_interfaces'})}
[0.000402] (custom_interfaces) JobStarted: {'identifier': 'custom_interfaces'}
[0.011443] (custom_interfaces) JobProgress: {'identifier': 'custom_interfaces', 'progress': 'cmake'}
[0.012996] (custom_interfaces) JobProgress: {'identifier': 'custom_interfaces', 'progress': 'build'}
[0.013559] (custom_interfaces) Command: {'cmd': ['/usr/bin/cmake', '--build', '/home/rehmaan/sensor_fusion/build/custom_interfaces', '--', '-j12', '-l12'], 'cwd': '/home/rehmaan/sensor_fusion/build/custom_interfaces', 'env': OrderedDict({'PYTHON_BASIC_REPL': '1', 'LESSOPEN': '| /usr/bin/lesspipe %s', 'USER': 'rehmaan', 'GIT_ASKPASS': '/home/rehmaan/.vscode-server/bin/07ff9d6178ede9a1bd12ad3399074d726ebe6e43/extensions/git/dist/askpass.sh', 'SHLVL': '2', 'LD_LIBRARY_PATH': '/home/rehmaan/sensor_fusion/install/custom_interfaces/lib:/home/rehmaan/ros2-projects/install/my_robot_interfaces/lib:/home/rehmaan/ros2/install/my_custom_interfaces/lib:/opt/ros/jazzy/opt/rviz_ogre_vendor/lib:/opt/ros/jazzy/lib/x86_64-linux-gnu:/opt/ros/jazzy/opt/gz_math_vendor/lib:/opt/ros/jazzy/opt/gz_utils_vendor/lib:/opt/ros/jazzy/opt/gz_cmake_vendor/lib:/opt/ros/jazzy/lib', 'HOME': '/home/rehmaan', 'TERM_PROGRAM_VERSION': '1.112.0', 'VSCODE_IPC_HOOK_CLI': '/run/user/1000/vscode-ipc-6952f6fd-3ee1-4e80-b59f-0c17f3ff83a3.sock', 'ROS_PYTHON_VERSION': '3', 'VSCODE_GIT_ASKPASS_MAIN': '/home/rehmaan/.vscode-server/bin/07ff9d6178ede9a1bd12ad3399074d726ebe6e43/extensions/git/dist/askpass-main.js', 'VSCODE_GIT_ASKPASS_NODE': '/home/rehmaan/.vscode-server/bin/07ff9d6178ede9a1bd12ad3399074d726ebe6e43/node', 'PYDEVD_DISABLE_FILE_VALIDATION': '1', 'BUNDLED_DEBUGPY_PATH': '/home/rehmaan/.vscode-server/extensions/ms-python.debugpy-2025.18.0-linux-x64/bundled/libs/debugpy', 'VSCODE_PYTHON_AUTOACTIVATE_GUARD': '1', 'DBUS_SESSION_BUS_ADDRESS': 'unix:path=/run/user/1000/bus', 'COLORTERM': 'truecolor', 'WSL_DISTRO_NAME': 'Ubuntu-24.04', 'WAYLAND_DISPLAY': 'wayland-0', 'COLCON_PREFIX_PATH': '/home/rehmaan/sensor_fusion/install:/home/rehmaan/ros2-projects/install:/home/rehmaan/ros2-projects/src/my_cpp_pkg/install:/home/rehmaan/ros2/install', 'ROS_DISTRO': 'jazzy', 'LOGNAME': 'rehmaan', 'NAME': 'Code', 'WSL_INTEROP': '/run/WSL/90514_interop', 'PULSE_SERVER': 'unix:/mnt/wslg/PulseServer', '_': '/usr/bin/colcon', 'ROS_VERSION': '2', 'TERM': 'xterm-256color', 'PATH': '/home/rehmaan/.vscode-server/data/User/globalStorage/github.copilot-chat/debugCommand:/home/rehmaan/.vscode-server/data/User/globalStorage/github.copilot-chat/copilotCli:/home/rehmaan/.vscode-server/bin/07ff9d6178ede9a1bd12ad3399074d726ebe6e43/bin/remote-cli:/home/rehmaan/.local/bin:/home/rehmaan/ros2-projects/src/my_cpp_pkg/install/my_cpp_pkg/bin:/opt/ros/jazzy/bin:/usr/local/sbin:/usr/local/bin:/usr/sbin:/usr/bin:/sbin:/bin:/usr/games:/usr/local/games:/usr/lib/wsl/lib:/mnt/c/Program Files/WindowsApps/MicrosoftCorporationII.WindowsSubsystemForLinux_2.4.11.0_x64__8wekyb3d8bbwe:/mnt/c/Program Files/Python312/:/mnt/c/WINDOWS/system32:/mnt/c/WINDOWS:/mnt/c/WINDOWS/System32/Wbem:/mnt/c/WINDOWS/System32/WindowsPowerShell/v1.0/:/mnt/c/WINDOWS/System32/OpenSSH/:/mnt/c/Program Files/Microsoft SQL Server/150/Tools/Binn/:/mnt/c/Program Files/Microsoft SQL Server/Client SDK/ODBC/170/Tools/Binn/:/mnt/c/Program Files/dotnet/:/mnt/c/Program Files/Microsoft VS Code/bin:/mnt/c/Program Files (x86)/Microsoft SQL Server/160/Tools/Binn/:/mnt/c/Program Files/Microsoft SQL Server/160/Tools/Binn/:/mnt/c/Program Files/Microsoft SQL Server/160/DTS/Binn/:/mnt/c/Program Files (x86)/Microsoft SQL Server/160/DTS/Binn/:/mnt/c/Users/Imdadul.Rehmaan/AppData/Roaming/nvm:/mnt/c/nvm:/mnt/c/ProgramData/chocolatey/bin:/mnt/c/Program Files (x86)/Windows Kits/10/Windows Performance Toolkit/:/mnt/c/Program Files/TortoiseGit/bin:/mnt/c/Program Files/usbipd-win/:/mnt/c/Program Files/PuTTY/:/mnt/c/Program Files/nodejs/:/mnt/c/Program Files/GitHub CLI/:/mnt/c/Users/Imdadul.Rehmaan/scoop/apps/git/current/bin:/mnt/c/Users/Imdadul.Rehmaan/scoop/shims:/mnt/c/Users/Imdadul.Rehmaan/AppData/Local/Microsoft/WindowsApps:/mnt/c/Users/Imdadul.Rehmaan/.dotnet/tools:/mnt/c/Users/Imdadul.Rehmaan/AppData/Roaming/npm:/mnt/c/Users/Imdadul.Rehmaan/AppData/Local/Programs/Git/cmd:/mnt/c/Users/Imdadul.Rehmaan/AppData/Roaming/nvm:/mnt/c/nvm:/mnt/c/tools/flutter/bin:/mnt/c/Users/Imdadul.Rehmaan/AppData/Local/Pub/Cache/bin:/mnt/c/Android/cmdline-tools/latest/bin:/mnt/c/Android/platform-tools:/mnt/c/Users/Imdadul.Rehmaan/mingw64/bin:/snap/bin:/home/rehmaan/.vscode-server/extensions/ms-python.debugpy-2025.18.0-linux-x64/bundled/scripts/noConfigScripts', 'XDG_RUNTIME_DIR': '/run/user/1000/', 'DISPLAY': ':0', 'VSCODE_DEBUGPY_ADAPTER_ENDPOINTS': '/home/rehmaan/.vscode-server/extensions/ms-python.debugpy-2025.18.0-linux-x64/.noConfigDebugAdapterEndpoints/endpoint-5eef2bab757dd9f7.txt', 'LANG': 'en_US.UTF-8', 'PYTHONSTARTUP': '/home/rehmaan/.vscode-server/data/User/workspaceStorage/a037f39ae17c8ea6d52369655e287e6c/ms-python.python/pythonrc.py', 'LS_COLORS': 'rs=0:di=01;34:ln=01;36:mh=00:pi=40;33:so=01;35:do=01;35:bd=40;33;01:cd=40;33;01:or=40;31;01:mi=00:su=37;41:sg=30;43:ca=00:tw=30;42:ow=34;42:st=37;44:ex=01;32:*.tar=01;31:*.tgz=01;31:*.arc=01;31:*.arj=01;31:*.taz=01;31:*.lha=01;31:*.lz4=01;31:*.lzh=01;31:*.lzma=01;31:*.tlz=01;31:*.txz=01;31:*.tzo=01;31:*.t7z=01;31:*.zip=01;31:*.z=01;31:*.dz=01;31:*.gz=01;31:*.lrz=01;31:*.lz=01;31:*.lzo=01;31:*.xz=01;31:*.zst=01;31:*.tzst=01;31:*.bz2=01;31:*.bz=01;31:*.tbz=01;31:*.tbz2=01;31:*.tz=01;31:*.deb=01;31:*.rpm=01;31:*.jar=01;31:*.war=01;31:*.ear=01;31:*.sar=01;31:*.rar=01;31:*.alz=01;31:*.ace=01;31:*.zoo=01;31:*.cpio=01;31:*.7z=01;31:*.rz=01;31:*.cab=01;31:*.wim=01;31:*.swm=01;31:*.dwm=01;31:*.esd=01;31:*.avif=01;35:*.jpg=01;35:*.jpeg=01;35:*.mjpg=01;35:*.mjpeg=01;35:*.gif=01;35:*.bmp=01;35:*.pbm=01;35:*.pgm=01;35:*.ppm=01;35:*.tga=01;35:*.xbm=01;35:*.xpm=01;35:*.tif=01;35:*.tiff=01;35:*.png=01;35:*.svg=01;35:*.svgz=01;35:*.mng=01;35:*.pcx=01;35:*.mov=01;35:*.mpg=01;35:*.mpeg=01;35:*.m2v=01;35:*.mkv=01;35:*.webm=01;35:*.webp=01;35:*.ogm=01;35:*.mp4=01;35:*.m4v=01;35:*.mp4v=01;35:*.vob=01;35:*.qt=01;35:*.nuv=01;35:*.wmv=01;35:*.asf=01;35:*.rm=01;35:*.rmvb=01;35:*.flc=01;35:*.avi=01;35:*.fli=01;35:*.flv=01;35:*.gl=01;35:*.dl=01;35:*.xcf=01;35:*.xwd=01;35:*.yuv=01;35:*.cgm=01;35:*.emf=01;35:*.ogv=01;35:*.ogx=01;35:*.aac=00;36:*.au=00;36:*.flac=00;36:*.m4a=00;36:*.mid=00;36:*.midi=00;36:*.mka=00;36:*.mp3=00;36:*.mpc=00;36:*.ogg=00;36:*.ra=00;36:*.wav=00;36:*.oga=00;36:*.opus=00;36:*.spx=00;36:*.xspf=00;36:*~=00;90:*#=00;90:*.bak=00;90:*.crdownload=00;90:*.dpkg-dist=00;90:*.dpkg-new=00;90:*.dpkg-old=00;90:*.dpkg-tmp=00;90:*.old=00;90:*.orig=00;90:*.part=00;90:*.rej=00;90:*.rpmnew=00;90:*.rpmorig=00;90:*.rpmsave=00;90:*.swp=00;90:*.tmp=00;90:*.ucf-dist=00;90:*.ucf-new=00;90:*.ucf-old=00;90:', 'VSCODE_GIT_IPC_HANDLE': '/run/user/1000/vscode-git-4c7b1f9e02.sock', 'TERM_PROGRAM': 'vscode', 'AMENT_PREFIX_PATH': '/home/rehmaan/sensor_fusion/install/sensors_data:/home/rehmaan/sensor_fusion/install/custom_interfaces:/home/rehmaan/sensor_fusion/install/sensor_fusion:/home/rehmaan/ros2-projects/install/my_robot_bringup:/home/rehmaan/ros2-projects/install/turtlesim_project:/home/rehmaan/ros2-projects/install/my_py_pkg:/home/rehmaan/ros2-projects/install/my_cpp_pkg:/home/rehmaan/ros2-projects/install/my_robot_interfaces:/home/rehmaan/ros2-projects/src/my_cpp_pkg/install/my_cpp_pkg:/home/rehmaan/ros2/install/launch_turtle_project:/home/rehmaan/ros2/install/py_pkg:/home/rehmaan/ros2/install/cpp_pkg:/home/rehmaan/ros2/install/my_custom_interfaces:/opt/ros/jazzy', 'SHELL': '/bin/bash', 'LESSCLOSE': '/usr/bin/lesspipe %s %s', 'ROS_AUTOMATIC_DISCOVERY_RANGE': 'SUBNET', 'VSCODE_GIT_ASKPASS_EXTRA_ARGS': '', 'PWD': '/home/rehmaan/sensor_fusion/build/custom_interfaces', 'XDG_DATA_DIRS': '/usr/local/share:/usr/share:/var/lib/snapd/desktop', 'PYTHONPATH': '/home/rehmaan/sensor_fusion/install/custom_interfaces/lib/python3.12/site-packages:/home/rehmaan/ros2-projects/install/turtlesim_project/lib/python3.12/site-packages:/home/rehmaan/ros2-projects/install/my_py_pkg/lib/python3.12/site-packages:/home/rehmaan/ros2-projects/install/my_robot_interfaces/lib/python3.12/site-packages:/home/rehmaan/ros2/install/py_pkg/lib/python3.12/site-packages:/home/rehmaan/ros2/install/my_custom_interfaces/lib/python3.12/site-packages:/opt/ros/jazzy/lib/python3.12/site-packages', 'COLCON': '1', 'WSL2_GUI_APPS_ENABLED': '1', 'HOSTTYPE': 'x86_64', 'CMAKE_PREFIX_PATH': '/home/rehmaan/sensor_fusion/install/sensors_data:/home/rehmaan/sensor_fusion/install/custom_interfaces:/home/rehmaan/sensor_fusion/install/sensor_fusion:/home/rehmaan/ros2-projects/install/my_robot_bringup:/home/rehmaan/ros2-projects/install/my_cpp_pkg:/home/rehmaan/ros2-projects/install/my_robot_interfaces:/home/rehmaan/ros2-projects/src/my_cpp_pkg/install/my_cpp_pkg:/home/rehmaan/ros2/install/launch_turtle_project:/home/rehmaan/ros2/install/cpp_pkg:/home/rehmaan/ros2/install/my_custom_interfaces:/opt/ros/jazzy/opt/gz_math_vendor:/opt/ros/jazzy/opt/gz_utils_vendor:/opt/ros/jazzy/opt/gz_cmake_vendor:/home/rehmaan/ros2-projects/install/turtlesim_project:/home/rehmaan/ros2-projects/install/my_py_pkg:/home/rehmaan/ros2/install/py_pkg:/opt/ros/jazzy', 'WSLENV': 'ELECTRON_RUN_AS_NODE/w:'}), 'shell': False}
[0.062826] (custom_interfaces) StdoutLine: {'line': b'-- Found ament_cmake: 2.5.4 (/opt/ros/jazzy/share/ament_cmake/cmake)\n'}
[0.097074] (custom_interfaces) StdoutLine: {'line': b'-- Found Python3: /usr/bin/python3 (found version "3.12.3") found components: Interpreter \n'}
[0.099606] (-) TimerEvent: {}
[0.199873] (-) TimerEvent: {}
[0.204973] (custom_interfaces) StdoutLine: {'line': b'-- Found rosidl_default_generators: 1.6.0 (/opt/ros/jazzy/share/rosidl_default_generators/cmake)\n'}
[0.212333] (custom_interfaces) StdoutLine: {'line': b'-- Using all available rosidl_typesupport_c: rosidl_typesupport_fastrtps_c;rosidl_typesupport_introspection_c\n'}
[0.300107] (-) TimerEvent: {}
[0.400593] (-) TimerEvent: {}
[0.500986] (-) TimerEvent: {}
[0.601421] (-) TimerEvent: {}
[0.653090] (custom_interfaces) StdoutLine: {'line': b'-- Using all available rosidl_typesupport_cpp: rosidl_typesupport_fastrtps_cpp;rosidl_typesupport_introspection_cpp\n'}
[0.691961] (custom_interfaces) StdoutLine: {'line': b'-- Found rosidl_adapter: 4.6.6 (/opt/ros/jazzy/share/rosidl_adapter/cmake)\n'}
[0.701615] (-) TimerEvent: {}
[0.801986] (-) TimerEvent: {}
[0.902390] (-) TimerEvent: {}
[0.940910] (custom_interfaces) StdoutLine: {'line': b'-- Found ament_cmake_ros: 0.12.0 (/opt/ros/jazzy/share/ament_cmake_ros/cmake)\n'}
[1.002636] (-) TimerEvent: {}
[1.021345] (custom_interfaces) StdoutLine: {'line': b'-- Using all available rosidl_typesupport_c: rosidl_typesupport_fastrtps_c;rosidl_typesupport_introspection_c\n'}
[1.102803] (-) TimerEvent: {}
[1.119364] (custom_interfaces) StdoutLine: {'line': b'-- Using all available rosidl_typesupport_cpp: rosidl_typesupport_fastrtps_cpp;rosidl_typesupport_introspection_cpp\n'}
[1.121880] (custom_interfaces) StdoutLine: {'line': b'-- Found python_cmake_module: 0.11.1 (/opt/ros/jazzy/share/python_cmake_module/cmake)\n'}
[1.203048] (-) TimerEvent: {}
[1.303498] (-) TimerEvent: {}
[1.371322] (custom_interfaces) StdoutLine: {'line': b'-- Found Python3: /usr/bin/python3 (found version "3.12.3") found components: Interpreter Development NumPy Development.Module Development.Embed \n'}
[1.396359] (custom_interfaces) StdoutLine: {'line': b'-- Configuring done (1.4s)\n'}
[1.403630] (-) TimerEvent: {}
[1.484827] (custom_interfaces) StdoutLine: {'line': b'-- Generating done (0.1s)\n'}
[1.497952] (custom_interfaces) StdoutLine: {'line': b'-- Build files have been written to: /home/rehmaan/sensor_fusion/build/custom_interfaces\n'}
[1.503955] (-) TimerEvent: {}
[1.525956] (custom_interfaces) StdoutLine: {'line': b'[  1%] Built target custom_interfaces__rosidl_generator_type_description\n'}
[1.544186] (custom_interfaces) StdoutLine: {'line': b'[  1%] Built target custom_interfaces__cpp\n'}
[1.550513] (custom_interfaces) StdoutLine: {'line': b'[  1%] Built target ament_cmake_python_copy_custom_interfaces\n'}
[1.563470] (custom_interfaces) StdoutLine: {'line': b'[ 26%] Built target custom_interfaces__rosidl_generator_c\n'}
[1.597906] (custom_interfaces) StdoutLine: {'line': b'[ 35%] Built target custom_interfaces__rosidl_typesupport_introspection_c\n'}
[1.598985] (custom_interfaces) StdoutLine: {'line': b'[ 44%] Built target custom_interfaces__rosidl_typesupport_cpp\n'}
[1.600936] (custom_interfaces) StdoutLine: {'line': b'[ 54%] Built target custom_interfaces__rosidl_typesupport_c\n'}
[1.604235] (-) TimerEvent: {}
[1.610753] (custom_interfaces) StdoutLine: {'line': b'[ 80%] Built target custom_interfaces__rosidl_typesupport_fastrtps_cpp\n'}
[1.611196] (custom_interfaces) StdoutLine: {'line': b'[ 84%] Built target custom_interfaces__rosidl_typesupport_introspection_cpp\n'}
[1.611352] (custom_interfaces) StdoutLine: {'line': b'[ 84%] Built target custom_interfaces__rosidl_typesupport_fastrtps_c\n'}
[1.632384] (custom_interfaces) StdoutLine: {'line': b'[ 84%] Built target custom_interfaces\n'}
[1.655067] (custom_interfaces) StdoutLine: {'line': b'[ 85%] Built target custom_interfaces__py\n'}
[1.691387] (custom_interfaces) StdoutLine: {'line': b'[ 94%] Built target custom_interfaces__rosidl_generator_py\n'}
[1.704414] (-) TimerEvent: {}
[1.718240] (custom_interfaces) StdoutLine: {'line': b'[ 96%] Built target custom_interfaces_s__rosidl_typesupport_c\n'}
[1.718625] (custom_interfaces) StdoutLine: {'line': b'[ 98%] Built target custom_interfaces_s__rosidl_typesupport_fastrtps_c\n'}
[1.719718] (custom_interfaces) StdoutLine: {'line': b'[100%] Built target custom_interfaces_s__rosidl_typesupport_introspection_c\n'}
[1.804740] (-) TimerEvent: {}
[1.813669] (custom_interfaces) StdoutLine: {'line': b'running egg_info\n'}
[1.835761] (custom_interfaces) StdoutLine: {'line': b'writing custom_interfaces.egg-info/PKG-INFO\n'}
[1.836773] (custom_interfaces) StdoutLine: {'line': b'writing dependency_links to custom_interfaces.egg-info/dependency_links.txt\n'}
[1.837135] (custom_interfaces) StdoutLine: {'line': b'writing top-level names to custom_interfaces.egg-info/top_level.txt\n'}
[1.896657] (custom_interfaces) StdoutLine: {'line': b"reading manifest file 'custom_interfaces.egg-info/SOURCES.txt'\n"}
[1.898650] (custom_interfaces) StdoutLine: {'line': b"writing manifest file 'custom_interfaces.egg-info/SOURCES.txt'\n"}
[1.905042] (-) TimerEvent: {}
[1.940320] (custom_interfaces) StdoutLine: {'line': b'[100%] Built target ament_cmake_python_build_custom_interfaces_egg\n'}
[1.954199] (custom_interfaces) CommandEnded: {'returncode': 0}
[1.955175] (custom_interfaces) JobProgress: {'identifier': 'custom_interfaces', 'progress': 'install'}
[1.966133] (custom_interfaces) Command: {'cmd': ['/usr/bin/cmake', '--install', '/home/rehmaan/sensor_fusion/build/custom_interfaces'], 'cwd': '/home/rehmaan/sensor_fusion/build/custom_interfaces', 'env': OrderedDict({'PYTHON_BASIC_REPL': '1', 'LESSOPEN': '| /usr/bin/lesspipe %s', 'USER': 'rehmaan', 'GIT_ASKPASS': '/home/rehmaan/.vscode-server/bin/07ff9d6178ede9a1bd12ad3399074d726ebe6e43/extensions/git/dist/askpass.sh', 'SHLVL': '2', 'LD_LIBRARY_PATH': '/home/rehmaan/sensor_fusion/install/custom_interfaces/lib:/home/rehmaan/ros2-projects/install/my_robot_interfaces/lib:/home/rehmaan/ros2/install/my_custom_interfaces/lib:/opt/ros/jazzy/opt/rviz_ogre_vendor/lib:/opt/ros/jazzy/lib/x86_64-linux-gnu:/opt/ros/jazzy/opt/gz_math_vendor/lib:/opt/ros/jazzy/opt/gz_utils_vendor/lib:/opt/ros/jazzy/opt/gz_cmake_vendor/lib:/opt/ros/jazzy/lib', 'HOME': '/home/rehmaan', 'TERM_PROGRAM_VERSION': '1.112.0', 'VSCODE_IPC_HOOK_CLI': '/run/user/1000/vscode-ipc-6952f6fd-3ee1-4e80-b59f-0c17f3ff83a3.sock', 'ROS_PYTHON_VERSION': '3', 'VSCODE_GIT_ASKPASS_MAIN': '/home/rehmaan/.vscode-server/bin/07ff9d6178ede9a1bd12ad3399074d726ebe6e43/extensions/git/dist/askpass-main.js', 'VSCODE_GIT_ASKPASS_NODE': '/home/rehmaan/.vscode-server/bin/07ff9d6178ede9a1bd12ad3399074d726ebe6e43/node', 'PYDEVD_DISABLE_FILE_VALIDATION': '1', 'BUNDLED_DEBUGPY_PATH': '/home/rehmaan/.vscode-server/extensions/ms-python.debugpy-2025.18.0-linux-x64/bundled/libs/debugpy', 'VSCODE_PYTHON_AUTOACTIVATE_GUARD': '1', 'DBUS_SESSION_BUS_ADDRESS': 'unix:path=/run/user/1000/bus', 'COLORTERM': 'truecolor', 'WSL_DISTRO_NAME': 'Ubuntu-24.04', 'WAYLAND_DISPLAY': 'wayland-0', 'COLCON_PREFIX_PATH': '/home/rehmaan/sensor_fusion/install:/home/rehmaan/ros2-projects/install:/home/rehmaan/ros2-projects/src/my_cpp_pkg/install:/home/rehmaan/ros2/install', 'ROS_DISTRO': 'jazzy', 'LOGNAME': 'rehmaan', 'NAME': 'Code', 'WSL_INTEROP': '/run/WSL/90514_interop', 'PULSE_SERVER': 'unix:/mnt/wslg/PulseServer', '_': '/usr/bin/colcon', 'ROS_VERSION': '2', 'TERM': 'xterm-256color', 'PATH': '/home/rehmaan/.vscode-server/data/User/globalStorage/github.copilot-chat/debugCommand:/home/rehmaan/.vscode-server/data/User/globalStorage/github.copilot-chat/copilotCli:/home/rehmaan/.vscode-server/bin/07ff9d6178ede9a1bd12ad3399074d726ebe6e43/bin/remote-cli:/home/rehmaan/.local/bin:/home/rehmaan/ros2-projects/src/my_cpp_pkg/install/my_cpp_pkg/bin:/opt/ros/jazzy/bin:/usr/local/sbin:/usr/local/bin:/usr/sbin:/usr/bin:/sbin:/bin:/usr/games:/usr/local/games:/usr/lib/wsl/lib:/mnt/c/Program Files/WindowsApps/MicrosoftCorporationII.WindowsSubsystemForLinux_2.4.11.0_x64__8wekyb3d8bbwe:/mnt/c/Program Files/Python312/:/mnt/c/WINDOWS/system32:/mnt/c/WINDOWS:/mnt/c/WINDOWS/System32/Wbem:/mnt/c/WINDOWS/System32/WindowsPowerShell/v1.0/:/mnt/c/WINDOWS/System32/OpenSSH/:/mnt/c/Program Files/Microsoft SQL Server/150/Tools/Binn/:/mnt/c/Program Files/Microsoft SQL Server/Client SDK/ODBC/170/Tools/Binn/:/mnt/c/Program Files/dotnet/:/mnt/c/Program Files/Microsoft VS Code/bin:/mnt/c/Program Files (x86)/Microsoft SQL Server/160/Tools/Binn/:/mnt/c/Program Files/Microsoft SQL Server/160/Tools/Binn/:/mnt/c/Program Files/Microsoft SQL Server/160/DTS/Binn/:/mnt/c/Program Files (x86)/Microsoft SQL Server/160/DTS/Binn/:/mnt/c/Users/Imdadul.Rehmaan/AppData/Roaming/nvm:/mnt/c/nvm:/mnt/c/ProgramData/chocolatey/bin:/mnt/c/Program Files (x86)/Windows Kits/10/Windows Performance Toolkit/:/mnt/c/Program Files/TortoiseGit/bin:/mnt/c/Program Files/usbipd-win/:/mnt/c/Program Files/PuTTY/:/mnt/c/Program Files/nodejs/:/mnt/c/Program Files/GitHub CLI/:/mnt/c/Users/Imdadul.Rehmaan/scoop/apps/git/current/bin:/mnt/c/Users/Imdadul.Rehmaan/scoop/shims:/mnt/c/Users/Imdadul.Rehmaan/AppData/Local/Microsoft/WindowsApps:/mnt/c/Users/Imdadul.Rehmaan/.dotnet/tools:/mnt/c/Users/Imdadul.Rehmaan/AppData/Roaming/npm:/mnt/c/Users/Imdadul.Rehmaan/AppData/Local/Programs/Git/cmd:/mnt/c/Users/Imdadul.Rehmaan/AppData/Roaming/nvm:/mnt/c/nvm:/mnt/c/tools/flutter/bin:/mnt/c/Users/Imdadul.Rehmaan/AppData/Local/Pub/Cache/bin:/mnt/c/Android/cmdline-tools/latest/bin:/mnt/c/Android/platform-tools:/mnt/c/Users/Imdadul.Rehmaan/mingw64/bin:/snap/bin:/home/rehmaan/.vscode-server/extensions/ms-python.debugpy-2025.18.0-linux-x64/bundled/scripts/noConfigScripts', 'XDG_RUNTIME_DIR': '/run/user/1000/', 'DISPLAY': ':0', 'VSCODE_DEBUGPY_ADAPTER_ENDPOINTS': '/home/rehmaan/.vscode-server/extensions/ms-python.debugpy-2025.18.0-linux-x64/.noConfigDebugAdapterEndpoints/endpoint-5eef2bab757dd9f7.txt', 'LANG': 'en_US.UTF-8', 'PYTHONSTARTUP': '/home/rehmaan/.vscode-server/data/User/workspaceStorage/a037f39ae17c8ea6d52369655e287e6c/ms-python.python/pythonrc.py', 'LS_COLORS': 'rs=0:di=01;34:ln=01;36:mh=00:pi=40;33:so=01;35:do=01;35:bd=40;33;01:cd=40;33;01:or=40;31;01:mi=00:su=37;41:sg=30;43:ca=00:tw=30;42:ow=34;42:st=37;44:ex=01;32:*.tar=01;31:*.tgz=01;31:*.arc=01;31:*.arj=01;31:*.taz=01;31:*.lha=01;31:*.lz4=01;31:*.lzh=01;31:*.lzma=01;31:*.tlz=01;31:*.txz=01;31:*.tzo=01;31:*.t7z=01;31:*.zip=01;31:*.z=01;31:*.dz=01;31:*.gz=01;31:*.lrz=01;31:*.lz=01;31:*.lzo=01;31:*.xz=01;31:*.zst=01;31:*.tzst=01;31:*.bz2=01;31:*.bz=01;31:*.tbz=01;31:*.tbz2=01;31:*.tz=01;31:*.deb=01;31:*.rpm=01;31:*.jar=01;31:*.war=01;31:*.ear=01;31:*.sar=01;31:*.rar=01;31:*.alz=01;31:*.ace=01;31:*.zoo=01;31:*.cpio=01;31:*.7z=01;31:*.rz=01;31:*.cab=01;31:*.wim=01;31:*.swm=01;31:*.dwm=01;31:*.esd=01;31:*.avif=01;35:*.jpg=01;35:*.jpeg=01;35:*.mjpg=01;35:*.mjpeg=01;35:*.gif=01;35:*.bmp=01;35:*.pbm=01;35:*.pgm=01;35:*.ppm=01;35:*.tga=01;35:*.xbm=01;35:*.xpm=01;35:*.tif=01;35:*.tiff=01;35:*.png=01;35:*.svg=01;35:*.svgz=01;35:*.mng=01;35:*.pcx=01;35:*.mov=01;35:*.mpg=01;35:*.mpeg=01;35:*.m2v=01;35:*.mkv=01;35:*.webm=01;35:*.webp=01;35:*.ogm=01;35:*.mp4=01;35:*.m4v=01;35:*.mp4v=01;35:*.vob=01;35:*.qt=01;35:*.nuv=01;35:*.wmv=01;35:*.asf=01;35:*.rm=01;35:*.rmvb=01;35:*.flc=01;35:*.avi=01;35:*.fli=01;35:*.flv=01;35:*.gl=01;35:*.dl=01;35:*.xcf=01;35:*.xwd=01;35:*.yuv=01;35:*.cgm=01;35:*.emf=01;35:*.ogv=01;35:*.ogx=01;35:*.aac=00;36:*.au=00;36:*.flac=00;36:*.m4a=00;36:*.mid=00;36:*.midi=00;36:*.mka=00;36:*.mp3=00;36:*.mpc=00;36:*.ogg=00;36:*.ra=00;36:*.wav=00;36:*.oga=00;36:*.opus=00;36:*.spx=00;36:*.xspf=00;36:*~=00;90:*#=00;90:*.bak=00;90:*.crdownload=00;90:*.dpkg-dist=00;90:*.dpkg-new=00;90:*.dpkg-old=00;90:*.dpkg-tmp=00;90:*.old=00;90:*.orig=00;90:*.part=00;90:*.rej=00;90:*.rpmnew=00;90:*.rpmorig=00;90:*.rpmsave=00;90:*.swp=00;90:*.tmp=00;90:*.ucf-dist=00;90:*.ucf-new=00;90:*.ucf-old=00;90:', 'VSCODE_GIT_IPC_HANDLE': '/run/user/1000/vscode-git-4c7b1f9e02.sock', 'TERM_PROGRAM': 'vscode', 'AMENT_PREFIX_PATH': '/home/rehmaan/sensor_fusion/install/sensors_data:/home/rehmaan/sensor_fusion/install/custom_interfaces:/home/rehmaan/sensor_fusion/install/sensor_fusion:/home/rehmaan/ros2-projects/install/my_robot_bringup:/home/rehmaan/ros2-projects/install/turtlesim_project:/home/rehmaan/ros2-projects/install/my_py_pkg:/home/rehmaan/ros2-projects/install/my_cpp_pkg:/home/rehmaan/ros2-projects/install/my_robot_interfaces:/home/rehmaan/ros2-projects/src/my_cpp_pkg/install/my_cpp_pkg:/home/rehmaan/ros2/install/launch_turtle_project:/home/rehmaan/ros2/install/py_pkg:/home/rehmaan/ros2/install/cpp_pkg:/home/rehmaan/ros2/install/my_custom_interfaces:/opt/ros/jazzy', 'SHELL': '/bin/bash', 'LESSCLOSE': '/usr/bin/lesspipe %s %s', 'ROS_AUTOMATIC_DISCOVERY_RANGE': 'SUBNET', 'VSCODE_GIT_ASKPASS_EXTRA_ARGS': '', 'PWD': '/home/rehmaan/sensor_fusion/build/custom_interfaces', 'XDG_DATA_DIRS': '/usr/local/share:/usr/share:/var/lib/snapd/desktop', 'PYTHONPATH': '/home/rehmaan/sensor_fusion/install/custom_interfaces/lib/python3.12/site-packages:/home/rehmaan/ros2-projects/install/turtlesim_project/lib/python3.12/site-packages:/home/rehmaan/ros2-projects/install/my_py_pkg/lib/python3.12/site-packages:/home/rehmaan/ros2-projects/install/my_robot_interfaces/lib/python3.12/site-packages:/home/rehmaan/ros2/install/py_pkg/lib/python3.12/site-packages:/home/rehmaan/ros2/install/my_custom_interfaces/lib/python3.12/site-packages:/opt/ros/jazzy/lib/python3.12/site-packages', 'COLCON': '1', 'WSL2_GUI_APPS_ENABLED': '1', 'HOSTTYPE': 'x86_64', 'CMAKE_PREFIX_PATH': '/home/rehmaan/sensor_fusion/install/sensors_data:/home/rehmaan/sensor_fusion/install/custom_interfaces:/home/rehmaan/sensor_fusion/install/sensor_fusion:/home/rehmaan/ros2-projects/install/my_robot_bringup:/home/rehmaan/ros2-projects/install/my_cpp_pkg:/home/rehmaan/ros2-projects/install/my_robot_interfaces:/home/rehmaan/ros2-projects/src/my_cpp_pkg/install/my_cpp_pkg:/home/rehmaan/ros2/install/launch_turtle_project:/home/rehmaan/ros2/install/cpp_pkg:/home/rehmaan/ros2/install/my_custom_interfaces:/opt/ros/jazzy/opt/gz_math_vendor:/opt/ros/jazzy/opt/gz_utils_vendor:/opt/ros/jazzy/opt/gz_cmake_vendor:/home/rehmaan/ros2-projects/install/turtlesim_project:/home/rehmaan/ros2-projects/install/my_py_pkg:/home/rehmaan/ros2/install/py_pkg:/opt/ros/jazzy', 'WSLENV': 'ELECTRON_RUN_AS_NODE/w:'}), 'shell': False}
[1.974490] (custom_interfaces) StdoutLine: {'line': b'-- Install configuration: ""\n'}
[1.975123] (custom_interfaces) StdoutLine: {'line': b'-- Up-to-date: /home/rehmaan/sensor_fusion/install/custom_interfaces/share/ament_index/resource_index/rosidl_interfaces/custom_interfaces\n'}
[1.975476] (custom_interfaces) StdoutLine: {'line': b'-- Up-to-date: /home/rehmaan/sensor_fusion/install/custom_interfaces/share/custom_interfaces/msg/Battery.json\n'}
[1.975608] (custom_interfaces) StdoutLine: {'line': b'-- Up-to-date: /home/rehmaan/sensor_fusion/install/custom_interfaces/share/custom_interfaces/msg/DistanceSensors.json\n'}
[1.975707] (custom_interfaces) StdoutLine: {'line': b'-- Up-to-date: /home/rehmaan/sensor_fusion/install/custom_interfaces/share/custom_interfaces/msg/Encoder.json\n'}
[1.975793] (custom_interfaces) StdoutLine: {'line': b'-- Up-to-date: /home/rehmaan/sensor_fusion/install/custom_interfaces/share/custom_interfaces/msg/Environment.json\n'}
[1.975875] (custom_interfaces) StdoutLine: {'line': b'-- Up-to-date: /home/rehmaan/sensor_fusion/install/custom_interfaces/share/custom_interfaces/msg/IMU.json\n'}
[1.975959] (custom_interfaces) StdoutLine: {'line': b'-- Up-to-date: /home/rehmaan/sensor_fusion/install/custom_interfaces/share/custom_interfaces/msg/Lidar.json\n'}
[1.976131] (custom_interfaces) StdoutLine: {'line': b'-- Up-to-date: /home/rehmaan/sensor_fusion/install/custom_interfaces/share/custom_interfaces/msg/Motors.json\n'}
[1.976299] (custom_interfaces) StdoutLine: {'line': b'-- Up-to-date: /home/rehmaan/sensor_fusion/install/custom_interfaces/share/custom_interfaces/msg/Odometry.json\n'}
[1.976514] (custom_interfaces) StdoutLine: {'line': b'-- Up-to-date: /home/rehmaan/sensor_fusion/install/custom_interfaces/include/custom_interfaces/custom_interfaces\n'}
[1.976770] (custom_interfaces) StdoutLine: {'line': b'-- Up-to-date: /home/rehmaan/sensor_fusion/install/custom_interfaces/include/custom_interfaces/custom_interfaces/msg\n'}
[1.977009] (custom_interfaces) StdoutLine: {'line': b'-- Up-to-date: /home/rehmaan/sensor_fusion/install/custom_interfaces/include/custom_interfaces/custom_interfaces/msg/imu.h\n'}
[1.977378] (custom_interfaces) StdoutLine: {'line': b'-- Up-to-date: /home/rehmaan/sensor_fusion/install/custom_interfaces/include/custom_interfaces/custom_interfaces/msg/distance_sensors.h\n'}
[1.977519] (custom_interfaces) StdoutLine: {'line': b'-- Up-to-date: /home/rehmaan/sensor_fusion/install/custom_interfaces/include/custom_interfaces/custom_interfaces/msg/encoder.h\n'}
[1.977624] (custom_interfaces) StdoutLine: {'line': b'-- Up-to-date: /home/rehmaan/sensor_fusion/install/custom_interfaces/include/custom_interfaces/custom_interfaces/msg/lidar.h\n'}
[1.977720] (custom_interfaces) StdoutLine: {'line': b'-- Up-to-date: /home/rehmaan/sensor_fusion/install/custom_interfaces/include/custom_interfaces/custom_interfaces/msg/odometry.h\n'}
[1.977909] (custom_interfaces) StdoutLine: {'line': b'-- Up-to-date: /home/rehmaan/sensor_fusion/install/custom_interfaces/include/custom_interfaces/custom_interfaces/msg/environment.h\n'}
[1.978190] (custom_interfaces) StdoutLine: {'line': b'-- Up-to-date: /home/rehmaan/sensor_fusion/install/custom_interfaces/include/custom_interfaces/custom_interfaces/msg/battery.h\n'}
[1.978289] (custom_interfaces) StdoutLine: {'line': b'-- Up-to-date: /home/rehmaan/sensor_fusion/install/custom_interfaces/include/custom_interfaces/custom_interfaces/msg/rosidl_generator_c__visibility_control.h\n'}
[1.978381] (custom_interfaces) StdoutLine: {'line': b'-- Up-to-date: /home/rehmaan/sensor_fusion/install/custom_interfaces/include/custom_interfaces/custom_interfaces/msg/detail\n'}
[1.978465] (custom_interfaces) StdoutLine: {'line': b'-- Up-to-date: /home/rehmaan/sensor_fusion/install/custom_interfaces/include/custom_interfaces/custom_interfaces/msg/detail/imu__functions.c\n'}
[1.978606] (custom_interfaces) StdoutLine: {'line': b'-- Up-to-date: /home/rehmaan/sensor_fusion/install/custom_interfaces/include/custom_interfaces/custom_interfaces/msg/detail/battery__struct.h\n'}
[1.979129] (custom_interfaces) StdoutLine: {'line': b'-- Up-to-date: /home/rehmaan/sensor_fusion/install/custom_interfaces/include/custom_interfaces/custom_interfaces/msg/detail/imu__type_support.h\n'}
[1.979570] (custom_interfaces) StdoutLine: {'line': b'-- Up-to-date: /home/rehmaan/sensor_fusion/install/custom_interfaces/include/custom_interfaces/custom_interfaces/msg/detail/encoder__functions.c\n'}
[1.979677] (custom_interfaces) StdoutLine: {'line': b'-- Up-to-date: /home/rehmaan/sensor_fusion/install/custom_interfaces/include/custom_interfaces/custom_interfaces/msg/detail/encoder__type_support.h\n'}
[1.979774] (custom_interfaces) StdoutLine: {'line': b'-- Up-to-date: /home/rehmaan/sensor_fusion/install/custom_interfaces/include/custom_interfaces/custom_interfaces/msg/detail/motors__type_support.h\n'}
[1.979861] (custom_interfaces) StdoutLine: {'line': b'-- Up-to-date: /home/rehmaan/sensor_fusion/install/custom_interfaces/include/custom_interfaces/custom_interfaces/msg/detail/odometry__struct.h\n'}
[1.979943] (custom_interfaces) StdoutLine: {'line': b'-- Up-to-date: /home/rehmaan/sensor_fusion/install/custom_interfaces/include/custom_interfaces/custom_interfaces/msg/detail/lidar__type_support.h\n'}
[1.980024] (custom_interfaces) StdoutLine: {'line': b'-- Up-to-date: /home/rehmaan/sensor_fusion/install/custom_interfaces/include/custom_interfaces/custom_interfaces/msg/detail/lidar__functions.h\n'}
[1.980106] (custom_interfaces) StdoutLine: {'line': b'-- Up-to-date: /home/rehmaan/sensor_fusion/install/custom_interfaces/include/custom_interfaces/custom_interfaces/msg/detail/distance_sensors__struct.h\n'}
[1.980381] (custom_interfaces) StdoutLine: {'line': b'-- Installing: /home/rehmaan/sensor_fusion/install/custom_interfaces/include/custom_interfaces/custom_interfaces/msg/detail/lidar__type_support.c\n'}
[1.980615] (custom_interfaces) StdoutLine: {'line': b'-- Installing: /home/rehmaan/sensor_fusion/install/custom_interfaces/include/custom_interfaces/custom_interfaces/msg/detail/environment__type_support.c\n'}
[1.980821] (custom_interfaces) StdoutLine: {'line': b'-- Up-to-date: /home/rehmaan/sensor_fusion/install/custom_interfaces/include/custom_interfaces/custom_interfaces/msg/detail/distance_sensors__description.c\n'}
[1.981025] (custom_interfaces) StdoutLine: {'line': b'-- Up-to-date: /home/rehmaan/sensor_fusion/install/custom_interfaces/include/custom_interfaces/custom_interfaces/msg/detail/battery__type_support.h\n'}
[1.981270] (custom_interfaces) StdoutLine: {'line': b'-- Up-to-date: /home/rehmaan/sensor_fusion/install/custom_interfaces/include/custom_interfaces/custom_interfaces/msg/detail/motors__functions.c\n'}
[1.981519] (custom_interfaces) StdoutLine: {'line': b'-- Up-to-date: /home/rehmaan/sensor_fusion/install/custom_interfaces/include/custom_interfaces/custom_interfaces/msg/detail/lidar__functions.c\n'}
[1.981577] (custom_interfaces) StdoutLine: {'line': b'-- Up-to-date: /home/rehmaan/sensor_fusion/install/custom_interfaces/include/custom_interfaces/custom_interfaces/msg/detail/battery__type_support.c\n'}
[1.981625] (custom_interfaces) StdoutLine: {'line': b'-- Up-to-date: /home/rehmaan/sensor_fusion/install/custom_interfaces/include/custom_interfaces/custom_interfaces/msg/detail/imu__description.c\n'}
[1.981668] (custom_interfaces) StdoutLine: {'line': b'-- Up-to-date: /home/rehmaan/sensor_fusion/install/custom_interfaces/include/custom_interfaces/custom_interfaces/msg/detail/environment__struct.h\n'}
[1.981709] (custom_interfaces) StdoutLine: {'line': b'-- Installing: /home/rehmaan/sensor_fusion/install/custom_interfaces/include/custom_interfaces/custom_interfaces/msg/detail/motors__type_support.c\n'}
[1.981750] (custom_interfaces) StdoutLine: {'line': b'-- Up-to-date: /home/rehmaan/sensor_fusion/install/custom_interfaces/include/custom_interfaces/custom_interfaces/msg/detail/encoder__struct.h\n'}
[1.981791] (custom_interfaces) StdoutLine: {'line': b'-- Up-to-date: /home/rehmaan/sensor_fusion/install/custom_interfaces/include/custom_interfaces/custom_interfaces/msg/detail/distance_sensors__functions.h\n'}
[1.981839] (custom_interfaces) StdoutLine: {'line': b'-- Up-to-date: /home/rehmaan/sensor_fusion/install/custom_interfaces/include/custom_interfaces/custom_interfaces/msg/detail/distance_sensors__functions.c\n'}
[1.981880] (custom_interfaces) StdoutLine: {'line': b'-- Installing: /home/rehmaan/sensor_fusion/install/custom_interfaces/include/custom_interfaces/custom_interfaces/msg/detail/imu__type_support.c\n'}
[1.981920] (custom_interfaces) StdoutLine: {'line': b'-- Up-to-date: /home/rehmaan/sensor_fusion/install/custom_interfaces/include/custom_interfaces/custom_interfaces/msg/detail/odometry__functions.c\n'}
[1.981961] (custom_interfaces) StdoutLine: {'line': b'-- Up-to-date: /home/rehmaan/sensor_fusion/install/custom_interfaces/include/custom_interfaces/custom_interfaces/msg/detail/environment__functions.h\n'}
[1.982000] (custom_interfaces) StdoutLine: {'line': b'-- Up-to-date: /home/rehmaan/sensor_fusion/install/custom_interfaces/include/custom_interfaces/custom_interfaces/msg/detail/motors__functions.h\n'}
[1.982127] (custom_interfaces) StdoutLine: {'line': b'-- Up-to-date: /home/rehmaan/sensor_fusion/install/custom_interfaces/include/custom_interfaces/custom_interfaces/msg/detail/lidar__struct.h\n'}
[1.982212] (custom_interfaces) StdoutLine: {'line': b'-- Up-to-date: /home/rehmaan/sensor_fusion/install/custom_interfaces/include/custom_interfaces/custom_interfaces/msg/detail/odometry__type_support.h\n'}
[1.982277] (custom_interfaces) StdoutLine: {'line': b'-- Up-to-date: /home/rehmaan/sensor_fusion/install/custom_interfaces/include/custom_interfaces/custom_interfaces/msg/detail/environment__type_support.h\n'}
[1.982340] (custom_interfaces) StdoutLine: {'line': b'-- Up-to-date: /home/rehmaan/sensor_fusion/install/custom_interfaces/include/custom_interfaces/custom_interfaces/msg/detail/distance_sensors__type_support.c\n'}
[1.982673] (custom_interfaces) StdoutLine: {'line': b'-- Up-to-date: /home/rehmaan/sensor_fusion/install/custom_interfaces/include/custom_interfaces/custom_interfaces/msg/detail/environment__functions.c\n'}
[1.982787] (custom_interfaces) StdoutLine: {'line': b'-- Up-to-date: /home/rehmaan/sensor_fusion/install/custom_interfaces/include/custom_interfaces/custom_interfaces/msg/detail/distance_sensors__type_support.h\n'}
[1.982853] (custom_interfaces) StdoutLine: {'line': b'-- Up-to-date: /home/rehmaan/sensor_fusion/install/custom_interfaces/include/custom_interfaces/custom_interfaces/msg/detail/battery__description.c\n'}
[1.982913] (custom_interfaces) StdoutLine: {'line': b'-- Up-to-date: /home/rehmaan/sensor_fusion/install/custom_interfaces/include/custom_interfaces/custom_interfaces/msg/detail/encoder__functions.h\n'}
[1.982969] (custom_interfaces) StdoutLine: {'line': b'-- Up-to-date: /home/rehmaan/sensor_fusion/install/custom_interfaces/include/custom_interfaces/custom_interfaces/msg/detail/motors__struct.h\n'}
[1.983033] (custom_interfaces) StdoutLine: {'line': b'-- Up-to-date: /home/rehmaan/sensor_fusion/install/custom_interfaces/include/custom_interfaces/custom_interfaces/msg/detail/odometry__type_support.c\n'}
[1.983088] (custom_interfaces) StdoutLine: {'line': b'-- Up-to-date: /home/rehmaan/sensor_fusion/install/custom_interfaces/include/custom_interfaces/custom_interfaces/msg/detail/battery__functions.h\n'}
[1.983144] (custom_interfaces) StdoutLine: {'line': b'-- Up-to-date: /home/rehmaan/sensor_fusion/install/custom_interfaces/include/custom_interfaces/custom_interfaces/msg/detail/lidar__description.c\n'}
[1.983199] (custom_interfaces) StdoutLine: {'line': b'-- Up-to-date: /home/rehmaan/sensor_fusion/install/custom_interfaces/include/custom_interfaces/custom_interfaces/msg/detail/odometry__functions.h\n'}
[1.983254] (custom_interfaces) StdoutLine: {'line': b'-- Up-to-date: /home/rehmaan/sensor_fusion/install/custom_interfaces/include/custom_interfaces/custom_interfaces/msg/detail/odometry__description.c\n'}
[1.983312] (custom_interfaces) StdoutLine: {'line': b'-- Up-to-date: /home/rehmaan/sensor_fusion/install/custom_interfaces/include/custom_interfaces/custom_interfaces/msg/detail/motors__description.c\n'}
[1.983369] (custom_interfaces) StdoutLine: {'line': b'-- Up-to-date: /home/rehmaan/sensor_fusion/install/custom_interfaces/include/custom_interfaces/custom_interfaces/msg/detail/imu__functions.h\n'}
[1.983427] (custom_interfaces) StdoutLine: {'line': b'-- Up-to-date: /home/rehmaan/sensor_fusion/install/custom_interfaces/include/custom_interfaces/custom_interfaces/msg/detail/battery__functions.c\n'}
[1.983484] (custom_interfaces) StdoutLine: {'line': b'-- Up-to-date: /home/rehmaan/sensor_fusion/install/custom_interfaces/include/custom_interfaces/custom_interfaces/msg/detail/environment__description.c\n'}
[1.983547] (custom_interfaces) StdoutLine: {'line': b'-- Up-to-date: /home/rehmaan/sensor_fusion/install/custom_interfaces/include/custom_interfaces/custom_interfaces/msg/detail/encoder__description.c\n'}
[1.983666] (custom_interfaces) StdoutLine: {'line': b'-- Up-to-date: /home/rehmaan/sensor_fusion/install/custom_interfaces/include/custom_interfaces/custom_interfaces/msg/detail/imu__struct.h\n'}
[1.983717] (custom_interfaces) StdoutLine: {'line': b'-- Installing: /home/rehmaan/sensor_fusion/install/custom_interfaces/include/custom_interfaces/custom_interfaces/msg/detail/encoder__type_support.c\n'}
[1.983761] (custom_interfaces) StdoutLine: {'line': b'-- Up-to-date: /home/rehmaan/sensor_fusion/install/custom_interfaces/include/custom_interfaces/custom_interfaces/msg/motors.h\n'}
[1.983805] (custom_interfaces) StdoutLine: {'line': b'-- Up-to-date: /home/rehmaan/sensor_fusion/install/custom_interfaces/share/custom_interfaces/environment/library_path.sh\n'}
[1.983855] (custom_interfaces) StdoutLine: {'line': b'-- Up-to-date: /home/rehmaan/sensor_fusion/install/custom_interfaces/share/custom_interfaces/environment/library_path.dsv\n'}
[1.983896] (custom_interfaces) StdoutLine: {'line': b'-- Up-to-date: /home/rehmaan/sensor_fusion/install/custom_interfaces/lib/libcustom_interfaces__rosidl_generator_c.so\n'}
[1.983938] (custom_interfaces) StdoutLine: {'line': b'-- Up-to-date: /home/rehmaan/sensor_fusion/install/custom_interfaces/include/custom_interfaces/custom_interfaces\n'}
[1.983979] (custom_interfaces) StdoutLine: {'line': b'-- Up-to-date: /home/rehmaan/sensor_fusion/install/custom_interfaces/include/custom_interfaces/custom_interfaces/msg\n'}
[1.984019] (custom_interfaces) StdoutLine: {'line': b'-- Up-to-date: /home/rehmaan/sensor_fusion/install/custom_interfaces/include/custom_interfaces/custom_interfaces/msg/rosidl_typesupport_fastrtps_c__visibility_control.h\n'}
[1.984060] (custom_interfaces) StdoutLine: {'line': b'-- Up-to-date: /home/rehmaan/sensor_fusion/install/custom_interfaces/include/custom_interfaces/custom_interfaces/msg/detail\n'}
[1.984101] (custom_interfaces) StdoutLine: {'line': b'-- Up-to-date: /home/rehmaan/sensor_fusion/install/custom_interfaces/include/custom_interfaces/custom_interfaces/msg/detail/motors__rosidl_typesupport_fastrtps_c.h\n'}
[1.984140] (custom_interfaces) StdoutLine: {'line': b'-- Up-to-date: /home/rehmaan/sensor_fusion/install/custom_interfaces/include/custom_interfaces/custom_interfaces/msg/detail/environment__rosidl_typesupport_fastrtps_c.h\n'}
[1.984179] (custom_interfaces) StdoutLine: {'line': b'-- Up-to-date: /home/rehmaan/sensor_fusion/install/custom_interfaces/include/custom_interfaces/custom_interfaces/msg/detail/distance_sensors__rosidl_typesupport_fastrtps_c.h\n'}
[1.984219] (custom_interfaces) StdoutLine: {'line': b'-- Up-to-date: /home/rehmaan/sensor_fusion/install/custom_interfaces/include/custom_interfaces/custom_interfaces/msg/detail/odometry__rosidl_typesupport_fastrtps_c.h\n'}
[1.984258] (custom_interfaces) StdoutLine: {'line': b'-- Up-to-date: /home/rehmaan/sensor_fusion/install/custom_interfaces/include/custom_interfaces/custom_interfaces/msg/detail/lidar__rosidl_typesupport_fastrtps_c.h\n'}
[1.984297] (custom_interfaces) StdoutLine: {'line': b'-- Up-to-date: /home/rehmaan/sensor_fusion/install/custom_interfaces/include/custom_interfaces/custom_interfaces/msg/detail/battery__rosidl_typesupport_fastrtps_c.h\n'}
[1.984336] (custom_interfaces) StdoutLine: {'line': b'-- Up-to-date: /home/rehmaan/sensor_fusion/install/custom_interfaces/include/custom_interfaces/custom_interfaces/msg/detail/encoder__rosidl_typesupport_fastrtps_c.h\n'}
[1.984378] (custom_interfaces) StdoutLine: {'line': b'-- Up-to-date: /home/rehmaan/sensor_fusion/install/custom_interfaces/include/custom_interfaces/custom_interfaces/msg/detail/imu__rosidl_typesupport_fastrtps_c.h\n'}
[1.984592] (custom_interfaces) StdoutLine: {'line': b'-- Up-to-date: /home/rehmaan/sensor_fusion/install/custom_interfaces/lib/libcustom_interfaces__rosidl_typesupport_fastrtps_c.so\n'}
[1.984958] (custom_interfaces) StdoutLine: {'line': b'-- Up-to-date: /home/rehmaan/sensor_fusion/install/custom_interfaces/include/custom_interfaces/custom_interfaces\n'}
[1.985095] (custom_interfaces) StdoutLine: {'line': b'-- Up-to-date: /home/rehmaan/sensor_fusion/install/custom_interfaces/include/custom_interfaces/custom_interfaces/msg\n'}
[1.985188] (custom_interfaces) StdoutLine: {'line': b'-- Up-to-date: /home/rehmaan/sensor_fusion/install/custom_interfaces/include/custom_interfaces/custom_interfaces/msg/rosidl_typesupport_introspection_c__visibility_control.h\n'}
[1.985331] (custom_interfaces) StdoutLine: {'line': b'-- Up-to-date: /home/rehmaan/sensor_fusion/install/custom_interfaces/include/custom_interfaces/custom_interfaces/msg/detail\n'}
[1.985424] (custom_interfaces) StdoutLine: {'line': b'-- Up-to-date: /home/rehmaan/sensor_fusion/install/custom_interfaces/include/custom_interfaces/custom_interfaces/msg/detail/encoder__rosidl_typesupport_introspection_c.h\n'}
[1.985635] (custom_interfaces) StdoutLine: {'line': b'-- Installing: /home/rehmaan/sensor_fusion/install/custom_interfaces/include/custom_interfaces/custom_interfaces/msg/detail/lidar__type_support.c\n'}
[1.986029] (custom_interfaces) StdoutLine: {'line': b'-- Installing: /home/rehmaan/sensor_fusion/install/custom_interfaces/include/custom_interfaces/custom_interfaces/msg/detail/environment__type_support.c\n'}
[1.986476] (custom_interfaces) StdoutLine: {'line': b'-- Up-to-date: /home/rehmaan/sensor_fusion/install/custom_interfaces/include/custom_interfaces/custom_interfaces/msg/detail/lidar__rosidl_typesupport_introspection_c.h\n'}
[1.986641] (custom_interfaces) StdoutLine: {'line': b'-- Up-to-date: /home/rehmaan/sensor_fusion/install/custom_interfaces/include/custom_interfaces/custom_interfaces/msg/detail/environment__rosidl_typesupport_introspection_c.h\n'}
[1.986738] (custom_interfaces) StdoutLine: {'line': b'-- Up-to-date: /home/rehmaan/sensor_fusion/install/custom_interfaces/include/custom_interfaces/custom_interfaces/msg/detail/battery__type_support.c\n'}
[1.986827] (custom_interfaces) StdoutLine: {'line': b'-- Installing: /home/rehmaan/sensor_fusion/install/custom_interfaces/include/custom_interfaces/custom_interfaces/msg/detail/motors__type_support.c\n'}
[1.987076] (custom_interfaces) StdoutLine: {'line': b'-- Up-to-date: /home/rehmaan/sensor_fusion/install/custom_interfaces/include/custom_interfaces/custom_interfaces/msg/detail/distance_sensors__rosidl_typesupport_introspection_c.h\n'}
[1.987450] (custom_interfaces) StdoutLine: {'line': b'-- Up-to-date: /home/rehmaan/sensor_fusion/install/custom_interfaces/include/custom_interfaces/custom_interfaces/msg/detail/imu__rosidl_typesupport_introspection_c.h\n'}
[1.987616] (custom_interfaces) StdoutLine: {'line': b'-- Up-to-date: /home/rehmaan/sensor_fusion/install/custom_interfaces/include/custom_interfaces/custom_interfaces/msg/detail/battery__rosidl_typesupport_introspection_c.h\n'}
[1.987677] (custom_interfaces) StdoutLine: {'line': b'-- Installing: /home/rehmaan/sensor_fusion/install/custom_interfaces/include/custom_interfaces/custom_interfaces/msg/detail/imu__type_support.c\n'}
[1.988137] (custom_interfaces) StdoutLine: {'line': b'-- Up-to-date: /home/rehmaan/sensor_fusion/install/custom_interfaces/include/custom_interfaces/custom_interfaces/msg/detail/odometry__rosidl_typesupport_introspection_c.h\n'}
[1.988287] (custom_interfaces) StdoutLine: {'line': b'-- Up-to-date: /home/rehmaan/sensor_fusion/install/custom_interfaces/include/custom_interfaces/custom_interfaces/msg/detail/distance_sensors__type_support.c\n'}
[1.988383] (custom_interfaces) StdoutLine: {'line': b'-- Up-to-date: /home/rehmaan/sensor_fusion/install/custom_interfaces/include/custom_interfaces/custom_interfaces/msg/detail/odometry__type_support.c\n'}
[1.988468] (custom_interfaces) StdoutLine: {'line': b'-- Up-to-date: /home/rehmaan/sensor_fusion/install/custom_interfaces/include/custom_interfaces/custom_interfaces/msg/detail/motors__rosidl_typesupport_introspection_c.h\n'}
[1.988553] (custom_interfaces) StdoutLine: {'line': b'-- Installing: /home/rehmaan/sensor_fusion/install/custom_interfaces/include/custom_interfaces/custom_interfaces/msg/detail/encoder__type_support.c\n'}
[1.990208] (custom_interfaces) StdoutLine: {'line': b'-- Up-to-date: /home/rehmaan/sensor_fusion/install/custom_interfaces/lib/libcustom_interfaces__rosidl_typesupport_introspection_c.so\n'}
[1.992261] (custom_interfaces) StdoutLine: {'line': b'-- Up-to-date: /home/rehmaan/sensor_fusion/install/custom_interfaces/lib/libcustom_interfaces__rosidl_typesupport_c.so\n'}
[1.992628] (custom_interfaces) StdoutLine: {'line': b'-- Up-to-date: /home/rehmaan/sensor_fusion/install/custom_interfaces/include/custom_interfaces/custom_interfaces\n'}
[1.993050] (custom_interfaces) StdoutLine: {'line': b'-- Up-to-date: /home/rehmaan/sensor_fusion/install/custom_interfaces/include/custom_interfaces/custom_interfaces/msg\n'}
[1.993827] (custom_interfaces) StdoutLine: {'line': b'-- Up-to-date: /home/rehmaan/sensor_fusion/install/custom_interfaces/include/custom_interfaces/custom_interfaces/msg/distance_sensors.hpp\n'}
[1.994161] (custom_interfaces) StdoutLine: {'line': b'-- Up-to-date: /home/rehmaan/sensor_fusion/install/custom_interfaces/include/custom_interfaces/custom_interfaces/msg/lidar.hpp\n'}
[1.994520] (custom_interfaces) StdoutLine: {'line': b'-- Up-to-date: /home/rehmaan/sensor_fusion/install/custom_interfaces/include/custom_interfaces/custom_interfaces/msg/motors.hpp\n'}
[1.994726] (custom_interfaces) StdoutLine: {'line': b'-- Up-to-date: /home/rehmaan/sensor_fusion/install/custom_interfaces/include/custom_interfaces/custom_interfaces/msg/imu.hpp\n'}
[1.995043] (custom_interfaces) StdoutLine: {'line': b'-- Up-to-date: /home/rehmaan/sensor_fusion/install/custom_interfaces/include/custom_interfaces/custom_interfaces/msg/battery.hpp\n'}
[1.995138] (custom_interfaces) StdoutLine: {'line': b'-- Up-to-date: /home/rehmaan/sensor_fusion/install/custom_interfaces/include/custom_interfaces/custom_interfaces/msg/detail\n'}
[1.995225] (custom_interfaces) StdoutLine: {'line': b'-- Up-to-date: /home/rehmaan/sensor_fusion/install/custom_interfaces/include/custom_interfaces/custom_interfaces/msg/detail/environment__struct.hpp\n'}
[1.995315] (custom_interfaces) StdoutLine: {'line': b'-- Up-to-date: /home/rehmaan/sensor_fusion/install/custom_interfaces/include/custom_interfaces/custom_interfaces/msg/detail/battery__struct.hpp\n'}
[1.995408] (custom_interfaces) StdoutLine: {'line': b'-- Up-to-date: /home/rehmaan/sensor_fusion/install/custom_interfaces/include/custom_interfaces/custom_interfaces/msg/detail/encoder__traits.hpp\n'}
[1.995503] (custom_interfaces) StdoutLine: {'line': b'-- Up-to-date: /home/rehmaan/sensor_fusion/install/custom_interfaces/include/custom_interfaces/custom_interfaces/msg/detail/imu__type_support.hpp\n'}
[1.995595] (custom_interfaces) StdoutLine: {'line': b'-- Up-to-date: /home/rehmaan/sensor_fusion/install/custom_interfaces/include/custom_interfaces/custom_interfaces/msg/detail/encoder__type_support.hpp\n'}
[1.995683] (custom_interfaces) StdoutLine: {'line': b'-- Up-to-date: /home/rehmaan/sensor_fusion/install/custom_interfaces/include/custom_interfaces/custom_interfaces/msg/detail/odometry__type_support.hpp\n'}
[1.995769] (custom_interfaces) StdoutLine: {'line': b'-- Up-to-date: /home/rehmaan/sensor_fusion/install/custom_interfaces/include/custom_interfaces/custom_interfaces/msg/detail/imu__traits.hpp\n'}
[1.995859] (custom_interfaces) StdoutLine: {'line': b'-- Up-to-date: /home/rehmaan/sensor_fusion/install/custom_interfaces/include/custom_interfaces/custom_interfaces/msg/detail/imu__builder.hpp\n'}
[1.995948] (custom_interfaces) StdoutLine: {'line': b'-- Up-to-date: /home/rehmaan/sensor_fusion/install/custom_interfaces/include/custom_interfaces/custom_interfaces/msg/detail/motors__builder.hpp\n'}
[1.996035] (custom_interfaces) StdoutLine: {'line': b'-- Up-to-date: /home/rehmaan/sensor_fusion/install/custom_interfaces/include/custom_interfaces/custom_interfaces/msg/detail/battery__type_support.hpp\n'}
[1.996121] (custom_interfaces) StdoutLine: {'line': b'-- Up-to-date: /home/rehmaan/sensor_fusion/install/custom_interfaces/include/custom_interfaces/custom_interfaces/msg/detail/odometry__struct.hpp\n'}
[1.996234] (custom_interfaces) StdoutLine: {'line': b'-- Up-to-date: /home/rehmaan/sensor_fusion/install/custom_interfaces/include/custom_interfaces/custom_interfaces/msg/detail/lidar__type_support.hpp\n'}
[1.996330] (custom_interfaces) StdoutLine: {'line': b'-- Up-to-date: /home/rehmaan/sensor_fusion/install/custom_interfaces/include/custom_interfaces/custom_interfaces/msg/detail/motors__traits.hpp\n'}
[1.996414] (custom_interfaces) StdoutLine: {'line': b'-- Up-to-date: /home/rehmaan/sensor_fusion/install/custom_interfaces/include/custom_interfaces/custom_interfaces/msg/detail/environment__traits.hpp\n'}
[1.996502] (custom_interfaces) StdoutLine: {'line': b'-- Up-to-date: /home/rehmaan/sensor_fusion/install/custom_interfaces/include/custom_interfaces/custom_interfaces/msg/detail/odometry__builder.hpp\n'}
[1.996588] (custom_interfaces) StdoutLine: {'line': b'-- Up-to-date: /home/rehmaan/sensor_fusion/install/custom_interfaces/include/custom_interfaces/custom_interfaces/msg/detail/imu__struct.hpp\n'}
[1.996774] (custom_interfaces) StdoutLine: {'line': b'-- Up-to-date: /home/rehmaan/sensor_fusion/install/custom_interfaces/include/custom_interfaces/custom_interfaces/msg/detail/distance_sensors__traits.hpp\n'}
[1.997138] (custom_interfaces) StdoutLine: {'line': b'-- Up-to-date: /home/rehmaan/sensor_fusion/install/custom_interfaces/include/custom_interfaces/custom_interfaces/msg/detail/odometry__traits.hpp\n'}
[1.997343] (custom_interfaces) StdoutLine: {'line': b'-- Up-to-date: /home/rehmaan/sensor_fusion/install/custom_interfaces/include/custom_interfaces/custom_interfaces/msg/detail/lidar__traits.hpp\n'}
[1.997603] (custom_interfaces) StdoutLine: {'line': b'-- Up-to-date: /home/rehmaan/sensor_fusion/install/custom_interfaces/include/custom_interfaces/custom_interfaces/msg/detail/lidar__builder.hpp\n'}
[1.997796] (custom_interfaces) StdoutLine: {'line': b'-- Up-to-date: /home/rehmaan/sensor_fusion/install/custom_interfaces/include/custom_interfaces/custom_interfaces/msg/detail/motors__type_support.hpp\n'}
[1.998047] (custom_interfaces) StdoutLine: {'line': b'-- Up-to-date: /home/rehmaan/sensor_fusion/install/custom_interfaces/include/custom_interfaces/custom_interfaces/msg/detail/distance_sensors__type_support.hpp\n'}
[1.998223] (custom_interfaces) StdoutLine: {'line': b'-- Up-to-date: /home/rehmaan/sensor_fusion/install/custom_interfaces/include/custom_interfaces/custom_interfaces/msg/detail/environment__builder.hpp\n'}
[1.998734] (custom_interfaces) StdoutLine: {'line': b'-- Up-to-date: /home/rehmaan/sensor_fusion/install/custom_interfaces/include/custom_interfaces/custom_interfaces/msg/detail/battery__traits.hpp\n'}
[1.998887] (custom_interfaces) StdoutLine: {'line': b'-- Up-to-date: /home/rehmaan/sensor_fusion/install/custom_interfaces/include/custom_interfaces/custom_interfaces/msg/detail/distance_sensors__struct.hpp\n'}
[1.998980] (custom_interfaces) StdoutLine: {'line': b'-- Up-to-date: /home/rehmaan/sensor_fusion/install/custom_interfaces/include/custom_interfaces/custom_interfaces/msg/detail/encoder__struct.hpp\n'}
[1.999065] (custom_interfaces) StdoutLine: {'line': b'-- Up-to-date: /home/rehmaan/sensor_fusion/install/custom_interfaces/include/custom_interfaces/custom_interfaces/msg/detail/distance_sensors__builder.hpp\n'}
[1.999151] (custom_interfaces) StdoutLine: {'line': b'-- Up-to-date: /home/rehmaan/sensor_fusion/install/custom_interfaces/include/custom_interfaces/custom_interfaces/msg/detail/motors__struct.hpp\n'}
[1.999236] (custom_interfaces) StdoutLine: {'line': b'-- Up-to-date: /home/rehmaan/sensor_fusion/install/custom_interfaces/include/custom_interfaces/custom_interfaces/msg/detail/encoder__builder.hpp\n'}
[1.999327] (custom_interfaces) StdoutLine: {'line': b'-- Up-to-date: /home/rehmaan/sensor_fusion/install/custom_interfaces/include/custom_interfaces/custom_interfaces/msg/detail/lidar__struct.hpp\n'}
[1.999418] (custom_interfaces) StdoutLine: {'line': b'-- Up-to-date: /home/rehmaan/sensor_fusion/install/custom_interfaces/include/custom_interfaces/custom_interfaces/msg/detail/battery__builder.hpp\n'}
[1.999681] (custom_interfaces) StdoutLine: {'line': b'-- Up-to-date: /home/rehmaan/sensor_fusion/install/custom_interfaces/include/custom_interfaces/custom_interfaces/msg/detail/environment__type_support.hpp\n'}
[1.999992] (custom_interfaces) StdoutLine: {'line': b'-- Up-to-date: /home/rehmaan/sensor_fusion/install/custom_interfaces/include/custom_interfaces/custom_interfaces/msg/odometry.hpp\n'}
[2.000120] (custom_interfaces) StdoutLine: {'line': b'-- Up-to-date: /home/rehmaan/sensor_fusion/install/custom_interfaces/include/custom_interfaces/custom_interfaces/msg/rosidl_generator_cpp__visibility_control.hpp\n'}
[2.000219] (custom_interfaces) StdoutLine: {'line': b'-- Up-to-date: /home/rehmaan/sensor_fusion/install/custom_interfaces/include/custom_interfaces/custom_interfaces/msg/encoder.hpp\n'}
[2.000459] (custom_interfaces) StdoutLine: {'line': b'-- Up-to-date: /home/rehmaan/sensor_fusion/install/custom_interfaces/include/custom_interfaces/custom_interfaces/msg/environment.hpp\n'}
[2.000844] (custom_interfaces) StdoutLine: {'line': b'-- Up-to-date: /home/rehmaan/sensor_fusion/install/custom_interfaces/include/custom_interfaces/custom_interfaces\n'}
[2.001008] (custom_interfaces) StdoutLine: {'line': b'-- Up-to-date: /home/rehmaan/sensor_fusion/install/custom_interfaces/include/custom_interfaces/custom_interfaces/msg\n'}
[2.001128] (custom_interfaces) StdoutLine: {'line': b'-- Up-to-date: /home/rehmaan/sensor_fusion/install/custom_interfaces/include/custom_interfaces/custom_interfaces/msg/detail\n'}
[2.001450] (custom_interfaces) StdoutLine: {'line': b'-- Up-to-date: /home/rehmaan/sensor_fusion/install/custom_interfaces/include/custom_interfaces/custom_interfaces/msg/detail/lidar__rosidl_typesupport_fastrtps_cpp.hpp\n'}
[2.001643] (custom_interfaces) StdoutLine: {'line': b'-- Up-to-date: /home/rehmaan/sensor_fusion/install/custom_interfaces/include/custom_interfaces/custom_interfaces/msg/detail/dds_fastrtps\n'}
[2.001902] (custom_interfaces) StdoutLine: {'line': b'-- Up-to-date: /home/rehmaan/sensor_fusion/install/custom_interfaces/include/custom_interfaces/custom_interfaces/msg/detail/imu__rosidl_typesupport_fastrtps_cpp.hpp\n'}
[2.002273] (custom_interfaces) StdoutLine: {'line': b'-- Up-to-date: /home/rehmaan/sensor_fusion/install/custom_interfaces/include/custom_interfaces/custom_interfaces/msg/detail/motors__rosidl_typesupport_fastrtps_cpp.hpp\n'}
[2.002403] (custom_interfaces) StdoutLine: {'line': b'-- Up-to-date: /home/rehmaan/sensor_fusion/install/custom_interfaces/include/custom_interfaces/custom_interfaces/msg/detail/distance_sensors__rosidl_typesupport_fastrtps_cpp.hpp\n'}
[2.002741] (custom_interfaces) StdoutLine: {'line': b'-- Up-to-date: /home/rehmaan/sensor_fusion/install/custom_interfaces/include/custom_interfaces/custom_interfaces/msg/detail/odometry__rosidl_typesupport_fastrtps_cpp.hpp\n'}
[2.002877] (custom_interfaces) StdoutLine: {'line': b'-- Up-to-date: /home/rehmaan/sensor_fusion/install/custom_interfaces/include/custom_interfaces/custom_interfaces/msg/detail/battery__rosidl_typesupport_fastrtps_cpp.hpp\n'}
[2.003035] (custom_interfaces) StdoutLine: {'line': b'-- Up-to-date: /home/rehmaan/sensor_fusion/install/custom_interfaces/include/custom_interfaces/custom_interfaces/msg/detail/environment__rosidl_typesupport_fastrtps_cpp.hpp\n'}
[2.003242] (custom_interfaces) StdoutLine: {'line': b'-- Up-to-date: /home/rehmaan/sensor_fusion/install/custom_interfaces/include/custom_interfaces/custom_interfaces/msg/detail/encoder__rosidl_typesupport_fastrtps_cpp.hpp\n'}
[2.003481] (custom_interfaces) StdoutLine: {'line': b'-- Up-to-date: /home/rehmaan/sensor_fusion/install/custom_interfaces/include/custom_interfaces/custom_interfaces/msg/rosidl_typesupport_fastrtps_cpp__visibility_control.h\n'}
[2.003769] (custom_interfaces) StdoutLine: {'line': b'-- Up-to-date: /home/rehmaan/sensor_fusion/install/custom_interfaces/lib/libcustom_interfaces__rosidl_typesupport_fastrtps_cpp.so\n'}
[2.004066] (custom_interfaces) StdoutLine: {'line': b'-- Up-to-date: /home/rehmaan/sensor_fusion/install/custom_interfaces/include/custom_interfaces/custom_interfaces\n'}
[2.004169] (custom_interfaces) StdoutLine: {'line': b'-- Up-to-date: /home/rehmaan/sensor_fusion/install/custom_interfaces/include/custom_interfaces/custom_interfaces/msg\n'}
[2.004269] (custom_interfaces) StdoutLine: {'line': b'-- Up-to-date: /home/rehmaan/sensor_fusion/install/custom_interfaces/include/custom_interfaces/custom_interfaces/msg/detail\n'}
[2.004365] (custom_interfaces) StdoutLine: {'line': b'-- Up-to-date: /home/rehmaan/sensor_fusion/install/custom_interfaces/include/custom_interfaces/custom_interfaces/msg/detail/distance_sensors__rosidl_typesupport_introspection_cpp.hpp\n'}
[2.004467] (custom_interfaces) StdoutLine: {'line': b'-- Up-to-date: /home/rehmaan/sensor_fusion/install/custom_interfaces/include/custom_interfaces/custom_interfaces/msg/detail/lidar__type_support.cpp\n'}
[2.004559] (custom_interfaces) StdoutLine: {'line': b'-- Up-to-date: /home/rehmaan/sensor_fusion/install/custom_interfaces/include/custom_interfaces/custom_interfaces/msg/detail/encoder__type_support.cpp\n'}
[2.004652] (custom_interfaces) StdoutLine: {'line': b'-- Up-to-date: /home/rehmaan/sensor_fusion/install/custom_interfaces/include/custom_interfaces/custom_interfaces/msg/detail/environment__rosidl_typesupport_introspection_cpp.hpp\n'}
[2.004748] (custom_interfaces) StdoutLine: {'line': b'-- Up-to-date: /home/rehmaan/sensor_fusion/install/custom_interfaces/include/custom_interfaces/custom_interfaces/msg/detail/battery__type_support.cpp\n'}
[2.004838] (custom_interfaces) StdoutLine: {'line': b'-- Up-to-date: /home/rehmaan/sensor_fusion/install/custom_interfaces/include/custom_interfaces/custom_interfaces/msg/detail/battery__rosidl_typesupport_introspection_cpp.hpp\n'}
[2.004926] (custom_interfaces) StdoutLine: {'line': b'-- Up-to-date: /home/rehmaan/sensor_fusion/install/custom_interfaces/include/custom_interfaces/custom_interfaces/msg/detail/odometry__type_support.cpp\n'}
[2.005013] (custom_interfaces) StdoutLine: {'line': b'-- Up-to-date: /home/rehmaan/sensor_fusion/install/custom_interfaces/include/custom_interfaces/custom_interfaces/msg/detail/lidar__rosidl_typesupport_introspection_cpp.hpp\n'}
[2.005102] (-) TimerEvent: {}
[2.005277] (custom_interfaces) StdoutLine: {'line': b'-- Up-to-date: /home/rehmaan/sensor_fusion/install/custom_interfaces/include/custom_interfaces/custom_interfaces/msg/detail/motors__type_support.cpp\n'}
[2.005487] (custom_interfaces) StdoutLine: {'line': b'-- Up-to-date: /home/rehmaan/sensor_fusion/install/custom_interfaces/include/custom_interfaces/custom_interfaces/msg/detail/imu__rosidl_typesupport_introspection_cpp.hpp\n'}
[2.005621] (custom_interfaces) StdoutLine: {'line': b'-- Up-to-date: /home/rehmaan/sensor_fusion/install/custom_interfaces/include/custom_interfaces/custom_interfaces/msg/detail/motors__rosidl_typesupport_introspection_cpp.hpp\n'}
[2.005829] (custom_interfaces) StdoutLine: {'line': b'-- Up-to-date: /home/rehmaan/sensor_fusion/install/custom_interfaces/include/custom_interfaces/custom_interfaces/msg/detail/environment__type_support.cpp\n'}
[2.006187] (custom_interfaces) StdoutLine: {'line': b'-- Up-to-date: /home/rehmaan/sensor_fusion/install/custom_interfaces/include/custom_interfaces/custom_interfaces/msg/detail/distance_sensors__type_support.cpp\n'}
[2.006305] (custom_interfaces) StdoutLine: {'line': b'-- Up-to-date: /home/rehmaan/sensor_fusion/install/custom_interfaces/include/custom_interfaces/custom_interfaces/msg/detail/imu__type_support.cpp\n'}
[2.006389] (custom_interfaces) StdoutLine: {'line': b'-- Up-to-date: /home/rehmaan/sensor_fusion/install/custom_interfaces/include/custom_interfaces/custom_interfaces/msg/detail/odometry__rosidl_typesupport_introspection_cpp.hpp\n'}
[2.006471] (custom_interfaces) StdoutLine: {'line': b'-- Up-to-date: /home/rehmaan/sensor_fusion/install/custom_interfaces/include/custom_interfaces/custom_interfaces/msg/detail/encoder__rosidl_typesupport_introspection_cpp.hpp\n'}
[2.006558] (custom_interfaces) StdoutLine: {'line': b'-- Up-to-date: /home/rehmaan/sensor_fusion/install/custom_interfaces/lib/libcustom_interfaces__rosidl_typesupport_introspection_cpp.so\n'}
[2.006642] (custom_interfaces) StdoutLine: {'line': b'-- Up-to-date: /home/rehmaan/sensor_fusion/install/custom_interfaces/lib/libcustom_interfaces__rosidl_typesupport_cpp.so\n'}
[2.006725] (custom_interfaces) StdoutLine: {'line': b'-- Up-to-date: /home/rehmaan/sensor_fusion/install/custom_interfaces/share/custom_interfaces/environment/pythonpath.sh\n'}
[2.006812] (custom_interfaces) StdoutLine: {'line': b'-- Up-to-date: /home/rehmaan/sensor_fusion/install/custom_interfaces/share/custom_interfaces/environment/pythonpath.dsv\n'}
[2.006894] (custom_interfaces) StdoutLine: {'line': b'-- Up-to-date: /home/rehmaan/sensor_fusion/install/custom_interfaces/lib/python3.12/site-packages/custom_interfaces-0.0.0-py3.12.egg-info\n'}
[2.006976] (custom_interfaces) StdoutLine: {'line': b'-- Installing: /home/rehmaan/sensor_fusion/install/custom_interfaces/lib/python3.12/site-packages/custom_interfaces-0.0.0-py3.12.egg-info/PKG-INFO\n'}
[2.007058] (custom_interfaces) StdoutLine: {'line': b'-- Installing: /home/rehmaan/sensor_fusion/install/custom_interfaces/lib/python3.12/site-packages/custom_interfaces-0.0.0-py3.12.egg-info/SOURCES.txt\n'}
[2.007141] (custom_interfaces) StdoutLine: {'line': b'-- Installing: /home/rehmaan/sensor_fusion/install/custom_interfaces/lib/python3.12/site-packages/custom_interfaces-0.0.0-py3.12.egg-info/dependency_links.txt\n'}
[2.007223] (custom_interfaces) StdoutLine: {'line': b'-- Installing: /home/rehmaan/sensor_fusion/install/custom_interfaces/lib/python3.12/site-packages/custom_interfaces-0.0.0-py3.12.egg-info/top_level.txt\n'}
[2.007307] (custom_interfaces) StdoutLine: {'line': b'-- Up-to-date: /home/rehmaan/sensor_fusion/install/custom_interfaces/lib/python3.12/site-packages/custom_interfaces\n'}
[2.007389] (custom_interfaces) StdoutLine: {'line': b'-- Up-to-date: /home/rehmaan/sensor_fusion/install/custom_interfaces/lib/python3.12/site-packages/custom_interfaces/_custom_interfaces_s.ep.rosidl_typesupport_fastrtps_c.c\n'}
[2.007471] (custom_interfaces) StdoutLine: {'line': b'-- Up-to-date: /home/rehmaan/sensor_fusion/install/custom_interfaces/lib/python3.12/site-packages/custom_interfaces/custom_interfaces_s__rosidl_typesupport_c.so\n'}
[2.007794] (custom_interfaces) StdoutLine: {'line': b'-- Up-to-date: /home/rehmaan/sensor_fusion/install/custom_interfaces/lib/python3.12/site-packages/custom_interfaces/custom_interfaces_s__rosidl_typesupport_introspection_c.so\n'}
[2.007887] (custom_interfaces) StdoutLine: {'line': b'-- Up-to-date: /home/rehmaan/sensor_fusion/install/custom_interfaces/lib/python3.12/site-packages/custom_interfaces/custom_interfaces_s__rosidl_typesupport_fastrtps_c.so\n'}
[2.007974] (custom_interfaces) StdoutLine: {'line': b'-- Up-to-date: /home/rehmaan/sensor_fusion/install/custom_interfaces/lib/python3.12/site-packages/custom_interfaces/_custom_interfaces_s.ep.rosidl_typesupport_introspection_c.c\n'}
[2.008061] (custom_interfaces) StdoutLine: {'line': b'-- Installing: /home/rehmaan/sensor_fusion/install/custom_interfaces/lib/python3.12/site-packages/custom_interfaces/__init__.py\n'}
[2.008148] (custom_interfaces) StdoutLine: {'line': b'-- Up-to-date: /home/rehmaan/sensor_fusion/install/custom_interfaces/lib/python3.12/site-packages/custom_interfaces/_custom_interfaces_s.ep.rosidl_typesupport_c.c\n'}
[2.008239] (custom_interfaces) StdoutLine: {'line': b'-- Up-to-date: /home/rehmaan/sensor_fusion/install/custom_interfaces/lib/python3.12/site-packages/custom_interfaces/msg\n'}
[2.008325] (custom_interfaces) StdoutLine: {'line': b'-- Up-to-date: /home/rehmaan/sensor_fusion/install/custom_interfaces/lib/python3.12/site-packages/custom_interfaces/msg/_imu.py\n'}
[2.008413] (custom_interfaces) StdoutLine: {'line': b'-- Up-to-date: /home/rehmaan/sensor_fusion/install/custom_interfaces/lib/python3.12/site-packages/custom_interfaces/msg/_environment.py\n'}
[2.008499] (custom_interfaces) StdoutLine: {'line': b'-- Up-to-date: /home/rehmaan/sensor_fusion/install/custom_interfaces/lib/python3.12/site-packages/custom_interfaces/msg/_battery.py\n'}
[2.008635] (custom_interfaces) StdoutLine: {'line': b'-- Up-to-date: /home/rehmaan/sensor_fusion/install/custom_interfaces/lib/python3.12/site-packages/custom_interfaces/msg/_battery_s.c\n'}
[2.008725] (custom_interfaces) StdoutLine: {'line': b'-- Up-to-date: /home/rehmaan/sensor_fusion/install/custom_interfaces/lib/python3.12/site-packages/custom_interfaces/msg/_odometry_s.c\n'}
[2.008811] (custom_interfaces) StdoutLine: {'line': b'-- Up-to-date: /home/rehmaan/sensor_fusion/install/custom_interfaces/lib/python3.12/site-packages/custom_interfaces/msg/_environment_s.c\n'}
[2.008896] (custom_interfaces) StdoutLine: {'line': b'-- Up-to-date: /home/rehmaan/sensor_fusion/install/custom_interfaces/lib/python3.12/site-packages/custom_interfaces/msg/_odometry.py\n'}
[2.008992] (custom_interfaces) StdoutLine: {'line': b'-- Up-to-date: /home/rehmaan/sensor_fusion/install/custom_interfaces/lib/python3.12/site-packages/custom_interfaces/msg/_imu_s.c\n'}
[2.009077] (custom_interfaces) StdoutLine: {'line': b'-- Up-to-date: /home/rehmaan/sensor_fusion/install/custom_interfaces/lib/python3.12/site-packages/custom_interfaces/msg/_motors.py\n'}
[2.009167] (custom_interfaces) StdoutLine: {'line': b'-- Up-to-date: /home/rehmaan/sensor_fusion/install/custom_interfaces/lib/python3.12/site-packages/custom_interfaces/msg/_distance_sensors.py\n'}
[2.009260] (custom_interfaces) StdoutLine: {'line': b'-- Up-to-date: /home/rehmaan/sensor_fusion/install/custom_interfaces/lib/python3.12/site-packages/custom_interfaces/msg/__init__.py\n'}
[2.009359] (custom_interfaces) StdoutLine: {'line': b'-- Up-to-date: /home/rehmaan/sensor_fusion/install/custom_interfaces/lib/python3.12/site-packages/custom_interfaces/msg/_encoder_s.c\n'}
[2.009460] (custom_interfaces) StdoutLine: {'line': b'-- Up-to-date: /home/rehmaan/sensor_fusion/install/custom_interfaces/lib/python3.12/site-packages/custom_interfaces/msg/_distance_sensors_s.c\n'}
[2.009554] (custom_interfaces) StdoutLine: {'line': b'-- Up-to-date: /home/rehmaan/sensor_fusion/install/custom_interfaces/lib/python3.12/site-packages/custom_interfaces/msg/_encoder.py\n'}
[2.009651] (custom_interfaces) StdoutLine: {'line': b'-- Up-to-date: /home/rehmaan/sensor_fusion/install/custom_interfaces/lib/python3.12/site-packages/custom_interfaces/msg/_motors_s.c\n'}
[2.009807] (custom_interfaces) StdoutLine: {'line': b'-- Up-to-date: /home/rehmaan/sensor_fusion/install/custom_interfaces/lib/python3.12/site-packages/custom_interfaces/msg/_lidar.py\n'}
[2.009898] (custom_interfaces) StdoutLine: {'line': b'-- Up-to-date: /home/rehmaan/sensor_fusion/install/custom_interfaces/lib/python3.12/site-packages/custom_interfaces/msg/_lidar_s.c\n'}
[2.059665] (custom_interfaces) StdoutLine: {'line': b"Listing '/home/rehmaan/sensor_fusion/install/custom_interfaces/lib/python3.12/site-packages/custom_interfaces'...\n"}
[2.059943] (custom_interfaces) StdoutLine: {'line': b"Compiling '/home/rehmaan/sensor_fusion/install/custom_interfaces/lib/python3.12/site-packages/custom_interfaces/__init__.py'...\n"}
[2.060043] (custom_interfaces) StdoutLine: {'line': b"Listing '/home/rehmaan/sensor_fusion/install/custom_interfaces/lib/python3.12/site-packages/custom_interfaces/msg'...\n"}
[2.068379] (custom_interfaces) StdoutLine: {'line': b'-- Up-to-date: /home/rehmaan/sensor_fusion/install/custom_interfaces/lib/python3.12/site-packages/custom_interfaces/custom_interfaces_s__rosidl_typesupport_fastrtps_c.so\n'}
[2.069954] (custom_interfaces) StdoutLine: {'line': b'-- Up-to-date: /home/rehmaan/sensor_fusion/install/custom_interfaces/lib/python3.12/site-packages/custom_interfaces/custom_interfaces_s__rosidl_typesupport_introspection_c.so\n'}
[2.071341] (custom_interfaces) StdoutLine: {'line': b'-- Up-to-date: /home/rehmaan/sensor_fusion/install/custom_interfaces/lib/python3.12/site-packages/custom_interfaces/custom_interfaces_s__rosidl_typesupport_c.so\n'}
[2.073069] (custom_interfaces) StdoutLine: {'line': b'-- Up-to-date: /home/rehmaan/sensor_fusion/install/custom_interfaces/lib/libcustom_interfaces__rosidl_generator_py.so\n'}
[2.073512] (custom_interfaces) StdoutLine: {'line': b'-- Up-to-date: /home/rehmaan/sensor_fusion/install/custom_interfaces/share/custom_interfaces/msg/Battery.idl\n'}
[2.073812] (custom_interfaces) StdoutLine: {'line': b'-- Up-to-date: /home/rehmaan/sensor_fusion/install/custom_interfaces/share/custom_interfaces/msg/DistanceSensors.idl\n'}
[2.074026] (custom_interfaces) StdoutLine: {'line': b'-- Up-to-date: /home/rehmaan/sensor_fusion/install/custom_interfaces/share/custom_interfaces/msg/Encoder.idl\n'}
[2.074363] (custom_interfaces) StdoutLine: {'line': b'-- Up-to-date: /home/rehmaan/sensor_fusion/install/custom_interfaces/share/custom_interfaces/msg/Environment.idl\n'}
[2.074655] (custom_interfaces) StdoutLine: {'line': b'-- Up-to-date: /home/rehmaan/sensor_fusion/install/custom_interfaces/share/custom_interfaces/msg/IMU.idl\n'}
[2.074859] (custom_interfaces) StdoutLine: {'line': b'-- Up-to-date: /home/rehmaan/sensor_fusion/install/custom_interfaces/share/custom_interfaces/msg/Lidar.idl\n'}
[2.075130] (custom_interfaces) StdoutLine: {'line': b'-- Up-to-date: /home/rehmaan/sensor_fusion/install/custom_interfaces/share/custom_interfaces/msg/Motors.idl\n'}
[2.075324] (custom_interfaces) StdoutLine: {'line': b'-- Up-to-date: /home/rehmaan/sensor_fusion/install/custom_interfaces/share/custom_interfaces/msg/Odometry.idl\n'}
[2.075645] (custom_interfaces) StdoutLine: {'line': b'-- Up-to-date: /home/rehmaan/sensor_fusion/install/custom_interfaces/share/custom_interfaces/msg/Battery.msg\n'}
[2.075864] (custom_interfaces) StdoutLine: {'line': b'-- Up-to-date: /home/rehmaan/sensor_fusion/install/custom_interfaces/share/custom_interfaces/msg/DistanceSensors.msg\n'}
[2.076077] (custom_interfaces) StdoutLine: {'line': b'-- Up-to-date: /home/rehmaan/sensor_fusion/install/custom_interfaces/share/custom_interfaces/msg/Encoder.msg\n'}
[2.076404] (custom_interfaces) StdoutLine: {'line': b'-- Up-to-date: /home/rehmaan/sensor_fusion/install/custom_interfaces/share/custom_interfaces/msg/Environment.msg\n'}
[2.076540] (custom_interfaces) StdoutLine: {'line': b'-- Up-to-date: /home/rehmaan/sensor_fusion/install/custom_interfaces/share/custom_interfaces/msg/IMU.msg\n'}
[2.076698] (custom_interfaces) StdoutLine: {'line': b'-- Up-to-date: /home/rehmaan/sensor_fusion/install/custom_interfaces/share/custom_interfaces/msg/Lidar.msg\n'}
[2.076809] (custom_interfaces) StdoutLine: {'line': b'-- Up-to-date: /home/rehmaan/sensor_fusion/install/custom_interfaces/share/custom_interfaces/msg/Motors.msg\n'}
[2.077212] (custom_interfaces) StdoutLine: {'line': b'-- Up-to-date: /home/rehmaan/sensor_fusion/install/custom_interfaces/share/custom_interfaces/msg/Odometry.msg\n'}
[2.077299] (custom_interfaces) StdoutLine: {'line': b'-- Up-to-date: /home/rehmaan/sensor_fusion/install/custom_interfaces/share/ament_index/resource_index/package_run_dependencies/custom_interfaces\n'}
[2.077348] (custom_interfaces) StdoutLine: {'line': b'-- Installing: /home/rehmaan/sensor_fusion/install/custom_interfaces/share/ament_index/resource_index/parent_prefix_path/custom_interfaces\n'}
[2.077394] (custom_interfaces) StdoutLine: {'line': b'-- Up-to-date: /home/rehmaan/sensor_fusion/install/custom_interfaces/share/custom_interfaces/environment/ament_prefix_path.sh\n'}
[2.077439] (custom_interfaces) StdoutLine: {'line': b'-- Up-to-date: /home/rehmaan/sensor_fusion/install/custom_interfaces/share/custom_interfaces/environment/ament_prefix_path.dsv\n'}
[2.077484] (custom_interfaces) StdoutLine: {'line': b'-- Up-to-date: /home/rehmaan/sensor_fusion/install/custom_interfaces/share/custom_interfaces/environment/path.sh\n'}
[2.077527] (custom_interfaces) StdoutLine: {'line': b'-- Up-to-date: /home/rehmaan/sensor_fusion/install/custom_interfaces/share/custom_interfaces/environment/path.dsv\n'}
[2.077571] (custom_interfaces) StdoutLine: {'line': b'-- Up-to-date: /home/rehmaan/sensor_fusion/install/custom_interfaces/share/custom_interfaces/local_setup.bash\n'}
[2.077616] (custom_interfaces) StdoutLine: {'line': b'-- Up-to-date: /home/rehmaan/sensor_fusion/install/custom_interfaces/share/custom_interfaces/local_setup.sh\n'}
[2.077782] (custom_interfaces) StdoutLine: {'line': b'-- Up-to-date: /home/rehmaan/sensor_fusion/install/custom_interfaces/share/custom_interfaces/local_setup.zsh\n'}
[2.077836] (custom_interfaces) StdoutLine: {'line': b'-- Up-to-date: /home/rehmaan/sensor_fusion/install/custom_interfaces/share/custom_interfaces/local_setup.dsv\n'}
[2.077881] (custom_interfaces) StdoutLine: {'line': b'-- Installing: /home/rehmaan/sensor_fusion/install/custom_interfaces/share/custom_interfaces/package.dsv\n'}
[2.077932] (custom_interfaces) StdoutLine: {'line': b'-- Up-to-date: /home/rehmaan/sensor_fusion/install/custom_interfaces/share/ament_index/resource_index/packages/custom_interfaces\n'}
[2.077982] (custom_interfaces) StdoutLine: {'line': b'-- Up-to-date: /home/rehmaan/sensor_fusion/install/custom_interfaces/share/custom_interfaces/cmake/export_custom_interfaces__rosidl_generator_cExport.cmake\n'}
[2.078030] (custom_interfaces) StdoutLine: {'line': b'-- Up-to-date: /home/rehmaan/sensor_fusion/install/custom_interfaces/share/custom_interfaces/cmake/export_custom_interfaces__rosidl_generator_cExport-noconfig.cmake\n'}
[2.078330] (custom_interfaces) StdoutLine: {'line': b'-- Up-to-date: /home/rehmaan/sensor_fusion/install/custom_interfaces/share/custom_interfaces/cmake/export_custom_interfaces__rosidl_typesupport_fastrtps_cExport.cmake\n'}
[2.078506] (custom_interfaces) StdoutLine: {'line': b'-- Up-to-date: /home/rehmaan/sensor_fusion/install/custom_interfaces/share/custom_interfaces/cmake/export_custom_interfaces__rosidl_typesupport_fastrtps_cExport-noconfig.cmake\n'}
[2.078890] (custom_interfaces) StdoutLine: {'line': b'-- Up-to-date: /home/rehmaan/sensor_fusion/install/custom_interfaces/share/custom_interfaces/cmake/custom_interfaces__rosidl_typesupport_introspection_cExport.cmake\n'}
[2.079041] (custom_interfaces) StdoutLine: {'line': b'-- Up-to-date: /home/rehmaan/sensor_fusion/install/custom_interfaces/share/custom_interfaces/cmake/custom_interfaces__rosidl_typesupport_introspection_cExport-noconfig.cmake\n'}
[2.079458] (custom_interfaces) StdoutLine: {'line': b'-- Up-to-date: /home/rehmaan/sensor_fusion/install/custom_interfaces/share/custom_interfaces/cmake/custom_interfaces__rosidl_typesupport_cExport.cmake\n'}
[2.079568] (custom_interfaces) StdoutLine: {'line': b'-- Up-to-date: /home/rehmaan/sensor_fusion/install/custom_interfaces/share/custom_interfaces/cmake/custom_interfaces__rosidl_typesupport_cExport-noconfig.cmake\n'}
[2.080051] (custom_interfaces) StdoutLine: {'line': b'-- Up-to-date: /home/rehmaan/sensor_fusion/install/custom_interfaces/share/custom_interfaces/cmake/export_custom_interfaces__rosidl_generator_cppExport.cmake\n'}
[2.080436] (custom_interfaces) StdoutLine: {'line': b'-- Up-to-date: /home/rehmaan/sensor_fusion/install/custom_interfaces/share/custom_interfaces/cmake/export_custom_interfaces__rosidl_typesupport_fastrtps_cppExport.cmake\n'}
[2.080774] (custom_interfaces) StdoutLine: {'line': b'-- Up-to-date: /home/rehmaan/sensor_fusion/install/custom_interfaces/share/custom_interfaces/cmake/export_custom_interfaces__rosidl_typesupport_fastrtps_cppExport-noconfig.cmake\n'}
[2.080997] (custom_interfaces) StdoutLine: {'line': b'-- Up-to-date: /home/rehmaan/sensor_fusion/install/custom_interfaces/share/custom_interfaces/cmake/custom_interfaces__rosidl_typesupport_introspection_cppExport.cmake\n'}
[2.081118] (custom_interfaces) StdoutLine: {'line': b'-- Up-to-date: /home/rehmaan/sensor_fusion/install/custom_interfaces/share/custom_interfaces/cmake/custom_interfaces__rosidl_typesupport_introspection_cppExport-noconfig.cmake\n'}
[2.081554] (custom_interfaces) StdoutLine: {'line': b'-- Up-to-date: /home/rehmaan/sensor_fusion/install/custom_interfaces/share/custom_interfaces/cmake/custom_interfaces__rosidl_typesupport_cppExport.cmake\n'}
[2.081764] (custom_interfaces) StdoutLine: {'line': b'-- Up-to-date: /home/rehmaan/sensor_fusion/install/custom_interfaces/share/custom_interfaces/cmake/custom_interfaces__rosidl_typesupport_cppExport-noconfig.cmake\n'}
[2.082149] (custom_interfaces) StdoutLine: {'line': b'-- Up-to-date: /home/rehmaan/sensor_fusion/install/custom_interfaces/share/custom_interfaces/cmake/export_custom_interfaces__rosidl_generator_pyExport.cmake\n'}
[2.082355] (custom_interfaces) StdoutLine: {'line': b'-- Up-to-date: /home/rehmaan/sensor_fusion/install/custom_interfaces/share/custom_interfaces/cmake/export_custom_interfaces__rosidl_generator_pyExport-noconfig.cmake\n'}
[2.082459] (custom_interfaces) StdoutLine: {'line': b'-- Up-to-date: /home/rehmaan/sensor_fusion/install/custom_interfaces/share/custom_interfaces/cmake/rosidl_cmake-extras.cmake\n'}
[2.082635] (custom_interfaces) StdoutLine: {'line': b'-- Up-to-date: /home/rehmaan/sensor_fusion/install/custom_interfaces/share/custom_interfaces/cmake/ament_cmake_export_include_directories-extras.cmake\n'}
[2.083044] (custom_interfaces) StdoutLine: {'line': b'-- Up-to-date: /home/rehmaan/sensor_fusion/install/custom_interfaces/share/custom_interfaces/cmake/ament_cmake_export_libraries-extras.cmake\n'}
[2.083174] (custom_interfaces) StdoutLine: {'line': b'-- Up-to-date: /home/rehmaan/sensor_fusion/install/custom_interfaces/share/custom_interfaces/cmake/ament_cmake_export_targets-extras.cmake\n'}
[2.083265] (custom_interfaces) StdoutLine: {'line': b'-- Up-to-date: /home/rehmaan/sensor_fusion/install/custom_interfaces/share/custom_interfaces/cmake/rosidl_cmake_export_typesupport_targets-extras.cmake\n'}
[2.083349] (custom_interfaces) StdoutLine: {'line': b'-- Up-to-date: /home/rehmaan/sensor_fusion/install/custom_interfaces/share/custom_interfaces/cmake/ament_cmake_export_dependencies-extras.cmake\n'}
[2.083430] (custom_interfaces) StdoutLine: {'line': b'-- Up-to-date: /home/rehmaan/sensor_fusion/install/custom_interfaces/share/custom_interfaces/cmake/rosidl_cmake_export_typesupport_libraries-extras.cmake\n'}
[2.083514] (custom_interfaces) StdoutLine: {'line': b'-- Up-to-date: /home/rehmaan/sensor_fusion/install/custom_interfaces/share/custom_interfaces/cmake/custom_interfacesConfig.cmake\n'}
[2.083598] (custom_interfaces) StdoutLine: {'line': b'-- Up-to-date: /home/rehmaan/sensor_fusion/install/custom_interfaces/share/custom_interfaces/cmake/custom_interfacesConfig-version.cmake\n'}
[2.083679] (custom_interfaces) StdoutLine: {'line': b'-- Up-to-date: /home/rehmaan/sensor_fusion/install/custom_interfaces/share/custom_interfaces/package.xml\n'}
[2.086067] (custom_interfaces) CommandEnded: {'returncode': 0}
[2.105299] (-) TimerEvent: {}
[2.118733] (custom_interfaces) JobEnded: {'identifier': 'custom_interfaces', 'rc': 0}
[2.119857] (sensors_data) JobStarted: {'identifier': 'sensors_data'}
[2.205536] (-) TimerEvent: {}
[2.306051] (-) TimerEvent: {}
[2.406440] (-) TimerEvent: {}
[2.507014] (-) TimerEvent: {}
[2.550657] (sensors_data) JobProgress: {'identifier': 'sensors_data', 'progress': 'cmake'}
[2.552070] (sensors_data) JobProgress: {'identifier': 'sensors_data', 'progress': 'build'}
[2.552148] (sensors_data) Command: {'cmd': ['/usr/bin/cmake', '--build', '/home/rehmaan/sensor_fusion/build/sensors_data', '--', '-j12', '-l12'], 'cwd': '/home/rehmaan/sensor_fusion/build/sensors_data', 'env': OrderedDict({'PYTHON_BASIC_REPL': '1', 'LESSOPEN': '| /usr/bin/lesspipe %s', 'USER': 'rehmaan', 'GIT_ASKPASS': '/home/rehmaan/.vscode-server/bin/07ff9d6178ede9a1bd12ad3399074d726ebe6e43/extensions/git/dist/askpass.sh', 'SHLVL': '2', 'LD_LIBRARY_PATH': '/home/rehmaan/sensor_fusion/install/custom_interfaces/lib:/home/rehmaan/ros2-projects/install/my_robot_interfaces/lib:/home/rehmaan/ros2/install/my_custom_interfaces/lib:/opt/ros/jazzy/opt/rviz_ogre_vendor/lib:/opt/ros/jazzy/lib/x86_64-linux-gnu:/opt/ros/jazzy/opt/gz_math_vendor/lib:/opt/ros/jazzy/opt/gz_utils_vendor/lib:/opt/ros/jazzy/opt/gz_cmake_vendor/lib:/opt/ros/jazzy/lib', 'HOME': '/home/rehmaan', 'TERM_PROGRAM_VERSION': '1.112.0', 'VSCODE_IPC_HOOK_CLI': '/run/user/1000/vscode-ipc-6952f6fd-3ee1-4e80-b59f-0c17f3ff83a3.sock', 'ROS_PYTHON_VERSION': '3', 'VSCODE_GIT_ASKPASS_MAIN': '/home/rehmaan/.vscode-server/bin/07ff9d6178ede9a1bd12ad3399074d726ebe6e43/extensions/git/dist/askpass-main.js', 'VSCODE_GIT_ASKPASS_NODE': '/home/rehmaan/.vscode-server/bin/07ff9d6178ede9a1bd12ad3399074d726ebe6e43/node', 'PYDEVD_DISABLE_FILE_VALIDATION': '1', 'BUNDLED_DEBUGPY_PATH': '/home/rehmaan/.vscode-server/extensions/ms-python.debugpy-2025.18.0-linux-x64/bundled/libs/debugpy', 'VSCODE_PYTHON_AUTOACTIVATE_GUARD': '1', 'DBUS_SESSION_BUS_ADDRESS': 'unix:path=/run/user/1000/bus', 'COLORTERM': 'truecolor', 'WSL_DISTRO_NAME': 'Ubuntu-24.04', 'WAYLAND_DISPLAY': 'wayland-0', 'COLCON_PREFIX_PATH': '/home/rehmaan/sensor_fusion/install:/home/rehmaan/ros2-projects/install:/home/rehmaan/ros2-projects/src/my_cpp_pkg/install:/home/rehmaan/ros2/install', 'ROS_DISTRO': 'jazzy', 'LOGNAME': 'rehmaan', 'NAME': 'Code', 'WSL_INTEROP': '/run/WSL/90514_interop', 'PULSE_SERVER': 'unix:/mnt/wslg/PulseServer', '_': '/usr/bin/colcon', 'ROS_VERSION': '2', 'TERM': 'xterm-256color', 'PATH': '/home/rehmaan/.vscode-server/data/User/globalStorage/github.copilot-chat/debugCommand:/home/rehmaan/.vscode-server/data/User/globalStorage/github.copilot-chat/copilotCli:/home/rehmaan/.vscode-server/bin/07ff9d6178ede9a1bd12ad3399074d726ebe6e43/bin/remote-cli:/home/rehmaan/.local/bin:/home/rehmaan/ros2-projects/src/my_cpp_pkg/install/my_cpp_pkg/bin:/opt/ros/jazzy/bin:/usr/local/sbin:/usr/local/bin:/usr/sbin:/usr/bin:/sbin:/bin:/usr/games:/usr/local/games:/usr/lib/wsl/lib:/mnt/c/Program Files/WindowsApps/MicrosoftCorporationII.WindowsSubsystemForLinux_2.4.11.0_x64__8wekyb3d8bbwe:/mnt/c/Program Files/Python312/:/mnt/c/WINDOWS/system32:/mnt/c/WINDOWS:/mnt/c/WINDOWS/System32/Wbem:/mnt/c/WINDOWS/System32/WindowsPowerShell/v1.0/:/mnt/c/WINDOWS/System32/OpenSSH/:/mnt/c/Program Files/Microsoft SQL Server/150/Tools/Binn/:/mnt/c/Program Files/Microsoft SQL Server/Client SDK/ODBC/170/Tools/Binn/:/mnt/c/Program Files/dotnet/:/mnt/c/Program Files/Microsoft VS Code/bin:/mnt/c/Program Files (x86)/Microsoft SQL Server/160/Tools/Binn/:/mnt/c/Program Files/Microsoft SQL Server/160/Tools/Binn/:/mnt/c/Program Files/Microsoft SQL Server/160/DTS/Binn/:/mnt/c/Program Files (x86)/Microsoft SQL Server/160/DTS/Binn/:/mnt/c/Users/Imdadul.Rehmaan/AppData/Roaming/nvm:/mnt/c/nvm:/mnt/c/ProgramData/chocolatey/bin:/mnt/c/Program Files (x86)/Windows Kits/10/Windows Performance Toolkit/:/mnt/c/Program Files/TortoiseGit/bin:/mnt/c/Program Files/usbipd-win/:/mnt/c/Program Files/PuTTY/:/mnt/c/Program Files/nodejs/:/mnt/c/Program Files/GitHub CLI/:/mnt/c/Users/Imdadul.Rehmaan/scoop/apps/git/current/bin:/mnt/c/Users/Imdadul.Rehmaan/scoop/shims:/mnt/c/Users/Imdadul.Rehmaan/AppData/Local/Microsoft/WindowsApps:/mnt/c/Users/Imdadul.Rehmaan/.dotnet/tools:/mnt/c/Users/Imdadul.Rehmaan/AppData/Roaming/npm:/mnt/c/Users/Imdadul.Rehmaan/AppData/Local/Programs/Git/cmd:/mnt/c/Users/Imdadul.Rehmaan/AppData/Roaming/nvm:/mnt/c/nvm:/mnt/c/tools/flutter/bin:/mnt/c/Users/Imdadul.Rehmaan/AppData/Local/Pub/Cache/bin:/mnt/c/Android/cmdline-tools/latest/bin:/mnt/c/Android/platform-tools:/mnt/c/Users/Imdadul.Rehmaan/mingw64/bin:/snap/bin:/home/rehmaan/.vscode-server/extensions/ms-python.debugpy-2025.18.0-linux-x64/bundled/scripts/noConfigScripts', 'XDG_RUNTIME_DIR': '/run/user/1000/', 'DISPLAY': ':0', 'VSCODE_DEBUGPY_ADAPTER_ENDPOINTS': '/home/rehmaan/.vscode-server/extensions/ms-python.debugpy-2025.18.0-linux-x64/.noConfigDebugAdapterEndpoints/endpoint-5eef2bab757dd9f7.txt', 'LANG': 'en_US.UTF-8', 'PYTHONSTARTUP': '/home/rehmaan/.vscode-server/data/User/workspaceStorage/a037f39ae17c8ea6d52369655e287e6c/ms-python.python/pythonrc.py', 'LS_COLORS': 'rs=0:di=01;34:ln=01;36:mh=00:pi=40;33:so=01;35:do=01;35:bd=40;33;01:cd=40;33;01:or=40;31;01:mi=00:su=37;41:sg=30;43:ca=00:tw=30;42:ow=34;42:st=37;44:ex=01;32:*.tar=01;31:*.tgz=01;31:*.arc=01;31:*.arj=01;31:*.taz=01;31:*.lha=01;31:*.lz4=01;31:*.lzh=01;31:*.lzma=01;31:*.tlz=01;31:*.txz=01;31:*.tzo=01;31:*.t7z=01;31:*.zip=01;31:*.z=01;31:*.dz=01;31:*.gz=01;31:*.lrz=01;31:*.lz=01;31:*.lzo=01;31:*.xz=01;31:*.zst=01;31:*.tzst=01;31:*.bz2=01;31:*.bz=01;31:*.tbz=01;31:*.tbz2=01;31:*.tz=01;31:*.deb=01;31:*.rpm=01;31:*.jar=01;31:*.war=01;31:*.ear=01;31:*.sar=01;31:*.rar=01;31:*.alz=01;31:*.ace=01;31:*.zoo=01;31:*.cpio=01;31:*.7z=01;31:*.rz=01;31:*.cab=01;31:*.wim=01;31:*.swm=01;31:*.dwm=01;31:*.esd=01;31:*.avif=01;35:*.jpg=01;35:*.jpeg=01;35:*.mjpg=01;35:*.mjpeg=01;35:*.gif=01;35:*.bmp=01;35:*.pbm=01;35:*.pgm=01;35:*.ppm=01;35:*.tga=01;35:*.xbm=01;35:*.xpm=01;35:*.tif=01;35:*.tiff=01;35:*.png=01;35:*.svg=01;35:*.svgz=01;35:*.mng=01;35:*.pcx=01;35:*.mov=01;35:*.mpg=01;35:*.mpeg=01;35:*.m2v=01;35:*.mkv=01;35:*.webm=01;35:*.webp=01;35:*.ogm=01;35:*.mp4=01;35:*.m4v=01;35:*.mp4v=01;35:*.vob=01;35:*.qt=01;35:*.nuv=01;35:*.wmv=01;35:*.asf=01;35:*.rm=01;35:*.rmvb=01;35:*.flc=01;35:*.avi=01;35:*.fli=01;35:*.flv=01;35:*.gl=01;35:*.dl=01;35:*.xcf=01;35:*.xwd=01;35:*.yuv=01;35:*.cgm=01;35:*.emf=01;35:*.ogv=01;35:*.ogx=01;35:*.aac=00;36:*.au=00;36:*.flac=00;36:*.m4a=00;36:*.mid=00;36:*.midi=00;36:*.mka=00;36:*.mp3=00;36:*.mpc=00;36:*.ogg=00;36:*.ra=00;36:*.wav=00;36:*.oga=00;36:*.opus=00;36:*.spx=00;36:*.xspf=00;36:*~=00;90:*#=00;90:*.bak=00;90:*.crdownload=00;90:*.dpkg-dist=00;90:*.dpkg-new=00;90:*.dpkg-old=00;90:*.dpkg-tmp=00;90:*.old=00;90:*.orig=00;90:*.part=00;90:*.rej=00;90:*.rpmnew=00;90:*.rpmorig=00;90:*.rpmsave=00;90:*.swp=00;90:*.tmp=00;90:*.ucf-dist=00;90:*.ucf-new=00;90:*.ucf-old=00;90:', 'VSCODE_GIT_IPC_HANDLE': '/run/user/1000/vscode-git-4c7b1f9e02.sock', 'TERM_PROGRAM': 'vscode', 'AMENT_PREFIX_PATH': '/home/rehmaan/sensor_fusion/install/sensors_data:/home/rehmaan/sensor_fusion/install/custom_interfaces:/home/rehmaan/sensor_fusion/install/sensor_fusion:/home/rehmaan/ros2-projects/install/my_robot_bringup:/home/rehmaan/ros2-projects/install/turtlesim_project:/home/rehmaan/ros2-projects/install/my_py_pkg:/home/rehmaan/ros2-projects/install/my_cpp_pkg:/home/rehmaan/ros2-projects/install/my_robot_interfaces:/home/rehmaan/ros2-projects/src/my_cpp_pkg/install/my_cpp_pkg:/home/rehmaan/ros2/install/launch_turtle_project:/home/rehmaan/ros2/install/py_pkg:/home/rehmaan/ros2/install/cpp_pkg:/home/rehmaan/ros2/install/my_custom_interfaces:/opt/ros/jazzy', 'SHELL': '/bin/bash', 'LESSCLOSE': '/usr/bin/lesspipe %s %s', 'ROS_AUTOMATIC_DISCOVERY_RANGE': 'SUBNET', 'VSCODE_GIT_ASKPASS_EXTRA_ARGS': '', 'PWD': '/home/rehmaan/sensor_fusion/build/sensors_data', 'XDG_DATA_DIRS': '/usr/local/share:/usr/share:/var/lib/snapd/desktop', 'PYTHONPATH': '/home/rehmaan/sensor_fusion/install/custom_interfaces/lib/python3.12/site-packages:/home/rehmaan/ros2-projects/install/turtlesim_project/lib/python3.12/site-packages:/home/rehmaan/ros2-projects/install/my_py_pkg/lib/python3.12/site-packages:/home/rehmaan/ros2-projects/install/my_robot_interfaces/lib/python3.12/site-packages:/home/rehmaan/ros2/install/py_pkg/lib/python3.12/site-packages:/home/rehmaan/ros2/install/my_custom_interfaces/lib/python3.12/site-packages:/opt/ros/jazzy/lib/python3.12/site-packages', 'COLCON': '1', 'WSL2_GUI_APPS_ENABLED': '1', 'HOSTTYPE': 'x86_64', 'CMAKE_PREFIX_PATH': '/home/rehmaan/sensor_fusion/install/custom_interfaces:/home/rehmaan/sensor_fusion/install/sensors_data:/home/rehmaan/sensor_fusion/install/sensor_fusion:/home/rehmaan/ros2-projects/install/my_robot_bringup:/home/rehmaan/ros2-projects/install/my_cpp_pkg:/home/rehmaan/ros2-projects/install/my_robot_interfaces:/home/rehmaan/ros2-projects/src/my_cpp_pkg/install/my_cpp_pkg:/home/rehmaan/ros2/install/launch_turtle_project:/home/rehmaan/ros2/install/cpp_pkg:/home/rehmaan/ros2/install/my_custom_interfaces:/opt/ros/jazzy/opt/gz_math_vendor:/opt/ros/jazzy/opt/gz_utils_vendor:/opt/ros/jazzy/opt/gz_cmake_vendor:/home/rehmaan/ros2-projects/install/turtlesim_project:/home/rehmaan/ros2-projects/install/my_py_pkg:/home/rehmaan/ros2/install/py_pkg:/opt/ros/jazzy', 'WSLENV': 'ELECTRON_RUN_AS_NODE/w:'}), 'shell': False}
[2.586244] (sensors_data) CommandEnded: {'returncode': 0}
[2.587581] (sensors_data) JobProgress: {'identifier': 'sensors_data', 'progress': 'install'}
[2.587652] (sensors_data) Command: {'cmd': ['/usr/bin/cmake', '--install', '/home/rehmaan/sensor_fusion/build/sensors_data'], 'cwd': '/home/rehmaan/sensor_fusion/build/sensors_data', 'env': OrderedDict({'PYTHON_BASIC_REPL': '1', 'LESSOPEN': '| /usr/bin/lesspipe %s', 'USER': 'rehmaan', 'GIT_ASKPASS': '/home/rehmaan/.vscode-server/bin/07ff9d6178ede9a1bd12ad3399074d726ebe6e43/extensions/git/dist/askpass.sh', 'SHLVL': '2', 'LD_LIBRARY_PATH': '/home/rehmaan/sensor_fusion/install/custom_interfaces/lib:/home/rehmaan/ros2-projects/install/my_robot_interfaces/lib:/home/rehmaan/ros2/install/my_custom_interfaces/lib:/opt/ros/jazzy/opt/rviz_ogre_vendor/lib:/opt/ros/jazzy/lib/x86_64-linux-gnu:/opt/ros/jazzy/opt/gz_math_vendor/lib:/opt/ros/jazzy/opt/gz_utils_vendor/lib:/opt/ros/jazzy/opt/gz_cmake_vendor/lib:/opt/ros/jazzy/lib', 'HOME': '/home/rehmaan', 'TERM_PROGRAM_VERSION': '1.112.0', 'VSCODE_IPC_HOOK_CLI': '/run/user/1000/vscode-ipc-6952f6fd-3ee1-4e80-b59f-0c17f3ff83a3.sock', 'ROS_PYTHON_VERSION': '3', 'VSCODE_GIT_ASKPASS_MAIN': '/home/rehmaan/.vscode-server/bin/07ff9d6178ede9a1bd12ad3399074d726ebe6e43/extensions/git/dist/askpass-main.js', 'VSCODE_GIT_ASKPASS_NODE': '/home/rehmaan/.vscode-server/bin/07ff9d6178ede9a1bd12ad3399074d726ebe6e43/node', 'PYDEVD_DISABLE_FILE_VALIDATION': '1', 'BUNDLED_DEBUGPY_PATH': '/home/rehmaan/.vscode-server/extensions/ms-python.debugpy-2025.18.0-linux-x64/bundled/libs/debugpy', 'VSCODE_PYTHON_AUTOACTIVATE_GUARD': '1', 'DBUS_SESSION_BUS_ADDRESS': 'unix:path=/run/user/1000/bus', 'COLORTERM': 'truecolor', 'WSL_DISTRO_NAME': 'Ubuntu-24.04', 'WAYLAND_DISPLAY': 'wayland-0', 'COLCON_PREFIX_PATH': '/home/rehmaan/sensor_fusion/install:/home/rehmaan/ros2-projects/install:/home/rehmaan/ros2-projects/src/my_cpp_pkg/install:/home/rehmaan/ros2/install', 'ROS_DISTRO': 'jazzy', 'LOGNAME': 'rehmaan', 'NAME': 'Code', 'WSL_INTEROP': '/run/WSL/90514_interop', 'PULSE_SERVER': 'unix:/mnt/wslg/PulseServer', '_': '/usr/bin/colcon', 'ROS_VERSION': '2', 'TERM': 'xterm-256color', 'PATH': '/home/rehmaan/.vscode-server/data/User/globalStorage/github.copilot-chat/debugCommand:/home/rehmaan/.vscode-server/data/User/globalStorage/github.copilot-chat/copilotCli:/home/rehmaan/.vscode-server/bin/07ff9d6178ede9a1bd12ad3399074d726ebe6e43/bin/remote-cli:/home/rehmaan/.local/bin:/home/rehmaan/ros2-projects/src/my_cpp_pkg/install/my_cpp_pkg/bin:/opt/ros/jazzy/bin:/usr/local/sbin:/usr/local/bin:/usr/sbin:/usr/bin:/sbin:/bin:/usr/games:/usr/local/games:/usr/lib/wsl/lib:/mnt/c/Program Files/WindowsApps/MicrosoftCorporationII.WindowsSubsystemForLinux_2.4.11.0_x64__8wekyb3d8bbwe:/mnt/c/Program Files/Python312/:/mnt/c/WINDOWS/system32:/mnt/c/WINDOWS:/mnt/c/WINDOWS/System32/Wbem:/mnt/c/WINDOWS/System32/WindowsPowerShell/v1.0/:/mnt/c/WINDOWS/System32/OpenSSH/:/mnt/c/Program Files/Microsoft SQL Server/150/Tools/Binn/:/mnt/c/Program Files/Microsoft SQL Server/Client SDK/ODBC/170/Tools/Binn/:/mnt/c/Program Files/dotnet/:/mnt/c/Program Files/Microsoft VS Code/bin:/mnt/c/Program Files (x86)/Microsoft SQL Server/160/Tools/Binn/:/mnt/c/Program Files/Microsoft SQL Server/160/Tools/Binn/:/mnt/c/Program Files/Microsoft SQL Server/160/DTS/Binn/:/mnt/c/Program Files (x86)/Microsoft SQL Server/160/DTS/Binn/:/mnt/c/Users/Imdadul.Rehmaan/AppData/Roaming/nvm:/mnt/c/nvm:/mnt/c/ProgramData/chocolatey/bin:/mnt/c/Program Files (x86)/Windows Kits/10/Windows Performance Toolkit/:/mnt/c/Program Files/TortoiseGit/bin:/mnt/c/Program Files/usbipd-win/:/mnt/c/Program Files/PuTTY/:/mnt/c/Program Files/nodejs/:/mnt/c/Program Files/GitHub CLI/:/mnt/c/Users/Imdadul.Rehmaan/scoop/apps/git/current/bin:/mnt/c/Users/Imdadul.Rehmaan/scoop/shims:/mnt/c/Users/Imdadul.Rehmaan/AppData/Local/Microsoft/WindowsApps:/mnt/c/Users/Imdadul.Rehmaan/.dotnet/tools:/mnt/c/Users/Imdadul.Rehmaan/AppData/Roaming/npm:/mnt/c/Users/Imdadul.Rehmaan/AppData/Local/Programs/Git/cmd:/mnt/c/Users/Imdadul.Rehmaan/AppData/Roaming/nvm:/mnt/c/nvm:/mnt/c/tools/flutter/bin:/mnt/c/Users/Imdadul.Rehmaan/AppData/Local/Pub/Cache/bin:/mnt/c/Android/cmdline-tools/latest/bin:/mnt/c/Android/platform-tools:/mnt/c/Users/Imdadul.Rehmaan/mingw64/bin:/snap/bin:/home/rehmaan/.vscode-server/extensions/ms-python.debugpy-2025.18.0-linux-x64/bundled/scripts/noConfigScripts', 'XDG_RUNTIME_DIR': '/run/user/1000/', 'DISPLAY': ':0', 'VSCODE_DEBUGPY_ADAPTER_ENDPOINTS': '/home/rehmaan/.vscode-server/extensions/ms-python.debugpy-2025.18.0-linux-x64/.noConfigDebugAdapterEndpoints/endpoint-5eef2bab757dd9f7.txt', 'LANG': 'en_US.UTF-8', 'PYTHONSTARTUP': '/home/rehmaan/.vscode-server/data/User/workspaceStorage/a037f39ae17c8ea6d52369655e287e6c/ms-python.python/pythonrc.py', 'LS_COLORS': 'rs=0:di=01;34:ln=01;36:mh=00:pi=40;33:so=01;35:do=01;35:bd=40;33;01:cd=40;33;01:or=40;31;01:mi=00:su=37;41:sg=30;43:ca=00:tw=30;42:ow=34;42:st=37;44:ex=01;32:*.tar=01;31:*.tgz=01;31:*.arc=01;31:*.arj=01;31:*.taz=01;31:*.lha=01;31:*.lz4=01;31:*.lzh=01;31:*.lzma=01;31:*.tlz=01;31:*.txz=01;31:*.tzo=01;31:*.t7z=01;31:*.zip=01;31:*.z=01;31:*.dz=01;31:*.gz=01;31:*.lrz=01;31:*.lz=01;31:*.lzo=01;31:*.xz=01;31:*.zst=01;31:*.tzst=01;31:*.bz2=01;31:*.bz=01;31:*.tbz=01;31:*.tbz2=01;31:*.tz=01;31:*.deb=01;31:*.rpm=01;31:*.jar=01;31:*.war=01;31:*.ear=01;31:*.sar=01;31:*.rar=01;31:*.alz=01;31:*.ace=01;31:*.zoo=01;31:*.cpio=01;31:*.7z=01;31:*.rz=01;31:*.cab=01;31:*.wim=01;31:*.swm=01;31:*.dwm=01;31:*.esd=01;31:*.avif=01;35:*.jpg=01;35:*.jpeg=01;35:*.mjpg=01;35:*.mjpeg=01;35:*.gif=01;35:*.bmp=01;35:*.pbm=01;35:*.pgm=01;35:*.ppm=01;35:*.tga=01;35:*.xbm=01;35:*.xpm=01;35:*.tif=01;35:*.tiff=01;35:*.png=01;35:*.svg=01;35:*.svgz=01;35:*.mng=01;35:*.pcx=01;35:*.mov=01;35:*.mpg=01;35:*.mpeg=01;35:*.m2v=01;35:*.mkv=01;35:*.webm=01;35:*.webp=01;35:*.ogm=01;35:*.mp4=01;35:*.m4v=01;35:*.mp4v=01;35:*.vob=01;35:*.qt=01;35:*.nuv=01;35:*.wmv=01;35:*.asf=01;35:*.rm=01;35:*.rmvb=01;35:*.flc=01;35:*.avi=01;35:*.fli=01;35:*.flv=01;35:*.gl=01;35:*.dl=01;35:*.xcf=01;35:*.xwd=01;35:*.yuv=01;35:*.cgm=01;35:*.emf=01;35:*.ogv=01;35:*.ogx=01;35:*.aac=00;36:*.au=00;36:*.flac=00;36:*.m4a=00;36:*.mid=00;36:*.midi=00;36:*.mka=00;36:*.mp3=00;36:*.mpc=00;36:*.ogg=00;36:*.ra=00;36:*.wav=00;36:*.oga=00;36:*.opus=00;36:*.spx=00;36:*.xspf=00;36:*~=00;90:*#=00;90:*.bak=00;90:*.crdownload=00;90:*.dpkg-dist=00;90:*.dpkg-new=00;90:*.dpkg-old=00;90:*.dpkg-tmp=00;90:*.old=00;90:*.orig=00;90:*.part=00;90:*.rej=00;90:*.rpmnew=00;90:*.rpmorig=00;90:*.rpmsave=00;90:*.swp=00;90:*.tmp=00;90:*.ucf-dist=00;90:*.ucf-new=00;90:*.ucf-old=00;90:', 'VSCODE_GIT_IPC_HANDLE': '/run/user/1000/vscode-git-4c7b1f9e02.sock', 'TERM_PROGRAM': 'vscode', 'AMENT_PREFIX_PATH': '/home/rehmaan/sensor_fusion/install/sensors_data:/home/rehmaan/sensor_fusion/install/custom_interfaces:/home/rehmaan/sensor_fusion/install/sensor_fusion:/home/rehmaan/ros2-projects/install/my_robot_bringup:/home/rehmaan/ros2-projects/install/turtlesim_project:/home/rehmaan/ros2-projects/install/my_py_pkg:/home/rehmaan/ros2-projects/install/my_cpp_pkg:/home/rehmaan/ros2-projects/install/my_robot_interfaces:/home/rehmaan/ros2-projects/src/my_cpp_pkg/install/my_cpp_pkg:/home/rehmaan/ros2/install/launch_turtle_project:/home/rehmaan/ros2/install/py_pkg:/home/rehmaan/ros2/install/cpp_pkg:/home/rehmaan/ros2/install/my_custom_interfaces:/opt/ros/jazzy', 'SHELL': '/bin/bash', 'LESSCLOSE': '/usr/bin/lesspipe %s %s', 'ROS_AUTOMATIC_DISCOVERY_RANGE': 'SUBNET', 'VSCODE_GIT_ASKPASS_EXTRA_ARGS': '', 'PWD': '/home/rehmaan/sensor_fusion/build/sensors_data', 'XDG_DATA_DIRS': '/usr/local/share:/usr/share:/var/lib/snapd/desktop', 'PYTHONPATH': '/home/rehmaan/sensor_fusion/install/custom_interfaces/lib/python3.12/site-packages:/home/rehmaan/ros2-projects/install/turtlesim_project/lib/python3.12/site-packages:/home/rehmaan/ros2-projects/install/my_py_pkg/lib/python3.12/site-packages:/home/rehmaan/ros2-projects/install/my_robot_interfaces/lib/python3.12/site-packages:/home/rehmaan/ros2/install/py_pkg/lib/python3.12/site-packages:/home/rehmaan/ros2/install/my_custom_interfaces/lib/python3.12/site-packages:/opt/ros/jazzy/lib/python3.12/site-packages', 'COLCON': '1', 'WSL2_GUI_APPS_ENABLED': '1', 'HOSTTYPE': 'x86_64', 'CMAKE_PREFIX_PATH': '/home/rehmaan/sensor_fusion/install/custom_interfaces:/home/rehmaan/sensor_fusion/install/sensors_data:/home/rehmaan/sensor_fusion/install/sensor_fusion:/home/rehmaan/ros2-projects/install/my_robot_bringup:/home/rehmaan/ros2-projects/install/my_cpp_pkg:/home/rehmaan/ros2-projects/install/my_robot_interfaces:/home/rehmaan/ros2-projects/src/my_cpp_pkg/install/my_cpp_pkg:/home/rehmaan/ros2/install/launch_turtle_project:/home/rehmaan/ros2/install/cpp_pkg:/home/rehmaan/ros2/install/my_custom_interfaces:/opt/ros/jazzy/opt/gz_math_vendor:/opt/ros/jazzy/opt/gz_utils_vendor:/opt/ros/jazzy/opt/gz_cmake_vendor:/home/rehmaan/ros2-projects/install/turtlesim_project:/home/rehmaan/ros2-projects/install/my_py_pkg:/home/rehmaan/ros2/install/py_pkg:/opt/ros/jazzy', 'WSLENV': 'ELECTRON_RUN_AS_NODE/w:'}), 'shell': False}
[2.594042] (sensors_data) StdoutLine: {'line': b'-- Install configuration: ""\n'}
[2.594564] (sensors_data) StdoutLine: {'line': b'-- Up-to-date: /home/rehmaan/sensor_fusion/install/sensors_data/share/ament_index/resource_index/package_run_dependencies/sensors_data\n'}
[2.594844] (sensors_data) StdoutLine: {'line': b'-- Up-to-date: /home/rehmaan/sensor_fusion/install/sensors_data/share/ament_index/resource_index/parent_prefix_path/sensors_data\n'}
[2.594967] (sensors_data) StdoutLine: {'line': b'-- Up-to-date: /home/rehmaan/sensor_fusion/install/sensors_data/share/sensors_data/environment/ament_prefix_path.sh\n'}
[2.595109] (sensors_data) StdoutLine: {'line': b'-- Up-to-date: /home/rehmaan/sensor_fusion/install/sensors_data/share/sensors_data/environment/ament_prefix_path.dsv\n'}
[2.595247] (sensors_data) StdoutLine: {'line': b'-- Up-to-date: /home/rehmaan/sensor_fusion/install/sensors_data/share/sensors_data/environment/path.sh\n'}
[2.595341] (sensors_data) StdoutLine: {'line': b'-- Up-to-date: /home/rehmaan/sensor_fusion/install/sensors_data/share/sensors_data/environment/path.dsv\n'}
[2.595470] (sensors_data) StdoutLine: {'line': b'-- Up-to-date: /home/rehmaan/sensor_fusion/install/sensors_data/share/sensors_data/local_setup.bash\n'}
[2.595602] (sensors_data) StdoutLine: {'line': b'-- Up-to-date: /home/rehmaan/sensor_fusion/install/sensors_data/share/sensors_data/local_setup.sh\n'}
[2.595776] (sensors_data) StdoutLine: {'line': b'-- Up-to-date: /home/rehmaan/sensor_fusion/install/sensors_data/share/sensors_data/local_setup.zsh\n'}
[2.595891] (sensors_data) StdoutLine: {'line': b'-- Up-to-date: /home/rehmaan/sensor_fusion/install/sensors_data/share/sensors_data/local_setup.dsv\n'}
[2.595983] (sensors_data) StdoutLine: {'line': b'-- Up-to-date: /home/rehmaan/sensor_fusion/install/sensors_data/share/sensors_data/package.dsv\n'}
[2.596102] (sensors_data) StdoutLine: {'line': b'-- Up-to-date: /home/rehmaan/sensor_fusion/install/sensors_data/share/ament_index/resource_index/packages/sensors_data\n'}
[2.596214] (sensors_data) StdoutLine: {'line': b'-- Up-to-date: /home/rehmaan/sensor_fusion/install/sensors_data/share/sensors_data/cmake/sensors_dataConfig.cmake\n'}
[2.596432] (sensors_data) StdoutLine: {'line': b'-- Up-to-date: /home/rehmaan/sensor_fusion/install/sensors_data/share/sensors_data/cmake/sensors_dataConfig-version.cmake\n'}
[2.596731] (sensors_data) StdoutLine: {'line': b'-- Up-to-date: /home/rehmaan/sensor_fusion/install/sensors_data/share/sensors_data/package.xml\n'}
[2.597838] (sensors_data) CommandEnded: {'returncode': 0}
[2.607533] (sensors_data) JobEnded: {'identifier': 'sensors_data', 'rc': 0}
[2.608082] (-) TimerEvent: {}
[2.608149] (-) EventReactorShutdown: {}
