[0.000000] (-) TimerEvent: {}
[0.001051] (-) JobUnselected: {'identifier': 'sensors_data'}
[0.001168] (custom_interfaces) JobQueued: {'identifier': 'custom_interfaces', 'dependencies': OrderedDict()}
[0.001198] (custom_interfaces) JobStarted: {'identifier': 'custom_interfaces'}
[0.016344] (custom_interfaces) JobProgress: {'identifier': 'custom_interfaces', 'progress': 'cmake'}
[0.022456] (custom_interfaces) JobProgress: {'identifier': 'custom_interfaces', 'progress': 'build'}
[0.022703] (custom_interfaces) Command: {'cmd': ['/usr/bin/cmake', '--build', '/home/rehmaan/sensor_fusion/build/custom_interfaces', '--', '-j12', '-l12'], 'cwd': '/home/rehmaan/sensor_fusion/build/custom_interfaces', 'env': OrderedDict({'PYTHON_BASIC_REPL': '1', 'LESSOPEN': '| /usr/bin/lesspipe %s', 'USER': 'rehmaan', 'GIT_ASKPASS': '/home/rehmaan/.vscode-server/bin/07ff9d6178ede9a1bd12ad3399074d726ebe6e43/extensions/git/dist/askpass.sh', 'SHLVL': '2', 'LD_LIBRARY_PATH': '/home/rehmaan/sensor_fusion/install/custom_interfaces/lib:/home/rehmaan/ros2-projects/install/my_robot_interfaces/lib:/home/rehmaan/ros2/install/my_custom_interfaces/lib:/opt/ros/jazzy/opt/rviz_ogre_vendor/lib:/opt/ros/jazzy/lib/x86_64-linux-gnu:/opt/ros/jazzy/opt/gz_math_vendor/lib:/opt/ros/jazzy/opt/gz_utils_vendor/lib:/opt/ros/jazzy/opt/gz_cmake_vendor/lib:/opt/ros/jazzy/lib', 'MOTD_SHOWN': 'update-motd', 'HOME': '/home/rehmaan', 'TERM_PROGRAM_VERSION': '1.112.0', 'VSCODE_IPC_HOOK_CLI': '/run/user/1000/vscode-ipc-a49f383f-9d82-4a2f-b984-b9a73b3abcf2.sock', 'ROS_PYTHON_VERSION': '3', 'VSCODE_GIT_ASKPASS_MAIN': '/home/rehmaan/.vscode-server/bin/07ff9d6178ede9a1bd12ad3399074d726ebe6e43/extensions/git/dist/askpass-main.js', 'VSCODE_GIT_ASKPASS_NODE': '/home/rehmaan/.vscode-server/bin/07ff9d6178ede9a1bd12ad3399074d726ebe6e43/node', 'PYDEVD_DISABLE_FILE_VALIDATION': '1', 'BUNDLED_DEBUGPY_PATH': '/home/rehmaan/.vscode-server/extensions/ms-python.debugpy-2025.18.0-linux-x64/bundled/libs/debugpy', 'VSCODE_PYTHON_AUTOACTIVATE_GUARD': '1', 'DBUS_SESSION_BUS_ADDRESS': 'unix:path=/run/user/1000/bus', 'COLORTERM': 'truecolor', 'WSL_DISTRO_NAME': 'Ubuntu-24.04', 'WAYLAND_DISPLAY': 'wayland-0', 'COLCON_PREFIX_PATH': '/home/rehmaan/sensor_fusion/install:/home/rehmaan/ros2-projects/install:/home/rehmaan/ros2-projects/src/my_cpp_pkg/install:/home/rehmaan/ros2/install', 'ROS_DISTRO': 'jazzy', 'LOGNAME': 'rehmaan', 'NAME': 'Code', 'WSL_INTEROP': '/run/WSL/604_interop', 'PULSE_SERVER': 'unix:/mnt/wslg/PulseServer', '_': '/usr/bin/colcon', 'ROS_VERSION': '2', 'TERM': 'xterm-256color', 'PATH': '/home/rehmaan/.vscode-server/data/User/globalStorage/github.copilot-chat/debugCommand:/home/rehmaan/.vscode-server/data/User/globalStorage/github.copilot-chat/copilotCli:/home/rehmaan/.vscode-server/bin/07ff9d6178ede9a1bd12ad3399074d726ebe6e43/bin/remote-cli:/home/rehmaan/.local/bin:/home/rehmaan/ros2-projects/src/my_cpp_pkg/install/my_cpp_pkg/bin:/opt/ros/jazzy/bin:/usr/local/sbin:/usr/local/bin:/usr/sbin:/usr/bin:/sbin:/bin:/usr/games:/usr/local/games:/usr/lib/wsl/lib:/mnt/c/Program Files/WindowsApps/MicrosoftCorporationII.WindowsSubsystemForLinux_2.4.11.0_x64__8wekyb3d8bbwe:/mnt/c/Program Files/Python312/:/mnt/c/WINDOWS/system32:/mnt/c/WINDOWS:/mnt/c/WINDOWS/System32/Wbem:/mnt/c/WINDOWS/System32/WindowsPowerShell/v1.0/:/mnt/c/WINDOWS/System32/OpenSSH/:/mnt/c/Program Files/Microsoft SQL Server/150/Tools/Binn/:/mnt/c/Program Files/Microsoft SQL Server/Client SDK/ODBC/170/Tools/Binn/:/mnt/c/Program Files/dotnet/:/mnt/c/Program Files/Microsoft VS Code/bin:/mnt/c/Program Files (x86)/Microsoft SQL Server/160/Tools/Binn/:/mnt/c/Program Files/Microsoft SQL Server/160/Tools/Binn/:/mnt/c/Program Files/Microsoft SQL Server/160/DTS/Binn/:/mnt/c/Program Files (x86)/Microsoft SQL Server/160/DTS/Binn/:/mnt/c/Users/Imdadul.Rehmaan/AppData/Roaming/nvm:/mnt/c/nvm:/mnt/c/ProgramData/chocolatey/bin:/mnt/c/Program Files (x86)/Windows Kits/10/Windows Performance Toolkit/:/mnt/c/Program Files/TortoiseGit/bin:/mnt/c/Program Files/usbipd-win/:/mnt/c/Program Files/PuTTY/:/mnt/c/Program Files/nodejs/:/mnt/c/Program Files/GitHub CLI/:/mnt/c/Users/Imdadul.Rehmaan/scoop/apps/git/current/bin:/mnt/c/Users/Imdadul.Rehmaan/scoop/shims:/mnt/c/Users/Imdadul.Rehmaan/AppData/Local/Microsoft/WindowsApps:/mnt/c/Users/Imdadul.Rehmaan/.dotnet/tools:/mnt/c/Users/Imdadul.Rehmaan/AppData/Roaming/npm:/mnt/c/Users/Imdadul.Rehmaan/AppData/Local/Programs/Git/cmd:/mnt/c/Users/Imdadul.Rehmaan/AppData/Roaming/nvm:/mnt/c/nvm:/mnt/c/tools/flutter/bin:/mnt/c/Users/Imdadul.Rehmaan/AppData/Local/Pub/Cache/bin:/mnt/c/Android/cmdline-tools/latest/bin:/mnt/c/Android/platform-tools:/mnt/c/Users/Imdadul.Rehmaan/mingw64/bin:/snap/bin:/home/rehmaan/.vscode-server/extensions/ms-python.debugpy-2025.18.0-linux-x64/bundled/scripts/noConfigScripts', 'XDG_RUNTIME_DIR': '/run/user/1000/', 'DISPLAY': ':0', 'VSCODE_DEBUGPY_ADAPTER_ENDPOINTS': '/home/rehmaan/.vscode-server/extensions/ms-python.debugpy-2025.18.0-linux-x64/.noConfigDebugAdapterEndpoints/endpoint-5eef2bab757dd9f7.txt', 'LANG': 'en_US.UTF-8', 'PYTHONSTARTUP': '/home/rehmaan/.vscode-server/data/User/workspaceStorage/a037f39ae17c8ea6d52369655e287e6c/ms-python.python/pythonrc.py', 'LS_COLORS': 'rs=0:di=01;34:ln=01;36:mh=00:pi=40;33:so=01;35:do=01;35:bd=40;33;01:cd=40;33;01:or=40;31;01:mi=00:su=37;41:sg=30;43:ca=00:tw=30;42:ow=34;42:st=37;44:ex=01;32:*.tar=01;31:*.tgz=01;31:*.arc=01;31:*.arj=01;31:*.taz=01;31:*.lha=01;31:*.lz4=01;31:*.lzh=01;31:*.lzma=01;31:*.tlz=01;31:*.txz=01;31:*.tzo=01;31:*.t7z=01;31:*.zip=01;31:*.z=01;31:*.dz=01;31:*.gz=01;31:*.lrz=01;31:*.lz=01;31:*.lzo=01;31:*.xz=01;31:*.zst=01;31:*.tzst=01;31:*.bz2=01;31:*.bz=01;31:*.tbz=01;31:*.tbz2=01;31:*.tz=01;31:*.deb=01;31:*.rpm=01;31:*.jar=01;31:*.war=01;31:*.ear=01;31:*.sar=01;31:*.rar=01;31:*.alz=01;31:*.ace=01;31:*.zoo=01;31:*.cpio=01;31:*.7z=01;31:*.rz=01;31:*.cab=01;31:*.wim=01;31:*.swm=01;31:*.dwm=01;31:*.esd=01;31:*.avif=01;35:*.jpg=01;35:*.jpeg=01;35:*.mjpg=01;35:*.mjpeg=01;35:*.gif=01;35:*.bmp=01;35:*.pbm=01;35:*.pgm=01;35:*.ppm=01;35:*.tga=01;35:*.xbm=01;35:*.xpm=01;35:*.tif=01;35:*.tiff=01;35:*.png=01;35:*.svg=01;35:*.svgz=01;35:*.mng=01;35:*.pcx=01;35:*.mov=01;35:*.mpg=01;35:*.mpeg=01;35:*.m2v=01;35:*.mkv=01;35:*.webm=01;35:*.webp=01;35:*.ogm=01;35:*.mp4=01;35:*.m4v=01;35:*.mp4v=01;35:*.vob=01;35:*.qt=01;35:*.nuv=01;35:*.wmv=01;35:*.asf=01;35:*.rm=01;35:*.rmvb=01;35:*.flc=01;35:*.avi=01;35:*.fli=01;35:*.flv=01;35:*.gl=01;35:*.dl=01;35:*.xcf=01;35:*.xwd=01;35:*.yuv=01;35:*.cgm=01;35:*.emf=01;35:*.ogv=01;35:*.ogx=01;35:*.aac=00;36:*.au=00;36:*.flac=00;36:*.m4a=00;36:*.mid=00;36:*.midi=00;36:*.mka=00;36:*.mp3=00;36:*.mpc=00;36:*.ogg=00;36:*.ra=00;36:*.wav=00;36:*.oga=00;36:*.opus=00;36:*.spx=00;36:*.xspf=00;36:*~=00;90:*#=00;90:*.bak=00;90:*.crdownload=00;90:*.dpkg-dist=00;90:*.dpkg-new=00;90:*.dpkg-old=00;90:*.dpkg-tmp=00;90:*.old=00;90:*.orig=00;90:*.part=00;90:*.rej=00;90:*.rpmnew=00;90:*.rpmorig=00;90:*.rpmsave=00;90:*.swp=00;90:*.tmp=00;90:*.ucf-dist=00;90:*.ucf-new=00;90:*.ucf-old=00;90:', 'VSCODE_GIT_IPC_HANDLE': '/run/user/1000/vscode-git-4c7b1f9e02.sock', 'TERM_PROGRAM': 'vscode', 'AMENT_PREFIX_PATH': '/home/rehmaan/sensor_fusion/install/sensors_data:/home/rehmaan/sensor_fusion/install/custom_interfaces:/home/rehmaan/ros2-projects/install/my_robot_bringup:/home/rehmaan/ros2-projects/install/turtlesim_project:/home/rehmaan/ros2-projects/install/my_py_pkg:/home/rehmaan/ros2-projects/install/my_cpp_pkg:/home/rehmaan/ros2-projects/install/my_robot_interfaces:/home/rehmaan/ros2-projects/src/my_cpp_pkg/install/my_cpp_pkg:/home/rehmaan/ros2/install/launch_turtle_project:/home/rehmaan/ros2/install/py_pkg:/home/rehmaan/ros2/install/cpp_pkg:/home/rehmaan/ros2/install/my_custom_interfaces:/opt/ros/jazzy', 'SHELL': '/bin/bash', 'LESSCLOSE': '/usr/bin/lesspipe %s %s', 'ROS_AUTOMATIC_DISCOVERY_RANGE': 'SUBNET', 'VSCODE_GIT_ASKPASS_EXTRA_ARGS': '', 'PWD': '/home/rehmaan/sensor_fusion/build/custom_interfaces', 'XDG_DATA_DIRS': '/usr/local/share:/usr/share:/var/lib/snapd/desktop', 'PYTHONPATH': '/home/rehmaan/sensor_fusion/install/custom_interfaces/lib/python3.12/site-packages:/home/rehmaan/ros2-projects/install/turtlesim_project/lib/python3.12/site-packages:/home/rehmaan/ros2-projects/install/my_py_pkg/lib/python3.12/site-packages:/home/rehmaan/ros2-projects/install/my_robot_interfaces/lib/python3.12/site-packages:/home/rehmaan/ros2/install/py_pkg/lib/python3.12/site-packages:/home/rehmaan/ros2/install/my_custom_interfaces/lib/python3.12/site-packages:/opt/ros/jazzy/lib/python3.12/site-packages', 'COLCON': '1', 'WSL2_GUI_APPS_ENABLED': '1', 'HOSTTYPE': 'x86_64', 'CMAKE_PREFIX_PATH': '/home/rehmaan/sensor_fusion/install/sensors_data:/home/rehmaan/sensor_fusion/install/custom_interfaces:/home/rehmaan/ros2-projects/install/my_robot_bringup:/home/rehmaan/ros2-projects/install/my_cpp_pkg:/home/rehmaan/ros2-projects/install/my_robot_interfaces:/home/rehmaan/ros2-projects/src/my_cpp_pkg/install/my_cpp_pkg:/home/rehmaan/ros2/install/launch_turtle_project:/home/rehmaan/ros2/install/cpp_pkg:/home/rehmaan/ros2/install/my_custom_interfaces:/opt/ros/jazzy/opt/gz_math_vendor:/opt/ros/jazzy/opt/gz_utils_vendor:/opt/ros/jazzy/opt/gz_cmake_vendor:/home/rehmaan/ros2-projects/install/turtlesim_project:/home/rehmaan/ros2-projects/install/my_py_pkg:/home/rehmaan/ros2/install/py_pkg:/opt/ros/jazzy', 'WSLENV': 'ELECTRON_RUN_AS_NODE/w:'}), 'shell': False}
[0.099673] (-) TimerEvent: {}
[0.197006] (custom_interfaces) StdoutLine: {'line': b'-- Found ament_cmake: 2.5.4 (/opt/ros/jazzy/share/ament_cmake/cmake)\n'}
[0.199927] (-) TimerEvent: {}
[0.255639] (custom_interfaces) StdoutLine: {'line': b'-- Found Python3: /usr/bin/python3 (found version "3.12.3") found components: Interpreter \n'}
[0.300077] (-) TimerEvent: {}
[0.395309] (custom_interfaces) StdoutLine: {'line': b'-- Found rosidl_default_generators: 1.6.0 (/opt/ros/jazzy/share/rosidl_default_generators/cmake)\n'}
[0.400283] (-) TimerEvent: {}
[0.409265] (custom_interfaces) StdoutLine: {'line': b'-- Using all available rosidl_typesupport_c: rosidl_typesupport_fastrtps_c;rosidl_typesupport_introspection_c\n'}
[0.500493] (-) TimerEvent: {}
[0.600936] (-) TimerEvent: {}
[0.701309] (-) TimerEvent: {}
[0.801620] (-) TimerEvent: {}
[0.889033] (custom_interfaces) StdoutLine: {'line': b'-- Using all available rosidl_typesupport_cpp: rosidl_typesupport_fastrtps_cpp;rosidl_typesupport_introspection_cpp\n'}
[0.901797] (-) TimerEvent: {}
[0.945598] (custom_interfaces) StdoutLine: {'line': b'-- Found rosidl_adapter: 4.6.6 (/opt/ros/jazzy/share/rosidl_adapter/cmake)\n'}
[1.001965] (-) TimerEvent: {}
[1.102427] (-) TimerEvent: {}
[1.202867] (-) TimerEvent: {}
[1.230486] (custom_interfaces) StdoutLine: {'line': b'-- Found ament_cmake_ros: 0.12.0 (/opt/ros/jazzy/share/ament_cmake_ros/cmake)\n'}
[1.303030] (-) TimerEvent: {}
[1.312830] (custom_interfaces) StdoutLine: {'line': b'-- Using all available rosidl_typesupport_c: rosidl_typesupport_fastrtps_c;rosidl_typesupport_introspection_c\n'}
[1.403178] (-) TimerEvent: {}
[1.416433] (custom_interfaces) StdoutLine: {'line': b'-- Using all available rosidl_typesupport_cpp: rosidl_typesupport_fastrtps_cpp;rosidl_typesupport_introspection_cpp\n'}
[1.418241] (custom_interfaces) StdoutLine: {'line': b'-- Found python_cmake_module: 0.11.1 (/opt/ros/jazzy/share/python_cmake_module/cmake)\n'}
[1.503344] (-) TimerEvent: {}
[1.604300] (-) TimerEvent: {}
[1.704650] (-) TimerEvent: {}
[1.805100] (-) TimerEvent: {}
[1.899457] (custom_interfaces) StdoutLine: {'line': b'-- Found Python3: /usr/bin/python3 (found version "3.12.3") found components: Interpreter Development NumPy Development.Module Development.Embed \n'}
[1.905423] (-) TimerEvent: {}
[1.955171] (custom_interfaces) StdoutLine: {'line': b'-- Configuring done (1.8s)\n'}
[2.005560] (-) TimerEvent: {}
[2.105948] (-) TimerEvent: {}
[2.126097] (custom_interfaces) StdoutLine: {'line': b'-- Generating done (0.1s)\n'}
[2.153085] (custom_interfaces) StdoutLine: {'line': b'-- Build files have been written to: /home/rehmaan/sensor_fusion/build/custom_interfaces\n'}
[2.188779] (custom_interfaces) StdoutLine: {'line': b'[  1%] \x1b[34m\x1b[1mGenerating type hashes for ROS interfaces\x1b[0m\n'}
[2.206220] (-) TimerEvent: {}
[2.208985] (custom_interfaces) StdoutLine: {'line': b'[  1%] Built target ament_cmake_python_copy_custom_interfaces\n'}
[2.306473] (-) TimerEvent: {}
[2.399685] (custom_interfaces) StdoutLine: {'line': b'running egg_info\n'}
[2.406605] (-) TimerEvent: {}
[2.421896] (custom_interfaces) StdoutLine: {'line': b'writing custom_interfaces.egg-info/PKG-INFO\n'}
[2.422284] (custom_interfaces) StdoutLine: {'line': b'writing dependency_links to custom_interfaces.egg-info/dependency_links.txt\n'}
[2.422749] (custom_interfaces) StdoutLine: {'line': b'writing top-level names to custom_interfaces.egg-info/top_level.txt\n'}
[2.478582] (custom_interfaces) StdoutLine: {'line': b"reading manifest file 'custom_interfaces.egg-info/SOURCES.txt'\n"}
[2.479092] (custom_interfaces) StdoutLine: {'line': b"writing manifest file 'custom_interfaces.egg-info/SOURCES.txt'\n"}
[2.506799] (-) TimerEvent: {}
[2.515282] (custom_interfaces) StdoutLine: {'line': b'[  1%] Built target custom_interfaces__rosidl_generator_type_description\n'}
[2.520451] (custom_interfaces) StdoutLine: {'line': b'[  1%] Built target ament_cmake_python_build_custom_interfaces_egg\n'}
[2.524790] (custom_interfaces) StdoutLine: {'line': b'[  2%] \x1b[34m\x1b[1mGenerating C code for ROS interfaces\x1b[0m\n'}
[2.536393] (custom_interfaces) StdoutLine: {'line': b'[  2%] \x1b[34m\x1b[1mGenerating C++ code for ROS interfaces\x1b[0m\n'}
[2.606951] (-) TimerEvent: {}
[2.707542] (-) TimerEvent: {}
[2.807991] (-) TimerEvent: {}
[2.908480] (-) TimerEvent: {}
[3.008957] (-) TimerEvent: {}
[3.109508] (-) TimerEvent: {}
[3.201977] (custom_interfaces) StdoutLine: {'line': b'[  2%] Built target custom_interfaces__cpp\n'}
[3.209718] (-) TimerEvent: {}
[3.310101] (-) TimerEvent: {}
[3.340706] (custom_interfaces) StdoutLine: {'line': b'[  3%] \x1b[32mBuilding C object CMakeFiles/custom_interfaces__rosidl_generator_c.dir/rosidl_generator_c/custom_interfaces/msg/detail/battery__type_support.c.o\x1b[0m\n'}
[3.341148] (custom_interfaces) StdoutLine: {'line': b'[  4%] \x1b[32mBuilding C object CMakeFiles/custom_interfaces__rosidl_generator_c.dir/rosidl_generator_c/custom_interfaces/msg/detail/battery__description.c.o\x1b[0m\n'}
[3.342397] (custom_interfaces) StdoutLine: {'line': b'[  5%] \x1b[32mBuilding C object CMakeFiles/custom_interfaces__rosidl_generator_c.dir/rosidl_generator_c/custom_interfaces/msg/detail/battery__functions.c.o\x1b[0m\n'}
[3.345161] (custom_interfaces) StdoutLine: {'line': b'[  6%] \x1b[32mBuilding C object CMakeFiles/custom_interfaces__rosidl_generator_c.dir/rosidl_generator_c/custom_interfaces/msg/detail/distance_sensors__functions.c.o\x1b[0m\n'}
[3.345617] (custom_interfaces) StdoutLine: {'line': b'[  7%] \x1b[32mBuilding C object CMakeFiles/custom_interfaces__rosidl_generator_c.dir/rosidl_generator_c/custom_interfaces/msg/detail/distance_sensors__type_support.c.o\x1b[0m\n'}
[3.345817] (custom_interfaces) StdoutLine: {'line': b'[  8%] \x1b[32mBuilding C object CMakeFiles/custom_interfaces__rosidl_generator_c.dir/rosidl_generator_c/custom_interfaces/msg/detail/encoder__functions.c.o\x1b[0m\n'}
[3.347196] (custom_interfaces) StdoutLine: {'line': b'[  9%] \x1b[32mBuilding C object CMakeFiles/custom_interfaces__rosidl_generator_c.dir/rosidl_generator_c/custom_interfaces/msg/detail/distance_sensors__description.c.o\x1b[0m\n'}
[3.349548] (custom_interfaces) StdoutLine: {'line': b'[ 10%] \x1b[32mBuilding C object CMakeFiles/custom_interfaces__rosidl_generator_c.dir/rosidl_generator_c/custom_interfaces/msg/detail/encoder__description.c.o\x1b[0m\n'}
[3.350459] (custom_interfaces) StdoutLine: {'line': b'[ 11%] \x1b[32mBuilding C object CMakeFiles/custom_interfaces__rosidl_generator_c.dir/rosidl_generator_c/custom_interfaces/msg/detail/encoder__type_support.c.o\x1b[0m\n'}
[3.351757] (custom_interfaces) StdoutLine: {'line': b'[ 12%] \x1b[32mBuilding C object CMakeFiles/custom_interfaces__rosidl_generator_c.dir/rosidl_generator_c/custom_interfaces/msg/detail/environment__functions.c.o\x1b[0m\n'}
[3.353667] (custom_interfaces) StdoutLine: {'line': b'[ 13%] \x1b[32mBuilding C object CMakeFiles/custom_interfaces__rosidl_generator_c.dir/rosidl_generator_c/custom_interfaces/msg/detail/environment__description.c.o\x1b[0m\n'}
[3.355464] (custom_interfaces) StdoutLine: {'line': b'[ 14%] \x1b[32mBuilding C object CMakeFiles/custom_interfaces__rosidl_generator_c.dir/rosidl_generator_c/custom_interfaces/msg/detail/environment__type_support.c.o\x1b[0m\n'}
[3.410302] (-) TimerEvent: {}
[3.510813] (-) TimerEvent: {}
[3.518151] (custom_interfaces) StdoutLine: {'line': b'[ 15%] \x1b[32mBuilding C object CMakeFiles/custom_interfaces__rosidl_generator_c.dir/rosidl_generator_c/custom_interfaces/msg/detail/imu__functions.c.o\x1b[0m\n'}
[3.520565] (custom_interfaces) StdoutLine: {'line': b'[ 18%] \x1b[32mBuilding C object CMakeFiles/custom_interfaces__rosidl_generator_c.dir/rosidl_generator_c/custom_interfaces/msg/detail/imu__description.c.o\x1b[0m\n'}
[3.521032] (custom_interfaces) StdoutLine: {'line': b'[ 18%] \x1b[32mBuilding C object CMakeFiles/custom_interfaces__rosidl_generator_c.dir/rosidl_generator_c/custom_interfaces/msg/detail/imu__type_support.c.o\x1b[0m\n'}
[3.521223] (custom_interfaces) StdoutLine: {'line': b'[ 18%] \x1b[32mBuilding C object CMakeFiles/custom_interfaces__rosidl_generator_c.dir/rosidl_generator_c/custom_interfaces/msg/detail/lidar__description.c.o\x1b[0m\n'}
[3.527421] (custom_interfaces) StdoutLine: {'line': b'[ 19%] \x1b[32mBuilding C object CMakeFiles/custom_interfaces__rosidl_generator_c.dir/rosidl_generator_c/custom_interfaces/msg/detail/lidar__functions.c.o\x1b[0m\n'}
[3.533366] (custom_interfaces) StdoutLine: {'line': b'[ 20%] \x1b[32mBuilding C object CMakeFiles/custom_interfaces__rosidl_generator_c.dir/rosidl_generator_c/custom_interfaces/msg/detail/lidar__type_support.c.o\x1b[0m\n'}
[3.537501] (custom_interfaces) StdoutLine: {'line': b'[ 21%] \x1b[32mBuilding C object CMakeFiles/custom_interfaces__rosidl_generator_c.dir/rosidl_generator_c/custom_interfaces/msg/detail/motors__description.c.o\x1b[0m\n'}
[3.542505] (custom_interfaces) StdoutLine: {'line': b'[ 23%] \x1b[32mBuilding C object CMakeFiles/custom_interfaces__rosidl_generator_c.dir/rosidl_generator_c/custom_interfaces/msg/detail/motors__type_support.c.o\x1b[0m\n'}
[3.544011] (custom_interfaces) StdoutLine: {'line': b'[ 23%] \x1b[32mBuilding C object CMakeFiles/custom_interfaces__rosidl_generator_c.dir/rosidl_generator_c/custom_interfaces/msg/detail/motors__functions.c.o\x1b[0m\n'}
[3.548030] (custom_interfaces) StdoutLine: {'line': b'[ 24%] \x1b[32mBuilding C object CMakeFiles/custom_interfaces__rosidl_generator_c.dir/rosidl_generator_c/custom_interfaces/msg/detail/odometry__description.c.o\x1b[0m\n'}
[3.554629] (custom_interfaces) StdoutLine: {'line': b'[ 25%] \x1b[32mBuilding C object CMakeFiles/custom_interfaces__rosidl_generator_c.dir/rosidl_generator_c/custom_interfaces/msg/detail/odometry__functions.c.o\x1b[0m\n'}
[3.576094] (custom_interfaces) StdoutLine: {'line': b'[ 25%] \x1b[32mBuilding C object CMakeFiles/custom_interfaces__rosidl_generator_c.dir/rosidl_generator_c/custom_interfaces/msg/detail/odometry__type_support.c.o\x1b[0m\n'}
[3.610978] (-) TimerEvent: {}
[3.618097] (custom_interfaces) StdoutLine: {'line': b'[ 26%] \x1b[32m\x1b[1mLinking C shared library libcustom_interfaces__rosidl_generator_c.so\x1b[0m\n'}
[3.711144] (-) TimerEvent: {}
[3.811566] (-) TimerEvent: {}
[3.854268] (custom_interfaces) StdoutLine: {'line': b'[ 26%] Built target custom_interfaces__rosidl_generator_c\n'}
[3.864290] (custom_interfaces) StdoutLine: {'line': b'[ 26%] \x1b[34m\x1b[1mGenerating C introspection for ROS interfaces\x1b[0m\n'}
[3.865288] (custom_interfaces) StdoutLine: {'line': b'[ 27%] \x1b[34m\x1b[1mGenerating C type support for eProsima Fast-RTPS\x1b[0m\n'}
[3.865656] (custom_interfaces) StdoutLine: {'line': b'[ 30%] \x1b[34m\x1b[1mGenerating C++ introspection for ROS interfaces\x1b[0m\n'}
[3.865720] (custom_interfaces) StdoutLine: {'line': b'[ 30%] \x1b[34m\x1b[1mGenerating C++ type support dispatch for ROS interfaces\x1b[0m\n'}
[3.865768] (custom_interfaces) StdoutLine: {'line': b'[ 30%] \x1b[34m\x1b[1mGenerating C++ type support for eProsima Fast-RTPS\x1b[0m\n'}
[3.866496] (custom_interfaces) StdoutLine: {'line': b'[ 31%] \x1b[34m\x1b[1mGenerating C type support dispatch for ROS interfaces\x1b[0m\n'}
[3.911789] (-) TimerEvent: {}
[4.012421] (-) TimerEvent: {}
[4.112897] (-) TimerEvent: {}
[4.213372] (-) TimerEvent: {}
[4.313742] (-) TimerEvent: {}
[4.414196] (-) TimerEvent: {}
[4.440247] (custom_interfaces) StdoutLine: {'line': b'[ 32%] \x1b[32mBuilding CXX object CMakeFiles/custom_interfaces__rosidl_typesupport_c.dir/rosidl_typesupport_c/custom_interfaces/msg/distance_sensors__type_support.cpp.o\x1b[0m\n'}
[4.441108] (custom_interfaces) StdoutLine: {'line': b'[ 33%] \x1b[32mBuilding CXX object CMakeFiles/custom_interfaces__rosidl_typesupport_c.dir/rosidl_typesupport_c/custom_interfaces/msg/imu__type_support.cpp.o\x1b[0m\n'}
[4.441412] (custom_interfaces) StdoutLine: {'line': b'[ 34%] \x1b[32mBuilding CXX object CMakeFiles/custom_interfaces__rosidl_typesupport_c.dir/rosidl_typesupport_c/custom_interfaces/msg/battery__type_support.cpp.o\x1b[0m\n'}
[4.446391] (custom_interfaces) StdoutLine: {'line': b'[ 35%] \x1b[32mBuilding CXX object CMakeFiles/custom_interfaces__rosidl_typesupport_c.dir/rosidl_typesupport_c/custom_interfaces/msg/encoder__type_support.cpp.o\x1b[0m\n'}
[4.452661] (custom_interfaces) StdoutLine: {'line': b'[ 36%] \x1b[32mBuilding CXX object CMakeFiles/custom_interfaces__rosidl_typesupport_c.dir/rosidl_typesupport_c/custom_interfaces/msg/lidar__type_support.cpp.o\x1b[0m\n'}
[4.453227] (custom_interfaces) StdoutLine: {'line': b'[ 37%] \x1b[32mBuilding CXX object CMakeFiles/custom_interfaces__rosidl_typesupport_c.dir/rosidl_typesupport_c/custom_interfaces/msg/environment__type_support.cpp.o\x1b[0m\n'}
[4.454283] (custom_interfaces) StdoutLine: {'line': b'[ 38%] \x1b[32mBuilding CXX object CMakeFiles/custom_interfaces__rosidl_typesupport_c.dir/rosidl_typesupport_c/custom_interfaces/msg/motors__type_support.cpp.o\x1b[0m\n'}
[4.514695] (-) TimerEvent: {}
[4.532800] (custom_interfaces) StdoutLine: {'line': b'[ 39%] \x1b[32mBuilding CXX object CMakeFiles/custom_interfaces__rosidl_typesupport_cpp.dir/rosidl_typesupport_cpp/custom_interfaces/msg/battery__type_support.cpp.o\x1b[0m\n'}
[4.614843] (-) TimerEvent: {}
[4.719501] (-) TimerEvent: {}
[4.820049] (-) TimerEvent: {}
[4.837709] (custom_interfaces) StdoutLine: {'line': b'[ 40%] \x1b[32mBuilding CXX object CMakeFiles/custom_interfaces__rosidl_typesupport_c.dir/rosidl_typesupport_c/custom_interfaces/msg/odometry__type_support.cpp.o\x1b[0m\n'}
[4.848818] (custom_interfaces) StdoutLine: {'line': b'[ 41%] \x1b[32mBuilding CXX object CMakeFiles/custom_interfaces__rosidl_typesupport_cpp.dir/rosidl_typesupport_cpp/custom_interfaces/msg/distance_sensors__type_support.cpp.o\x1b[0m\n'}
[4.855340] (custom_interfaces) StdoutLine: {'line': b'[ 42%] \x1b[32mBuilding CXX object CMakeFiles/custom_interfaces__rosidl_typesupport_cpp.dir/rosidl_typesupport_cpp/custom_interfaces/msg/encoder__type_support.cpp.o\x1b[0m\n'}
[4.864254] (custom_interfaces) StdoutLine: {'line': b'[ 42%] \x1b[32mBuilding CXX object CMakeFiles/custom_interfaces__rosidl_typesupport_cpp.dir/rosidl_typesupport_cpp/custom_interfaces/msg/environment__type_support.cpp.o\x1b[0m\n'}
[4.888980] (custom_interfaces) StdoutLine: {'line': b'[ 43%] \x1b[32mBuilding CXX object CMakeFiles/custom_interfaces__rosidl_typesupport_cpp.dir/rosidl_typesupport_cpp/custom_interfaces/msg/imu__type_support.cpp.o\x1b[0m\n'}
[4.904432] (custom_interfaces) StdoutLine: {'line': b'[ 44%] \x1b[32mBuilding CXX object CMakeFiles/custom_interfaces__rosidl_typesupport_cpp.dir/rosidl_typesupport_cpp/custom_interfaces/msg/lidar__type_support.cpp.o\x1b[0m\n'}
[4.907452] (custom_interfaces) StdoutLine: {'line': b'[ 45%] \x1b[32mBuilding CXX object CMakeFiles/custom_interfaces__rosidl_typesupport_introspection_cpp.dir/rosidl_typesupport_introspection_cpp/custom_interfaces/msg/detail/battery__type_support.cpp.o\x1b[0m\n'}
[4.916461] (custom_interfaces) StdoutLine: {'line': b'[ 46%] \x1b[32m\x1b[1mLinking CXX shared library libcustom_interfaces__rosidl_typesupport_c.so\x1b[0m\n'}
[4.920263] (-) TimerEvent: {}
[4.929431] (custom_interfaces) StdoutLine: {'line': b'[ 47%] \x1b[32mBuilding C object CMakeFiles/custom_interfaces__rosidl_typesupport_introspection_c.dir/rosidl_typesupport_introspection_c/custom_interfaces/msg/detail/battery__type_support.c.o\x1b[0m\n'}
[4.943444] (custom_interfaces) StdoutLine: {'line': b'[ 48%] \x1b[32mBuilding CXX object CMakeFiles/custom_interfaces__rosidl_typesupport_introspection_cpp.dir/rosidl_typesupport_introspection_cpp/custom_interfaces/msg/detail/distance_sensors__type_support.cpp.o\x1b[0m\n'}
[5.020419] (-) TimerEvent: {}
[5.023559] (custom_interfaces) StdoutLine: {'line': b'[ 49%] \x1b[32mBuilding C object CMakeFiles/custom_interfaces__rosidl_typesupport_introspection_c.dir/rosidl_typesupport_introspection_c/custom_interfaces/msg/detail/distance_sensors__type_support.c.o\x1b[0m\n'}
[5.041493] (custom_interfaces) StdoutLine: {'line': b'[ 50%] \x1b[32mBuilding CXX object CMakeFiles/custom_interfaces__rosidl_typesupport_fastrtps_c.dir/rosidl_typesupport_fastrtps_c/custom_interfaces/msg/detail/battery__type_support_c.cpp.o\x1b[0m\n'}
[5.060469] (custom_interfaces) StdoutLine: {'line': b'[ 51%] \x1b[32mBuilding CXX object CMakeFiles/custom_interfaces__rosidl_typesupport_fastrtps_cpp.dir/rosidl_typesupport_fastrtps_cpp/custom_interfaces/msg/detail/dds_fastrtps/battery__type_support.cpp.o\x1b[0m\n'}
[5.124366] (-) TimerEvent: {}
[5.140351] (custom_interfaces) StdoutLine: {'line': b'[ 52%] \x1b[32mBuilding C object CMakeFiles/custom_interfaces__rosidl_typesupport_introspection_c.dir/rosidl_typesupport_introspection_c/custom_interfaces/msg/detail/encoder__type_support.c.o\x1b[0m\n'}
[5.224629] (-) TimerEvent: {}
[5.315320] (custom_interfaces) StdoutLine: {'line': b'[ 53%] \x1b[32mBuilding C object CMakeFiles/custom_interfaces__rosidl_typesupport_introspection_c.dir/rosidl_typesupport_introspection_c/custom_interfaces/msg/detail/environment__type_support.c.o\x1b[0m\n'}
[5.324862] (-) TimerEvent: {}
[5.362325] (custom_interfaces) StdoutLine: {'line': b'[ 53%] Built target custom_interfaces__rosidl_typesupport_c\n'}
[5.390791] (custom_interfaces) StdoutLine: {'line': b'[ 54%] \x1b[32mBuilding C object CMakeFiles/custom_interfaces__rosidl_typesupport_introspection_c.dir/rosidl_typesupport_introspection_c/custom_interfaces/msg/detail/imu__type_support.c.o\x1b[0m\n'}
[5.410972] (custom_interfaces) StdoutLine: {'line': b'[ 55%] \x1b[32mBuilding CXX object CMakeFiles/custom_interfaces__rosidl_typesupport_fastrtps_c.dir/rosidl_typesupport_fastrtps_c/custom_interfaces/msg/detail/distance_sensors__type_support_c.cpp.o\x1b[0m\n'}
[5.425403] (-) TimerEvent: {}
[5.456778] (custom_interfaces) StdoutLine: {'line': b'[ 56%] \x1b[32mBuilding CXX object CMakeFiles/custom_interfaces__rosidl_typesupport_cpp.dir/rosidl_typesupport_cpp/custom_interfaces/msg/motors__type_support.cpp.o\x1b[0m\n'}
[5.522968] (custom_interfaces) StdoutLine: {'line': b'[ 57%] \x1b[32mBuilding C object CMakeFiles/custom_interfaces__rosidl_typesupport_introspection_c.dir/rosidl_typesupport_introspection_c/custom_interfaces/msg/detail/lidar__type_support.c.o\x1b[0m\n'}
[5.525640] (-) TimerEvent: {}
[5.626228] (-) TimerEvent: {}
[5.726801] (-) TimerEvent: {}
[5.757370] (custom_interfaces) StdoutLine: {'line': b'[ 58%] \x1b[32mBuilding C object CMakeFiles/custom_interfaces__rosidl_typesupport_introspection_c.dir/rosidl_typesupport_introspection_c/custom_interfaces/msg/detail/motors__type_support.c.o\x1b[0m\n'}
[5.761924] (custom_interfaces) StdoutLine: {'line': b'[ 59%] \x1b[32mBuilding C object CMakeFiles/custom_interfaces__rosidl_typesupport_introspection_c.dir/rosidl_typesupport_introspection_c/custom_interfaces/msg/detail/odometry__type_support.c.o\x1b[0m\n'}
[5.768762] (custom_interfaces) StdoutLine: {'line': b'[ 60%] \x1b[32mBuilding CXX object CMakeFiles/custom_interfaces__rosidl_typesupport_cpp.dir/rosidl_typesupport_cpp/custom_interfaces/msg/odometry__type_support.cpp.o\x1b[0m\n'}
[5.784277] (custom_interfaces) StdoutLine: {'line': b'[ 61%] \x1b[32mBuilding CXX object CMakeFiles/custom_interfaces__rosidl_typesupport_introspection_cpp.dir/rosidl_typesupport_introspection_cpp/custom_interfaces/msg/detail/encoder__type_support.cpp.o\x1b[0m\n'}
[5.786816] (custom_interfaces) StdoutLine: {'line': b'[ 62%] \x1b[32mBuilding CXX object CMakeFiles/custom_interfaces__rosidl_typesupport_fastrtps_c.dir/rosidl_typesupport_fastrtps_c/custom_interfaces/msg/detail/encoder__type_support_c.cpp.o\x1b[0m\n'}
[5.827021] (-) TimerEvent: {}
[5.832436] (custom_interfaces) StdoutLine: {'line': b'[ 63%] \x1b[32mBuilding CXX object CMakeFiles/custom_interfaces__rosidl_typesupport_fastrtps_c.dir/rosidl_typesupport_fastrtps_c/custom_interfaces/msg/detail/environment__type_support_c.cpp.o\x1b[0m\n'}
[5.871601] (custom_interfaces) StdoutLine: {'line': b'[ 64%] \x1b[32mBuilding CXX object CMakeFiles/custom_interfaces__rosidl_typesupport_introspection_cpp.dir/rosidl_typesupport_introspection_cpp/custom_interfaces/msg/detail/environment__type_support.cpp.o\x1b[0m\n'}
[5.885926] (custom_interfaces) StdoutLine: {'line': b'[ 65%] \x1b[32mBuilding CXX object CMakeFiles/custom_interfaces__rosidl_typesupport_fastrtps_c.dir/rosidl_typesupport_fastrtps_c/custom_interfaces/msg/detail/imu__type_support_c.cpp.o\x1b[0m\n'}
[5.919579] (custom_interfaces) StdoutLine: {'line': b'[ 66%] \x1b[32m\x1b[1mLinking C shared library libcustom_interfaces__rosidl_typesupport_introspection_c.so\x1b[0m\n'}
[5.927210] (-) TimerEvent: {}
[5.956957] (custom_interfaces) StdoutLine: {'line': b'[ 67%] \x1b[32mBuilding CXX object CMakeFiles/custom_interfaces__rosidl_typesupport_fastrtps_c.dir/rosidl_typesupport_fastrtps_c/custom_interfaces/msg/detail/lidar__type_support_c.cpp.o\x1b[0m\n'}
[6.028767] (-) TimerEvent: {}
[6.130325] (-) TimerEvent: {}
[6.230935] (-) TimerEvent: {}
[6.280208] (custom_interfaces) StdoutLine: {'line': b'[ 67%] Built target custom_interfaces__rosidl_typesupport_introspection_c\n'}
[6.299517] (custom_interfaces) StdoutLine: {'line': b'[ 68%] \x1b[32mBuilding CXX object CMakeFiles/custom_interfaces__rosidl_typesupport_fastrtps_c.dir/rosidl_typesupport_fastrtps_c/custom_interfaces/msg/detail/odometry__type_support_c.cpp.o\x1b[0m\n'}
[6.308008] (custom_interfaces) StdoutLine: {'line': b'[ 69%] \x1b[32mBuilding CXX object CMakeFiles/custom_interfaces__rosidl_typesupport_fastrtps_c.dir/rosidl_typesupport_fastrtps_c/custom_interfaces/msg/detail/motors__type_support_c.cpp.o\x1b[0m\n'}
[6.331302] (-) TimerEvent: {}
[6.432076] (-) TimerEvent: {}
[6.533178] (-) TimerEvent: {}
[6.614817] (custom_interfaces) StdoutLine: {'line': b'[ 70%] \x1b[32m\x1b[1mLinking CXX shared library libcustom_interfaces__rosidl_typesupport_cpp.so\x1b[0m\n'}
[6.619238] (custom_interfaces) StdoutLine: {'line': b'[ 71%] \x1b[32mBuilding CXX object CMakeFiles/custom_interfaces__rosidl_typesupport_introspection_cpp.dir/rosidl_typesupport_introspection_cpp/custom_interfaces/msg/detail/lidar__type_support.cpp.o\x1b[0m\n'}
[6.633327] (-) TimerEvent: {}
[6.652741] (custom_interfaces) StdoutLine: {'line': b'[ 72%] \x1b[32mBuilding CXX object CMakeFiles/custom_interfaces__rosidl_typesupport_fastrtps_cpp.dir/rosidl_typesupport_fastrtps_cpp/custom_interfaces/msg/detail/dds_fastrtps/distance_sensors__type_support.cpp.o\x1b[0m\n'}
[6.655374] (custom_interfaces) StdoutLine: {'line': b'[ 73%] \x1b[32mBuilding CXX object CMakeFiles/custom_interfaces__rosidl_typesupport_introspection_cpp.dir/rosidl_typesupport_introspection_cpp/custom_interfaces/msg/detail/imu__type_support.cpp.o\x1b[0m\n'}
[6.721349] (custom_interfaces) StdoutLine: {'line': b'[ 74%] \x1b[32mBuilding CXX object CMakeFiles/custom_interfaces__rosidl_typesupport_introspection_cpp.dir/rosidl_typesupport_introspection_cpp/custom_interfaces/msg/detail/motors__type_support.cpp.o\x1b[0m\n'}
[6.727601] (custom_interfaces) StdoutLine: {'line': b'[ 75%] \x1b[32mBuilding CXX object CMakeFiles/custom_interfaces__rosidl_typesupport_fastrtps_cpp.dir/rosidl_typesupport_fastrtps_cpp/custom_interfaces/msg/detail/dds_fastrtps/encoder__type_support.cpp.o\x1b[0m\n'}
[6.733483] (-) TimerEvent: {}
[6.833925] (-) TimerEvent: {}
[6.935894] (custom_interfaces) StdoutLine: {'line': b'[ 75%] Built target custom_interfaces__rosidl_typesupport_cpp\n'}
[6.936315] (-) TimerEvent: {}
[6.947457] (custom_interfaces) StdoutLine: {'line': b'[ 76%] \x1b[32mBuilding CXX object CMakeFiles/custom_interfaces__rosidl_typesupport_fastrtps_cpp.dir/rosidl_typesupport_fastrtps_cpp/custom_interfaces/msg/detail/dds_fastrtps/environment__type_support.cpp.o\x1b[0m\n'}
[6.991038] (custom_interfaces) StdoutLine: {'line': b'[ 77%] \x1b[32mBuilding CXX object CMakeFiles/custom_interfaces__rosidl_typesupport_fastrtps_cpp.dir/rosidl_typesupport_fastrtps_cpp/custom_interfaces/msg/detail/dds_fastrtps/imu__type_support.cpp.o\x1b[0m\n'}
[7.036549] (-) TimerEvent: {}
[7.137082] (-) TimerEvent: {}
[7.145994] (custom_interfaces) StdoutLine: {'line': b'[ 78%] \x1b[32mBuilding CXX object CMakeFiles/custom_interfaces__rosidl_typesupport_fastrtps_cpp.dir/rosidl_typesupport_fastrtps_cpp/custom_interfaces/msg/detail/dds_fastrtps/motors__type_support.cpp.o\x1b[0m\n'}
[7.172650] (custom_interfaces) StdoutLine: {'line': b'[ 79%] \x1b[32mBuilding CXX object CMakeFiles/custom_interfaces__rosidl_typesupport_fastrtps_cpp.dir/rosidl_typesupport_fastrtps_cpp/custom_interfaces/msg/detail/dds_fastrtps/lidar__type_support.cpp.o\x1b[0m\n'}
[7.192253] (custom_interfaces) StdoutLine: {'line': b'[ 80%] \x1b[32mBuilding CXX object CMakeFiles/custom_interfaces__rosidl_typesupport_fastrtps_cpp.dir/rosidl_typesupport_fastrtps_cpp/custom_interfaces/msg/detail/dds_fastrtps/odometry__type_support.cpp.o\x1b[0m\n'}
[7.237268] (-) TimerEvent: {}
[7.337864] (-) TimerEvent: {}
[7.391228] (custom_interfaces) StdoutLine: {'line': b'[ 81%] \x1b[32mBuilding CXX object CMakeFiles/custom_interfaces__rosidl_typesupport_introspection_cpp.dir/rosidl_typesupport_introspection_cpp/custom_interfaces/msg/detail/odometry__type_support.cpp.o\x1b[0m\n'}
[7.438109] (-) TimerEvent: {}
[7.538666] (-) TimerEvent: {}
[7.639331] (-) TimerEvent: {}
[7.739949] (-) TimerEvent: {}
[7.804772] (custom_interfaces) StdoutLine: {'line': b'[ 82%] \x1b[32m\x1b[1mLinking CXX shared library libcustom_interfaces__rosidl_typesupport_fastrtps_c.so\x1b[0m\n'}
[7.840138] (-) TimerEvent: {}
[7.940696] (-) TimerEvent: {}
[8.041334] (-) TimerEvent: {}
[8.142359] (-) TimerEvent: {}
[8.243155] (-) TimerEvent: {}
[8.343802] (-) TimerEvent: {}
[8.425886] (custom_interfaces) StdoutLine: {'line': b'[ 82%] Built target custom_interfaces__rosidl_typesupport_fastrtps_c\n'}
[8.443370] (custom_interfaces) StdoutLine: {'line': b'[ 83%] \x1b[32m\x1b[1mLinking CXX shared library libcustom_interfaces__rosidl_typesupport_introspection_cpp.so\x1b[0m\n'}
[8.444022] (-) TimerEvent: {}
[8.544501] (-) TimerEvent: {}
[8.645147] (-) TimerEvent: {}
[8.745892] (-) TimerEvent: {}
[8.772996] (custom_interfaces) StdoutLine: {'line': b'[ 84%] \x1b[32m\x1b[1mLinking CXX shared library libcustom_interfaces__rosidl_typesupport_fastrtps_cpp.so\x1b[0m\n'}
[8.846085] (-) TimerEvent: {}
[8.866760] (custom_interfaces) StdoutLine: {'line': b'[ 84%] Built target custom_interfaces__rosidl_typesupport_introspection_cpp\n'}
[8.946283] (-) TimerEvent: {}
[9.046978] (-) TimerEvent: {}
[9.142869] (custom_interfaces) StdoutLine: {'line': b'[ 84%] Built target custom_interfaces__rosidl_typesupport_fastrtps_cpp\n'}
[9.147218] (-) TimerEvent: {}
[9.169926] (custom_interfaces) StdoutLine: {'line': b'[ 84%] Built target custom_interfaces\n'}
[9.202676] (custom_interfaces) StdoutLine: {'line': b'[ 85%] \x1b[34m\x1b[1mGenerating Python code for ROS interfaces\x1b[0m\n'}
[9.247431] (-) TimerEvent: {}
[9.347979] (-) TimerEvent: {}
[9.448616] (-) TimerEvent: {}
[9.549278] (-) TimerEvent: {}
[9.649873] (-) TimerEvent: {}
[9.750578] (-) TimerEvent: {}
[9.851401] (-) TimerEvent: {}
[9.952569] (-) TimerEvent: {}
[10.053308] (-) TimerEvent: {}
[10.154019] (-) TimerEvent: {}
[10.255175] (-) TimerEvent: {}
[10.355763] (-) TimerEvent: {}
[10.456512] (-) TimerEvent: {}
[10.483977] (custom_interfaces) StdoutLine: {'line': b'[ 85%] Built target custom_interfaces__py\n'}
[10.536405] (custom_interfaces) StdoutLine: {'line': b'[ 86%] \x1b[32mBuilding C object CMakeFiles/custom_interfaces__rosidl_generator_py.dir/rosidl_generator_py/custom_interfaces/msg/_distance_sensors_s.c.o\x1b[0m\n'}
[10.537708] (custom_interfaces) StdoutLine: {'line': b'[ 87%] \x1b[32mBuilding C object CMakeFiles/custom_interfaces__rosidl_generator_py.dir/rosidl_generator_py/custom_interfaces/msg/_battery_s.c.o\x1b[0m\n'}
[10.540632] (custom_interfaces) StdoutLine: {'line': b'[ 88%] \x1b[32mBuilding C object CMakeFiles/custom_interfaces__rosidl_generator_py.dir/rosidl_generator_py/custom_interfaces/msg/_encoder_s.c.o\x1b[0m\n'}
[10.541359] (custom_interfaces) StdoutLine: {'line': b'[ 89%] \x1b[32mBuilding C object CMakeFiles/custom_interfaces__rosidl_generator_py.dir/rosidl_generator_py/custom_interfaces/msg/_environment_s.c.o\x1b[0m\n'}
[10.542201] (custom_interfaces) StdoutLine: {'line': b'[ 90%] \x1b[32mBuilding C object CMakeFiles/custom_interfaces__rosidl_generator_py.dir/rosidl_generator_py/custom_interfaces/msg/_motors_s.c.o\x1b[0m\n'}
[10.542357] (custom_interfaces) StdoutLine: {'line': b'[ 91%] \x1b[32mBuilding C object CMakeFiles/custom_interfaces__rosidl_generator_py.dir/rosidl_generator_py/custom_interfaces/msg/_imu_s.c.o\x1b[0m\n'}
[10.544470] (custom_interfaces) StdoutLine: {'line': b'[ 92%] \x1b[32mBuilding C object CMakeFiles/custom_interfaces__rosidl_generator_py.dir/rosidl_generator_py/custom_interfaces/msg/_lidar_s.c.o\x1b[0m\n'}
[10.548046] (custom_interfaces) StdoutLine: {'line': b'[ 93%] \x1b[32mBuilding C object CMakeFiles/custom_interfaces__rosidl_generator_py.dir/rosidl_generator_py/custom_interfaces/msg/_odometry_s.c.o\x1b[0m\n'}
[10.556799] (-) TimerEvent: {}
[10.657437] (-) TimerEvent: {}
[10.758197] (-) TimerEvent: {}
[10.858953] (-) TimerEvent: {}
[10.926766] (custom_interfaces) StdoutLine: {'line': b'[ 94%] \x1b[32m\x1b[1mLinking C shared library libcustom_interfaces__rosidl_generator_py.so\x1b[0m\n'}
[10.959177] (-) TimerEvent: {}
[11.059613] (-) TimerEvent: {}
[11.160223] (-) TimerEvent: {}
[11.260703] (-) TimerEvent: {}
[11.270046] (custom_interfaces) StdoutLine: {'line': b'[ 94%] Built target custom_interfaces__rosidl_generator_py\n'}
[11.301807] (custom_interfaces) StdoutLine: {'line': b'[ 95%] \x1b[32mBuilding C object CMakeFiles/custom_interfaces_s__rosidl_typesupport_introspection_c.dir/rosidl_generator_py/custom_interfaces/_custom_interfaces_s.ep.rosidl_typesupport_introspection_c.c.o\x1b[0m\n'}
[11.302993] (custom_interfaces) StdoutLine: {'line': b'[ 96%] \x1b[32mBuilding C object CMakeFiles/custom_interfaces_s__rosidl_typesupport_fastrtps_c.dir/rosidl_generator_py/custom_interfaces/_custom_interfaces_s.ep.rosidl_typesupport_fastrtps_c.c.o\x1b[0m\n'}
[11.306733] (custom_interfaces) StdoutLine: {'line': b'[ 97%] \x1b[32mBuilding C object CMakeFiles/custom_interfaces_s__rosidl_typesupport_c.dir/rosidl_generator_py/custom_interfaces/_custom_interfaces_s.ep.rosidl_typesupport_c.c.o\x1b[0m\n'}
[11.360949] (-) TimerEvent: {}
[11.461547] (-) TimerEvent: {}
[11.495689] (custom_interfaces) StdoutLine: {'line': b'[ 98%] \x1b[32m\x1b[1mLinking C shared module rosidl_generator_py/custom_interfaces/custom_interfaces_s__rosidl_typesupport_introspection_c.so\x1b[0m\n'}
[11.501943] (custom_interfaces) StdoutLine: {'line': b'[ 99%] \x1b[32m\x1b[1mLinking C shared module rosidl_generator_py/custom_interfaces/custom_interfaces_s__rosidl_typesupport_c.so\x1b[0m\n'}
[11.512994] (custom_interfaces) StdoutLine: {'line': b'[100%] \x1b[32m\x1b[1mLinking C shared module rosidl_generator_py/custom_interfaces/custom_interfaces_s__rosidl_typesupport_fastrtps_c.so\x1b[0m\n'}
[11.561745] (-) TimerEvent: {}
[11.662320] (-) TimerEvent: {}
[11.722490] (custom_interfaces) StdoutLine: {'line': b'[100%] Built target custom_interfaces_s__rosidl_typesupport_c\n'}
[11.723798] (custom_interfaces) StdoutLine: {'line': b'[100%] Built target custom_interfaces_s__rosidl_typesupport_introspection_c\n'}
[11.762497] (-) TimerEvent: {}
[11.795520] (custom_interfaces) StdoutLine: {'line': b'[100%] Built target custom_interfaces_s__rosidl_typesupport_fastrtps_c\n'}
[11.809400] (custom_interfaces) CommandEnded: {'returncode': 0}
[11.811212] (custom_interfaces) JobProgress: {'identifier': 'custom_interfaces', 'progress': 'install'}
[11.821940] (custom_interfaces) Command: {'cmd': ['/usr/bin/cmake', '--install', '/home/rehmaan/sensor_fusion/build/custom_interfaces'], 'cwd': '/home/rehmaan/sensor_fusion/build/custom_interfaces', 'env': OrderedDict({'PYTHON_BASIC_REPL': '1', 'LESSOPEN': '| /usr/bin/lesspipe %s', 'USER': 'rehmaan', 'GIT_ASKPASS': '/home/rehmaan/.vscode-server/bin/07ff9d6178ede9a1bd12ad3399074d726ebe6e43/extensions/git/dist/askpass.sh', 'SHLVL': '2', 'LD_LIBRARY_PATH': '/home/rehmaan/sensor_fusion/install/custom_interfaces/lib:/home/rehmaan/ros2-projects/install/my_robot_interfaces/lib:/home/rehmaan/ros2/install/my_custom_interfaces/lib:/opt/ros/jazzy/opt/rviz_ogre_vendor/lib:/opt/ros/jazzy/lib/x86_64-linux-gnu:/opt/ros/jazzy/opt/gz_math_vendor/lib:/opt/ros/jazzy/opt/gz_utils_vendor/lib:/opt/ros/jazzy/opt/gz_cmake_vendor/lib:/opt/ros/jazzy/lib', 'MOTD_SHOWN': 'update-motd', 'HOME': '/home/rehmaan', 'TERM_PROGRAM_VERSION': '1.112.0', 'VSCODE_IPC_HOOK_CLI': '/run/user/1000/vscode-ipc-a49f383f-9d82-4a2f-b984-b9a73b3abcf2.sock', 'ROS_PYTHON_VERSION': '3', 'VSCODE_GIT_ASKPASS_MAIN': '/home/rehmaan/.vscode-server/bin/07ff9d6178ede9a1bd12ad3399074d726ebe6e43/extensions/git/dist/askpass-main.js', 'VSCODE_GIT_ASKPASS_NODE': '/home/rehmaan/.vscode-server/bin/07ff9d6178ede9a1bd12ad3399074d726ebe6e43/node', 'PYDEVD_DISABLE_FILE_VALIDATION': '1', 'BUNDLED_DEBUGPY_PATH': '/home/rehmaan/.vscode-server/extensions/ms-python.debugpy-2025.18.0-linux-x64/bundled/libs/debugpy', 'VSCODE_PYTHON_AUTOACTIVATE_GUARD': '1', 'DBUS_SESSION_BUS_ADDRESS': 'unix:path=/run/user/1000/bus', 'COLORTERM': 'truecolor', 'WSL_DISTRO_NAME': 'Ubuntu-24.04', 'WAYLAND_DISPLAY': 'wayland-0', 'COLCON_PREFIX_PATH': '/home/rehmaan/sensor_fusion/install:/home/rehmaan/ros2-projects/install:/home/rehmaan/ros2-projects/src/my_cpp_pkg/install:/home/rehmaan/ros2/install', 'ROS_DISTRO': 'jazzy', 'LOGNAME': 'rehmaan', 'NAME': 'Code', 'WSL_INTEROP': '/run/WSL/604_interop', 'PULSE_SERVER': 'unix:/mnt/wslg/PulseServer', '_': '/usr/bin/colcon', 'ROS_VERSION': '2', 'TERM': 'xterm-256color', 'PATH': '/home/rehmaan/.vscode-server/data/User/globalStorage/github.copilot-chat/debugCommand:/home/rehmaan/.vscode-server/data/User/globalStorage/github.copilot-chat/copilotCli:/home/rehmaan/.vscode-server/bin/07ff9d6178ede9a1bd12ad3399074d726ebe6e43/bin/remote-cli:/home/rehmaan/.local/bin:/home/rehmaan/ros2-projects/src/my_cpp_pkg/install/my_cpp_pkg/bin:/opt/ros/jazzy/bin:/usr/local/sbin:/usr/local/bin:/usr/sbin:/usr/bin:/sbin:/bin:/usr/games:/usr/local/games:/usr/lib/wsl/lib:/mnt/c/Program Files/WindowsApps/MicrosoftCorporationII.WindowsSubsystemForLinux_2.4.11.0_x64__8wekyb3d8bbwe:/mnt/c/Program Files/Python312/:/mnt/c/WINDOWS/system32:/mnt/c/WINDOWS:/mnt/c/WINDOWS/System32/Wbem:/mnt/c/WINDOWS/System32/WindowsPowerShell/v1.0/:/mnt/c/WINDOWS/System32/OpenSSH/:/mnt/c/Program Files/Microsoft SQL Server/150/Tools/Binn/:/mnt/c/Program Files/Microsoft SQL Server/Client SDK/ODBC/170/Tools/Binn/:/mnt/c/Program Files/dotnet/:/mnt/c/Program Files/Microsoft VS Code/bin:/mnt/c/Program Files (x86)/Microsoft SQL Server/160/Tools/Binn/:/mnt/c/Program Files/Microsoft SQL Server/160/Tools/Binn/:/mnt/c/Program Files/Microsoft SQL Server/160/DTS/Binn/:/mnt/c/Program Files (x86)/Microsoft SQL Server/160/DTS/Binn/:/mnt/c/Users/Imdadul.Rehmaan/AppData/Roaming/nvm:/mnt/c/nvm:/mnt/c/ProgramData/chocolatey/bin:/mnt/c/Program Files (x86)/Windows Kits/10/Windows Performance Toolkit/:/mnt/c/Program Files/TortoiseGit/bin:/mnt/c/Program Files/usbipd-win/:/mnt/c/Program Files/PuTTY/:/mnt/c/Program Files/nodejs/:/mnt/c/Program Files/GitHub CLI/:/mnt/c/Users/Imdadul.Rehmaan/scoop/apps/git/current/bin:/mnt/c/Users/Imdadul.Rehmaan/scoop/shims:/mnt/c/Users/Imdadul.Rehmaan/AppData/Local/Microsoft/WindowsApps:/mnt/c/Users/Imdadul.Rehmaan/.dotnet/tools:/mnt/c/Users/Imdadul.Rehmaan/AppData/Roaming/npm:/mnt/c/Users/Imdadul.Rehmaan/AppData/Local/Programs/Git/cmd:/mnt/c/Users/Imdadul.Rehmaan/AppData/Roaming/nvm:/mnt/c/nvm:/mnt/c/tools/flutter/bin:/mnt/c/Users/Imdadul.Rehmaan/AppData/Local/Pub/Cache/bin:/mnt/c/Android/cmdline-tools/latest/bin:/mnt/c/Android/platform-tools:/mnt/c/Users/Imdadul.Rehmaan/mingw64/bin:/snap/bin:/home/rehmaan/.vscode-server/extensions/ms-python.debugpy-2025.18.0-linux-x64/bundled/scripts/noConfigScripts', 'XDG_RUNTIME_DIR': '/run/user/1000/', 'DISPLAY': ':0', 'VSCODE_DEBUGPY_ADAPTER_ENDPOINTS': '/home/rehmaan/.vscode-server/extensions/ms-python.debugpy-2025.18.0-linux-x64/.noConfigDebugAdapterEndpoints/endpoint-5eef2bab757dd9f7.txt', 'LANG': 'en_US.UTF-8', 'PYTHONSTARTUP': '/home/rehmaan/.vscode-server/data/User/workspaceStorage/a037f39ae17c8ea6d52369655e287e6c/ms-python.python/pythonrc.py', 'LS_COLORS': 'rs=0:di=01;34:ln=01;36:mh=00:pi=40;33:so=01;35:do=01;35:bd=40;33;01:cd=40;33;01:or=40;31;01:mi=00:su=37;41:sg=30;43:ca=00:tw=30;42:ow=34;42:st=37;44:ex=01;32:*.tar=01;31:*.tgz=01;31:*.arc=01;31:*.arj=01;31:*.taz=01;31:*.lha=01;31:*.lz4=01;31:*.lzh=01;31:*.lzma=01;31:*.tlz=01;31:*.txz=01;31:*.tzo=01;31:*.t7z=01;31:*.zip=01;31:*.z=01;31:*.dz=01;31:*.gz=01;31:*.lrz=01;31:*.lz=01;31:*.lzo=01;31:*.xz=01;31:*.zst=01;31:*.tzst=01;31:*.bz2=01;31:*.bz=01;31:*.tbz=01;31:*.tbz2=01;31:*.tz=01;31:*.deb=01;31:*.rpm=01;31:*.jar=01;31:*.war=01;31:*.ear=01;31:*.sar=01;31:*.rar=01;31:*.alz=01;31:*.ace=01;31:*.zoo=01;31:*.cpio=01;31:*.7z=01;31:*.rz=01;31:*.cab=01;31:*.wim=01;31:*.swm=01;31:*.dwm=01;31:*.esd=01;31:*.avif=01;35:*.jpg=01;35:*.jpeg=01;35:*.mjpg=01;35:*.mjpeg=01;35:*.gif=01;35:*.bmp=01;35:*.pbm=01;35:*.pgm=01;35:*.ppm=01;35:*.tga=01;35:*.xbm=01;35:*.xpm=01;35:*.tif=01;35:*.tiff=01;35:*.png=01;35:*.svg=01;35:*.svgz=01;35:*.mng=01;35:*.pcx=01;35:*.mov=01;35:*.mpg=01;35:*.mpeg=01;35:*.m2v=01;35:*.mkv=01;35:*.webm=01;35:*.webp=01;35:*.ogm=01;35:*.mp4=01;35:*.m4v=01;35:*.mp4v=01;35:*.vob=01;35:*.qt=01;35:*.nuv=01;35:*.wmv=01;35:*.asf=01;35:*.rm=01;35:*.rmvb=01;35:*.flc=01;35:*.avi=01;35:*.fli=01;35:*.flv=01;35:*.gl=01;35:*.dl=01;35:*.xcf=01;35:*.xwd=01;35:*.yuv=01;35:*.cgm=01;35:*.emf=01;35:*.ogv=01;35:*.ogx=01;35:*.aac=00;36:*.au=00;36:*.flac=00;36:*.m4a=00;36:*.mid=00;36:*.midi=00;36:*.mka=00;36:*.mp3=00;36:*.mpc=00;36:*.ogg=00;36:*.ra=00;36:*.wav=00;36:*.oga=00;36:*.opus=00;36:*.spx=00;36:*.xspf=00;36:*~=00;90:*#=00;90:*.bak=00;90:*.crdownload=00;90:*.dpkg-dist=00;90:*.dpkg-new=00;90:*.dpkg-old=00;90:*.dpkg-tmp=00;90:*.old=00;90:*.orig=00;90:*.part=00;90:*.rej=00;90:*.rpmnew=00;90:*.rpmorig=00;90:*.rpmsave=00;90:*.swp=00;90:*.tmp=00;90:*.ucf-dist=00;90:*.ucf-new=00;90:*.ucf-old=00;90:', 'VSCODE_GIT_IPC_HANDLE': '/run/user/1000/vscode-git-4c7b1f9e02.sock', 'TERM_PROGRAM': 'vscode', 'AMENT_PREFIX_PATH': '/home/rehmaan/sensor_fusion/install/sensors_data:/home/rehmaan/sensor_fusion/install/custom_interfaces:/home/rehmaan/ros2-projects/install/my_robot_bringup:/home/rehmaan/ros2-projects/install/turtlesim_project:/home/rehmaan/ros2-projects/install/my_py_pkg:/home/rehmaan/ros2-projects/install/my_cpp_pkg:/home/rehmaan/ros2-projects/install/my_robot_interfaces:/home/rehmaan/ros2-projects/src/my_cpp_pkg/install/my_cpp_pkg:/home/rehmaan/ros2/install/launch_turtle_project:/home/rehmaan/ros2/install/py_pkg:/home/rehmaan/ros2/install/cpp_pkg:/home/rehmaan/ros2/install/my_custom_interfaces:/opt/ros/jazzy', 'SHELL': '/bin/bash', 'LESSCLOSE': '/usr/bin/lesspipe %s %s', 'ROS_AUTOMATIC_DISCOVERY_RANGE': 'SUBNET', 'VSCODE_GIT_ASKPASS_EXTRA_ARGS': '', 'PWD': '/home/rehmaan/sensor_fusion/build/custom_interfaces', 'XDG_DATA_DIRS': '/usr/local/share:/usr/share:/var/lib/snapd/desktop', 'PYTHONPATH': '/home/rehmaan/sensor_fusion/install/custom_interfaces/lib/python3.12/site-packages:/home/rehmaan/ros2-projects/install/turtlesim_project/lib/python3.12/site-packages:/home/rehmaan/ros2-projects/install/my_py_pkg/lib/python3.12/site-packages:/home/rehmaan/ros2-projects/install/my_robot_interfaces/lib/python3.12/site-packages:/home/rehmaan/ros2/install/py_pkg/lib/python3.12/site-packages:/home/rehmaan/ros2/install/my_custom_interfaces/lib/python3.12/site-packages:/opt/ros/jazzy/lib/python3.12/site-packages', 'COLCON': '1', 'WSL2_GUI_APPS_ENABLED': '1', 'HOSTTYPE': 'x86_64', 'CMAKE_PREFIX_PATH': '/home/rehmaan/sensor_fusion/install/sensors_data:/home/rehmaan/sensor_fusion/install/custom_interfaces:/home/rehmaan/ros2-projects/install/my_robot_bringup:/home/rehmaan/ros2-projects/install/my_cpp_pkg:/home/rehmaan/ros2-projects/install/my_robot_interfaces:/home/rehmaan/ros2-projects/src/my_cpp_pkg/install/my_cpp_pkg:/home/rehmaan/ros2/install/launch_turtle_project:/home/rehmaan/ros2/install/cpp_pkg:/home/rehmaan/ros2/install/my_custom_interfaces:/opt/ros/jazzy/opt/gz_math_vendor:/opt/ros/jazzy/opt/gz_utils_vendor:/opt/ros/jazzy/opt/gz_cmake_vendor:/home/rehmaan/ros2-projects/install/turtlesim_project:/home/rehmaan/ros2-projects/install/my_py_pkg:/home/rehmaan/ros2/install/py_pkg:/opt/ros/jazzy', 'WSLENV': 'ELECTRON_RUN_AS_NODE/w:'}), 'shell': False}
[11.831169] (custom_interfaces) StdoutLine: {'line': b'-- Install configuration: ""\n'}
[11.833224] (custom_interfaces) StdoutLine: {'line': b'-- Up-to-date: /home/rehmaan/sensor_fusion/install/custom_interfaces/share/ament_index/resource_index/rosidl_interfaces/custom_interfaces\n'}
[11.833510] (custom_interfaces) StdoutLine: {'line': b'-- Installing: /home/rehmaan/sensor_fusion/install/custom_interfaces/share/custom_interfaces/msg/Battery.json\n'}
[11.834287] (custom_interfaces) StdoutLine: {'line': b'-- Installing: /home/rehmaan/sensor_fusion/install/custom_interfaces/share/custom_interfaces/msg/DistanceSensors.json\n'}
[11.834941] (custom_interfaces) StdoutLine: {'line': b'-- Installing: /home/rehmaan/sensor_fusion/install/custom_interfaces/share/custom_interfaces/msg/Encoder.json\n'}
[11.835080] (custom_interfaces) StdoutLine: {'line': b'-- Installing: /home/rehmaan/sensor_fusion/install/custom_interfaces/share/custom_interfaces/msg/Environment.json\n'}
[11.835394] (custom_interfaces) StdoutLine: {'line': b'-- Installing: /home/rehmaan/sensor_fusion/install/custom_interfaces/share/custom_interfaces/msg/IMU.json\n'}
[11.835921] (custom_interfaces) StdoutLine: {'line': b'-- Installing: /home/rehmaan/sensor_fusion/install/custom_interfaces/share/custom_interfaces/msg/Lidar.json\n'}
[11.836817] (custom_interfaces) StdoutLine: {'line': b'-- Installing: /home/rehmaan/sensor_fusion/install/custom_interfaces/share/custom_interfaces/msg/Motors.json\n'}
[11.837376] (custom_interfaces) StdoutLine: {'line': b'-- Installing: /home/rehmaan/sensor_fusion/install/custom_interfaces/share/custom_interfaces/msg/Odometry.json\n'}
[11.837920] (custom_interfaces) StdoutLine: {'line': b'-- Up-to-date: /home/rehmaan/sensor_fusion/install/custom_interfaces/include/custom_interfaces/custom_interfaces\n'}
[11.838286] (custom_interfaces) StdoutLine: {'line': b'-- Up-to-date: /home/rehmaan/sensor_fusion/install/custom_interfaces/include/custom_interfaces/custom_interfaces/msg\n'}
[11.838654] (custom_interfaces) StdoutLine: {'line': b'-- Installing: /home/rehmaan/sensor_fusion/install/custom_interfaces/include/custom_interfaces/custom_interfaces/msg/imu.h\n'}
[11.838924] (custom_interfaces) StdoutLine: {'line': b'-- Installing: /home/rehmaan/sensor_fusion/install/custom_interfaces/include/custom_interfaces/custom_interfaces/msg/distance_sensors.h\n'}
[11.839326] (custom_interfaces) StdoutLine: {'line': b'-- Installing: /home/rehmaan/sensor_fusion/install/custom_interfaces/include/custom_interfaces/custom_interfaces/msg/encoder.h\n'}
[11.839608] (custom_interfaces) StdoutLine: {'line': b'-- Installing: /home/rehmaan/sensor_fusion/install/custom_interfaces/include/custom_interfaces/custom_interfaces/msg/lidar.h\n'}
[11.840079] (custom_interfaces) StdoutLine: {'line': b'-- Installing: /home/rehmaan/sensor_fusion/install/custom_interfaces/include/custom_interfaces/custom_interfaces/msg/odometry.h\n'}
[11.840427] (custom_interfaces) StdoutLine: {'line': b'-- Installing: /home/rehmaan/sensor_fusion/install/custom_interfaces/include/custom_interfaces/custom_interfaces/msg/environment.h\n'}
[11.840708] (custom_interfaces) StdoutLine: {'line': b'-- Installing: /home/rehmaan/sensor_fusion/install/custom_interfaces/include/custom_interfaces/custom_interfaces/msg/battery.h\n'}
[11.842410] (custom_interfaces) StdoutLine: {'line': b'-- Up-to-date: /home/rehmaan/sensor_fusion/install/custom_interfaces/include/custom_interfaces/custom_interfaces/msg/rosidl_generator_c__visibility_control.h\n'}
[11.842784] (custom_interfaces) StdoutLine: {'line': b'-- Up-to-date: /home/rehmaan/sensor_fusion/install/custom_interfaces/include/custom_interfaces/custom_interfaces/msg/detail\n'}
[11.843119] (custom_interfaces) StdoutLine: {'line': b'-- Installing: /home/rehmaan/sensor_fusion/install/custom_interfaces/include/custom_interfaces/custom_interfaces/msg/detail/imu__functions.c\n'}
[11.843194] (custom_interfaces) StdoutLine: {'line': b'-- Installing: /home/rehmaan/sensor_fusion/install/custom_interfaces/include/custom_interfaces/custom_interfaces/msg/detail/battery__struct.h\n'}
[11.844632] (custom_interfaces) StdoutLine: {'line': b'-- Installing: /home/rehmaan/sensor_fusion/install/custom_interfaces/include/custom_interfaces/custom_interfaces/msg/detail/imu__type_support.h\n'}
[11.845000] (custom_interfaces) StdoutLine: {'line': b'-- Installing: /home/rehmaan/sensor_fusion/install/custom_interfaces/include/custom_interfaces/custom_interfaces/msg/detail/encoder__functions.c\n'}
[11.845444] (custom_interfaces) StdoutLine: {'line': b'-- Installing: /home/rehmaan/sensor_fusion/install/custom_interfaces/include/custom_interfaces/custom_interfaces/msg/detail/encoder__type_support.h\n'}
[11.847543] (custom_interfaces) StdoutLine: {'line': b'-- Installing: /home/rehmaan/sensor_fusion/install/custom_interfaces/include/custom_interfaces/custom_interfaces/msg/detail/motors__type_support.h\n'}
[11.848615] (custom_interfaces) StdoutLine: {'line': b'-- Installing: /home/rehmaan/sensor_fusion/install/custom_interfaces/include/custom_interfaces/custom_interfaces/msg/detail/odometry__struct.h\n'}
[11.850684] (custom_interfaces) StdoutLine: {'line': b'-- Installing: /home/rehmaan/sensor_fusion/install/custom_interfaces/include/custom_interfaces/custom_interfaces/msg/detail/lidar__type_support.h\n'}
[11.851106] (custom_interfaces) StdoutLine: {'line': b'-- Installing: /home/rehmaan/sensor_fusion/install/custom_interfaces/include/custom_interfaces/custom_interfaces/msg/detail/lidar__functions.h\n'}
[11.851645] (custom_interfaces) StdoutLine: {'line': b'-- Installing: /home/rehmaan/sensor_fusion/install/custom_interfaces/include/custom_interfaces/custom_interfaces/msg/detail/distance_sensors__struct.h\n'}
[11.853552] (custom_interfaces) StdoutLine: {'line': b'-- Installing: /home/rehmaan/sensor_fusion/install/custom_interfaces/include/custom_interfaces/custom_interfaces/msg/detail/lidar__type_support.c\n'}
[11.854005] (custom_interfaces) StdoutLine: {'line': b'-- Installing: /home/rehmaan/sensor_fusion/install/custom_interfaces/include/custom_interfaces/custom_interfaces/msg/detail/environment__type_support.c\n'}
[11.854372] (custom_interfaces) StdoutLine: {'line': b'-- Installing: /home/rehmaan/sensor_fusion/install/custom_interfaces/include/custom_interfaces/custom_interfaces/msg/detail/distance_sensors__description.c\n'}
[11.854837] (custom_interfaces) StdoutLine: {'line': b'-- Installing: /home/rehmaan/sensor_fusion/install/custom_interfaces/include/custom_interfaces/custom_interfaces/msg/detail/battery__type_support.h\n'}
[11.855158] (custom_interfaces) StdoutLine: {'line': b'-- Installing: /home/rehmaan/sensor_fusion/install/custom_interfaces/include/custom_interfaces/custom_interfaces/msg/detail/motors__functions.c\n'}
[11.855524] (custom_interfaces) StdoutLine: {'line': b'-- Installing: /home/rehmaan/sensor_fusion/install/custom_interfaces/include/custom_interfaces/custom_interfaces/msg/detail/lidar__functions.c\n'}
[11.856147] (custom_interfaces) StdoutLine: {'line': b'-- Installing: /home/rehmaan/sensor_fusion/install/custom_interfaces/include/custom_interfaces/custom_interfaces/msg/detail/battery__type_support.c\n'}
[11.856599] (custom_interfaces) StdoutLine: {'line': b'-- Installing: /home/rehmaan/sensor_fusion/install/custom_interfaces/include/custom_interfaces/custom_interfaces/msg/detail/imu__description.c\n'}
[11.856816] (custom_interfaces) StdoutLine: {'line': b'-- Installing: /home/rehmaan/sensor_fusion/install/custom_interfaces/include/custom_interfaces/custom_interfaces/msg/detail/environment__struct.h\n'}
[11.857380] (custom_interfaces) StdoutLine: {'line': b'-- Installing: /home/rehmaan/sensor_fusion/install/custom_interfaces/include/custom_interfaces/custom_interfaces/msg/detail/motors__type_support.c\n'}
[11.857791] (custom_interfaces) StdoutLine: {'line': b'-- Installing: /home/rehmaan/sensor_fusion/install/custom_interfaces/include/custom_interfaces/custom_interfaces/msg/detail/encoder__struct.h\n'}
[11.859337] (custom_interfaces) StdoutLine: {'line': b'-- Installing: /home/rehmaan/sensor_fusion/install/custom_interfaces/include/custom_interfaces/custom_interfaces/msg/detail/distance_sensors__functions.h\n'}
[11.861215] (custom_interfaces) StdoutLine: {'line': b'-- Installing: /home/rehmaan/sensor_fusion/install/custom_interfaces/include/custom_interfaces/custom_interfaces/msg/detail/distance_sensors__functions.c\n'}
[11.861755] (custom_interfaces) StdoutLine: {'line': b'-- Installing: /home/rehmaan/sensor_fusion/install/custom_interfaces/include/custom_interfaces/custom_interfaces/msg/detail/imu__type_support.c\n'}
[11.862128] (custom_interfaces) StdoutLine: {'line': b'-- Installing: /home/rehmaan/sensor_fusion/install/custom_interfaces/include/custom_interfaces/custom_interfaces/msg/detail/odometry__functions.c\n'}
[11.862451] (custom_interfaces) StdoutLine: {'line': b'-- Installing: /home/rehmaan/sensor_fusion/install/custom_interfaces/include/custom_interfaces/custom_interfaces/msg/detail/environment__functions.h\n'}
[11.862673] (-) TimerEvent: {}
[11.863167] (custom_interfaces) StdoutLine: {'line': b'-- Installing: /home/rehmaan/sensor_fusion/install/custom_interfaces/include/custom_interfaces/custom_interfaces/msg/detail/motors__functions.h\n'}
[11.863479] (custom_interfaces) StdoutLine: {'line': b'-- Installing: /home/rehmaan/sensor_fusion/install/custom_interfaces/include/custom_interfaces/custom_interfaces/msg/detail/lidar__struct.h\n'}
[11.863586] (custom_interfaces) StdoutLine: {'line': b'-- Installing: /home/rehmaan/sensor_fusion/install/custom_interfaces/include/custom_interfaces/custom_interfaces/msg/detail/odometry__type_support.h\n'}
[11.865356] (custom_interfaces) StdoutLine: {'line': b'-- Installing: /home/rehmaan/sensor_fusion/install/custom_interfaces/include/custom_interfaces/custom_interfaces/msg/detail/environment__type_support.h\n'}
[11.866466] (custom_interfaces) StdoutLine: {'line': b'-- Installing: /home/rehmaan/sensor_fusion/install/custom_interfaces/include/custom_interfaces/custom_interfaces/msg/detail/distance_sensors__type_support.c\n'}
[11.866886] (custom_interfaces) StdoutLine: {'line': b'-- Installing: /home/rehmaan/sensor_fusion/install/custom_interfaces/include/custom_interfaces/custom_interfaces/msg/detail/environment__functions.c\n'}
[11.866983] (custom_interfaces) StdoutLine: {'line': b'-- Installing: /home/rehmaan/sensor_fusion/install/custom_interfaces/include/custom_interfaces/custom_interfaces/msg/detail/distance_sensors__type_support.h\n'}
[11.867496] (custom_interfaces) StdoutLine: {'line': b'-- Installing: /home/rehmaan/sensor_fusion/install/custom_interfaces/include/custom_interfaces/custom_interfaces/msg/detail/battery__description.c\n'}
[11.868372] (custom_interfaces) StdoutLine: {'line': b'-- Installing: /home/rehmaan/sensor_fusion/install/custom_interfaces/include/custom_interfaces/custom_interfaces/msg/detail/encoder__functions.h\n'}
[11.869994] (custom_interfaces) StdoutLine: {'line': b'-- Installing: /home/rehmaan/sensor_fusion/install/custom_interfaces/include/custom_interfaces/custom_interfaces/msg/detail/motors__struct.h\n'}
[11.870569] (custom_interfaces) StdoutLine: {'line': b'-- Installing: /home/rehmaan/sensor_fusion/install/custom_interfaces/include/custom_interfaces/custom_interfaces/msg/detail/odometry__type_support.c\n'}
[11.870962] (custom_interfaces) StdoutLine: {'line': b'-- Installing: /home/rehmaan/sensor_fusion/install/custom_interfaces/include/custom_interfaces/custom_interfaces/msg/detail/battery__functions.h\n'}
[11.871390] (custom_interfaces) StdoutLine: {'line': b'-- Installing: /home/rehmaan/sensor_fusion/install/custom_interfaces/include/custom_interfaces/custom_interfaces/msg/detail/lidar__description.c\n'}
[11.871852] (custom_interfaces) StdoutLine: {'line': b'-- Installing: /home/rehmaan/sensor_fusion/install/custom_interfaces/include/custom_interfaces/custom_interfaces/msg/detail/odometry__functions.h\n'}
[11.873169] (custom_interfaces) StdoutLine: {'line': b'-- Installing: /home/rehmaan/sensor_fusion/install/custom_interfaces/include/custom_interfaces/custom_interfaces/msg/detail/odometry__description.c\n'}
[11.873826] (custom_interfaces) StdoutLine: {'line': b'-- Installing: /home/rehmaan/sensor_fusion/install/custom_interfaces/include/custom_interfaces/custom_interfaces/msg/detail/motors__description.c\n'}
[11.874210] (custom_interfaces) StdoutLine: {'line': b'-- Installing: /home/rehmaan/sensor_fusion/install/custom_interfaces/include/custom_interfaces/custom_interfaces/msg/detail/imu__functions.h\n'}
[11.874786] (custom_interfaces) StdoutLine: {'line': b'-- Installing: /home/rehmaan/sensor_fusion/install/custom_interfaces/include/custom_interfaces/custom_interfaces/msg/detail/battery__functions.c\n'}
[11.875312] (custom_interfaces) StdoutLine: {'line': b'-- Installing: /home/rehmaan/sensor_fusion/install/custom_interfaces/include/custom_interfaces/custom_interfaces/msg/detail/environment__description.c\n'}
[11.875440] (custom_interfaces) StdoutLine: {'line': b'-- Installing: /home/rehmaan/sensor_fusion/install/custom_interfaces/include/custom_interfaces/custom_interfaces/msg/detail/encoder__description.c\n'}
[11.875507] (custom_interfaces) StdoutLine: {'line': b'-- Installing: /home/rehmaan/sensor_fusion/install/custom_interfaces/include/custom_interfaces/custom_interfaces/msg/detail/imu__struct.h\n'}
[11.877077] (custom_interfaces) StdoutLine: {'line': b'-- Installing: /home/rehmaan/sensor_fusion/install/custom_interfaces/include/custom_interfaces/custom_interfaces/msg/detail/encoder__type_support.c\n'}
[11.877544] (custom_interfaces) StdoutLine: {'line': b'-- Installing: /home/rehmaan/sensor_fusion/install/custom_interfaces/include/custom_interfaces/custom_interfaces/msg/motors.h\n'}
[11.878598] (custom_interfaces) StdoutLine: {'line': b'-- Up-to-date: /home/rehmaan/sensor_fusion/install/custom_interfaces/share/custom_interfaces/environment/library_path.sh\n'}
[11.879319] (custom_interfaces) StdoutLine: {'line': b'-- Up-to-date: /home/rehmaan/sensor_fusion/install/custom_interfaces/share/custom_interfaces/environment/library_path.dsv\n'}
[11.879807] (custom_interfaces) StdoutLine: {'line': b'-- Installing: /home/rehmaan/sensor_fusion/install/custom_interfaces/lib/libcustom_interfaces__rosidl_generator_c.so\n'}
[11.881131] (custom_interfaces) StdoutLine: {'line': b'-- Set non-toolchain portion of runtime path of "/home/rehmaan/sensor_fusion/install/custom_interfaces/lib/libcustom_interfaces__rosidl_generator_c.so" to ""\n'}
[11.881839] (custom_interfaces) StdoutLine: {'line': b'-- Up-to-date: /home/rehmaan/sensor_fusion/install/custom_interfaces/include/custom_interfaces/custom_interfaces\n'}
[11.882261] (custom_interfaces) StdoutLine: {'line': b'-- Up-to-date: /home/rehmaan/sensor_fusion/install/custom_interfaces/include/custom_interfaces/custom_interfaces/msg\n'}
[11.882612] (custom_interfaces) StdoutLine: {'line': b'-- Up-to-date: /home/rehmaan/sensor_fusion/install/custom_interfaces/include/custom_interfaces/custom_interfaces/msg/rosidl_typesupport_fastrtps_c__visibility_control.h\n'}
[11.882980] (custom_interfaces) StdoutLine: {'line': b'-- Up-to-date: /home/rehmaan/sensor_fusion/install/custom_interfaces/include/custom_interfaces/custom_interfaces/msg/detail\n'}
[11.883710] (custom_interfaces) StdoutLine: {'line': b'-- Installing: /home/rehmaan/sensor_fusion/install/custom_interfaces/include/custom_interfaces/custom_interfaces/msg/detail/motors__rosidl_typesupport_fastrtps_c.h\n'}
[11.884068] (custom_interfaces) StdoutLine: {'line': b'-- Installing: /home/rehmaan/sensor_fusion/install/custom_interfaces/include/custom_interfaces/custom_interfaces/msg/detail/environment__rosidl_typesupport_fastrtps_c.h\n'}
[11.884565] (custom_interfaces) StdoutLine: {'line': b'-- Installing: /home/rehmaan/sensor_fusion/install/custom_interfaces/include/custom_interfaces/custom_interfaces/msg/detail/distance_sensors__rosidl_typesupport_fastrtps_c.h\n'}
[11.884761] (custom_interfaces) StdoutLine: {'line': b'-- Installing: /home/rehmaan/sensor_fusion/install/custom_interfaces/include/custom_interfaces/custom_interfaces/msg/detail/odometry__rosidl_typesupport_fastrtps_c.h\n'}
[11.885150] (custom_interfaces) StdoutLine: {'line': b'-- Installing: /home/rehmaan/sensor_fusion/install/custom_interfaces/include/custom_interfaces/custom_interfaces/msg/detail/lidar__rosidl_typesupport_fastrtps_c.h\n'}
[11.885304] (custom_interfaces) StdoutLine: {'line': b'-- Installing: /home/rehmaan/sensor_fusion/install/custom_interfaces/include/custom_interfaces/custom_interfaces/msg/detail/battery__rosidl_typesupport_fastrtps_c.h\n'}
[11.885477] (custom_interfaces) StdoutLine: {'line': b'-- Installing: /home/rehmaan/sensor_fusion/install/custom_interfaces/include/custom_interfaces/custom_interfaces/msg/detail/encoder__rosidl_typesupport_fastrtps_c.h\n'}
[11.885961] (custom_interfaces) StdoutLine: {'line': b'-- Installing: /home/rehmaan/sensor_fusion/install/custom_interfaces/include/custom_interfaces/custom_interfaces/msg/detail/imu__rosidl_typesupport_fastrtps_c.h\n'}
[11.886320] (custom_interfaces) StdoutLine: {'line': b'-- Installing: /home/rehmaan/sensor_fusion/install/custom_interfaces/lib/libcustom_interfaces__rosidl_typesupport_fastrtps_c.so\n'}
[11.887154] (custom_interfaces) StdoutLine: {'line': b'-- Set non-toolchain portion of runtime path of "/home/rehmaan/sensor_fusion/install/custom_interfaces/lib/libcustom_interfaces__rosidl_typesupport_fastrtps_c.so" to ""\n'}
[11.887517] (custom_interfaces) StdoutLine: {'line': b'-- Up-to-date: /home/rehmaan/sensor_fusion/install/custom_interfaces/include/custom_interfaces/custom_interfaces\n'}
[11.888109] (custom_interfaces) StdoutLine: {'line': b'-- Up-to-date: /home/rehmaan/sensor_fusion/install/custom_interfaces/include/custom_interfaces/custom_interfaces/msg\n'}
[11.888378] (custom_interfaces) StdoutLine: {'line': b'-- Up-to-date: /home/rehmaan/sensor_fusion/install/custom_interfaces/include/custom_interfaces/custom_interfaces/msg/rosidl_typesupport_introspection_c__visibility_control.h\n'}
[11.888743] (custom_interfaces) StdoutLine: {'line': b'-- Up-to-date: /home/rehmaan/sensor_fusion/install/custom_interfaces/include/custom_interfaces/custom_interfaces/msg/detail\n'}
[11.888884] (custom_interfaces) StdoutLine: {'line': b'-- Installing: /home/rehmaan/sensor_fusion/install/custom_interfaces/include/custom_interfaces/custom_interfaces/msg/detail/encoder__rosidl_typesupport_introspection_c.h\n'}
[11.889128] (custom_interfaces) StdoutLine: {'line': b'-- Installing: /home/rehmaan/sensor_fusion/install/custom_interfaces/include/custom_interfaces/custom_interfaces/msg/detail/lidar__type_support.c\n'}
[11.889486] (custom_interfaces) StdoutLine: {'line': b'-- Installing: /home/rehmaan/sensor_fusion/install/custom_interfaces/include/custom_interfaces/custom_interfaces/msg/detail/environment__type_support.c\n'}
[11.889847] (custom_interfaces) StdoutLine: {'line': b'-- Installing: /home/rehmaan/sensor_fusion/install/custom_interfaces/include/custom_interfaces/custom_interfaces/msg/detail/lidar__rosidl_typesupport_introspection_c.h\n'}
[11.890217] (custom_interfaces) StdoutLine: {'line': b'-- Installing: /home/rehmaan/sensor_fusion/install/custom_interfaces/include/custom_interfaces/custom_interfaces/msg/detail/environment__rosidl_typesupport_introspection_c.h\n'}
[11.890858] (custom_interfaces) StdoutLine: {'line': b'-- Installing: /home/rehmaan/sensor_fusion/install/custom_interfaces/include/custom_interfaces/custom_interfaces/msg/detail/battery__type_support.c\n'}
[11.891305] (custom_interfaces) StdoutLine: {'line': b'-- Installing: /home/rehmaan/sensor_fusion/install/custom_interfaces/include/custom_interfaces/custom_interfaces/msg/detail/motors__type_support.c\n'}
[11.891457] (custom_interfaces) StdoutLine: {'line': b'-- Installing: /home/rehmaan/sensor_fusion/install/custom_interfaces/include/custom_interfaces/custom_interfaces/msg/detail/distance_sensors__rosidl_typesupport_introspection_c.h\n'}
[11.891575] (custom_interfaces) StdoutLine: {'line': b'-- Installing: /home/rehmaan/sensor_fusion/install/custom_interfaces/include/custom_interfaces/custom_interfaces/msg/detail/imu__rosidl_typesupport_introspection_c.h\n'}
[11.891712] (custom_interfaces) StdoutLine: {'line': b'-- Installing: /home/rehmaan/sensor_fusion/install/custom_interfaces/include/custom_interfaces/custom_interfaces/msg/detail/battery__rosidl_typesupport_introspection_c.h\n'}
[11.892130] (custom_interfaces) StdoutLine: {'line': b'-- Installing: /home/rehmaan/sensor_fusion/install/custom_interfaces/include/custom_interfaces/custom_interfaces/msg/detail/imu__type_support.c\n'}
[11.892260] (custom_interfaces) StdoutLine: {'line': b'-- Installing: /home/rehmaan/sensor_fusion/install/custom_interfaces/include/custom_interfaces/custom_interfaces/msg/detail/odometry__rosidl_typesupport_introspection_c.h\n'}
[11.892335] (custom_interfaces) StdoutLine: {'line': b'-- Installing: /home/rehmaan/sensor_fusion/install/custom_interfaces/include/custom_interfaces/custom_interfaces/msg/detail/distance_sensors__type_support.c\n'}
[11.892405] (custom_interfaces) StdoutLine: {'line': b'-- Installing: /home/rehmaan/sensor_fusion/install/custom_interfaces/include/custom_interfaces/custom_interfaces/msg/detail/odometry__type_support.c\n'}
[11.892534] (custom_interfaces) StdoutLine: {'line': b'-- Installing: /home/rehmaan/sensor_fusion/install/custom_interfaces/include/custom_interfaces/custom_interfaces/msg/detail/motors__rosidl_typesupport_introspection_c.h\n'}
[11.892670] (custom_interfaces) StdoutLine: {'line': b'-- Installing: /home/rehmaan/sensor_fusion/install/custom_interfaces/include/custom_interfaces/custom_interfaces/msg/detail/encoder__type_support.c\n'}
[11.893258] (custom_interfaces) StdoutLine: {'line': b'-- Installing: /home/rehmaan/sensor_fusion/install/custom_interfaces/lib/libcustom_interfaces__rosidl_typesupport_introspection_c.so\n'}
[11.893586] (custom_interfaces) StdoutLine: {'line': b'-- Set non-toolchain portion of runtime path of "/home/rehmaan/sensor_fusion/install/custom_interfaces/lib/libcustom_interfaces__rosidl_typesupport_introspection_c.so" to ""\n'}
[11.894022] (custom_interfaces) StdoutLine: {'line': b'-- Installing: /home/rehmaan/sensor_fusion/install/custom_interfaces/lib/libcustom_interfaces__rosidl_typesupport_c.so\n'}
[11.894326] (custom_interfaces) StdoutLine: {'line': b'-- Set non-toolchain portion of runtime path of "/home/rehmaan/sensor_fusion/install/custom_interfaces/lib/libcustom_interfaces__rosidl_typesupport_c.so" to ""\n'}
[11.894708] (custom_interfaces) StdoutLine: {'line': b'-- Up-to-date: /home/rehmaan/sensor_fusion/install/custom_interfaces/include/custom_interfaces/custom_interfaces\n'}
[11.895102] (custom_interfaces) StdoutLine: {'line': b'-- Up-to-date: /home/rehmaan/sensor_fusion/install/custom_interfaces/include/custom_interfaces/custom_interfaces/msg\n'}
[11.895550] (custom_interfaces) StdoutLine: {'line': b'-- Installing: /home/rehmaan/sensor_fusion/install/custom_interfaces/include/custom_interfaces/custom_interfaces/msg/distance_sensors.hpp\n'}
[11.896259] (custom_interfaces) StdoutLine: {'line': b'-- Installing: /home/rehmaan/sensor_fusion/install/custom_interfaces/include/custom_interfaces/custom_interfaces/msg/lidar.hpp\n'}
[11.896652] (custom_interfaces) StdoutLine: {'line': b'-- Installing: /home/rehmaan/sensor_fusion/install/custom_interfaces/include/custom_interfaces/custom_interfaces/msg/motors.hpp\n'}
[11.896801] (custom_interfaces) StdoutLine: {'line': b'-- Installing: /home/rehmaan/sensor_fusion/install/custom_interfaces/include/custom_interfaces/custom_interfaces/msg/imu.hpp\n'}
[11.896937] (custom_interfaces) StdoutLine: {'line': b'-- Installing: /home/rehmaan/sensor_fusion/install/custom_interfaces/include/custom_interfaces/custom_interfaces/msg/battery.hpp\n'}
[11.897146] (custom_interfaces) StdoutLine: {'line': b'-- Up-to-date: /home/rehmaan/sensor_fusion/install/custom_interfaces/include/custom_interfaces/custom_interfaces/msg/detail\n'}
[11.897520] (custom_interfaces) StdoutLine: {'line': b'-- Installing: /home/rehmaan/sensor_fusion/install/custom_interfaces/include/custom_interfaces/custom_interfaces/msg/detail/environment__struct.hpp\n'}
[11.897920] (custom_interfaces) StdoutLine: {'line': b'-- Installing: /home/rehmaan/sensor_fusion/install/custom_interfaces/include/custom_interfaces/custom_interfaces/msg/detail/battery__struct.hpp\n'}
[11.898445] (custom_interfaces) StdoutLine: {'line': b'-- Installing: /home/rehmaan/sensor_fusion/install/custom_interfaces/include/custom_interfaces/custom_interfaces/msg/detail/encoder__traits.hpp\n'}
[11.898920] (custom_interfaces) StdoutLine: {'line': b'-- Installing: /home/rehmaan/sensor_fusion/install/custom_interfaces/include/custom_interfaces/custom_interfaces/msg/detail/imu__type_support.hpp\n'}
[11.899008] (custom_interfaces) StdoutLine: {'line': b'-- Installing: /home/rehmaan/sensor_fusion/install/custom_interfaces/include/custom_interfaces/custom_interfaces/msg/detail/encoder__type_support.hpp\n'}
[11.899075] (custom_interfaces) StdoutLine: {'line': b'-- Installing: /home/rehmaan/sensor_fusion/install/custom_interfaces/include/custom_interfaces/custom_interfaces/msg/detail/odometry__type_support.hpp\n'}
[11.899153] (custom_interfaces) StdoutLine: {'line': b'-- Installing: /home/rehmaan/sensor_fusion/install/custom_interfaces/include/custom_interfaces/custom_interfaces/msg/detail/imu__traits.hpp\n'}
[11.899221] (custom_interfaces) StdoutLine: {'line': b'-- Installing: /home/rehmaan/sensor_fusion/install/custom_interfaces/include/custom_interfaces/custom_interfaces/msg/detail/imu__builder.hpp\n'}
[11.899291] (custom_interfaces) StdoutLine: {'line': b'-- Installing: /home/rehmaan/sensor_fusion/install/custom_interfaces/include/custom_interfaces/custom_interfaces/msg/detail/motors__builder.hpp\n'}
[11.899402] (custom_interfaces) StdoutLine: {'line': b'-- Installing: /home/rehmaan/sensor_fusion/install/custom_interfaces/include/custom_interfaces/custom_interfaces/msg/detail/battery__type_support.hpp\n'}
[11.899797] (custom_interfaces) StdoutLine: {'line': b'-- Installing: /home/rehmaan/sensor_fusion/install/custom_interfaces/include/custom_interfaces/custom_interfaces/msg/detail/odometry__struct.hpp\n'}
[11.900544] (custom_interfaces) StdoutLine: {'line': b'-- Installing: /home/rehmaan/sensor_fusion/install/custom_interfaces/include/custom_interfaces/custom_interfaces/msg/detail/lidar__type_support.hpp\n'}
[11.901030] (custom_interfaces) StdoutLine: {'line': b'-- Installing: /home/rehmaan/sensor_fusion/install/custom_interfaces/include/custom_interfaces/custom_interfaces/msg/detail/motors__traits.hpp\n'}
[11.902019] (custom_interfaces) StdoutLine: {'line': b'-- Installing: /home/rehmaan/sensor_fusion/install/custom_interfaces/include/custom_interfaces/custom_interfaces/msg/detail/environment__traits.hpp\n'}
[11.902251] (custom_interfaces) StdoutLine: {'line': b'-- Installing: /home/rehmaan/sensor_fusion/install/custom_interfaces/include/custom_interfaces/custom_interfaces/msg/detail/odometry__builder.hpp\n'}
[11.902962] (custom_interfaces) StdoutLine: {'line': b'-- Installing: /home/rehmaan/sensor_fusion/install/custom_interfaces/include/custom_interfaces/custom_interfaces/msg/detail/imu__struct.hpp\n'}
[11.903439] (custom_interfaces) StdoutLine: {'line': b'-- Installing: /home/rehmaan/sensor_fusion/install/custom_interfaces/include/custom_interfaces/custom_interfaces/msg/detail/distance_sensors__traits.hpp\n'}
[11.903922] (custom_interfaces) StdoutLine: {'line': b'-- Installing: /home/rehmaan/sensor_fusion/install/custom_interfaces/include/custom_interfaces/custom_interfaces/msg/detail/odometry__traits.hpp\n'}
[11.904253] (custom_interfaces) StdoutLine: {'line': b'-- Installing: /home/rehmaan/sensor_fusion/install/custom_interfaces/include/custom_interfaces/custom_interfaces/msg/detail/lidar__traits.hpp\n'}
[11.904796] (custom_interfaces) StdoutLine: {'line': b'-- Installing: /home/rehmaan/sensor_fusion/install/custom_interfaces/include/custom_interfaces/custom_interfaces/msg/detail/lidar__builder.hpp\n'}
[11.905038] (custom_interfaces) StdoutLine: {'line': b'-- Installing: /home/rehmaan/sensor_fusion/install/custom_interfaces/include/custom_interfaces/custom_interfaces/msg/detail/motors__type_support.hpp\n'}
[11.905482] (custom_interfaces) StdoutLine: {'line': b'-- Installing: /home/rehmaan/sensor_fusion/install/custom_interfaces/include/custom_interfaces/custom_interfaces/msg/detail/distance_sensors__type_support.hpp\n'}
[11.906346] (custom_interfaces) StdoutLine: {'line': b'-- Installing: /home/rehmaan/sensor_fusion/install/custom_interfaces/include/custom_interfaces/custom_interfaces/msg/detail/environment__builder.hpp\n'}
[11.906575] (custom_interfaces) StdoutLine: {'line': b'-- Installing: /home/rehmaan/sensor_fusion/install/custom_interfaces/include/custom_interfaces/custom_interfaces/msg/detail/battery__traits.hpp\n'}
[11.906912] (custom_interfaces) StdoutLine: {'line': b'-- Installing: /home/rehmaan/sensor_fusion/install/custom_interfaces/include/custom_interfaces/custom_interfaces/msg/detail/distance_sensors__struct.hpp\n'}
[11.907446] (custom_interfaces) StdoutLine: {'line': b'-- Installing: /home/rehmaan/sensor_fusion/install/custom_interfaces/include/custom_interfaces/custom_interfaces/msg/detail/encoder__struct.hpp\n'}
[11.907542] (custom_interfaces) StdoutLine: {'line': b'-- Installing: /home/rehmaan/sensor_fusion/install/custom_interfaces/include/custom_interfaces/custom_interfaces/msg/detail/distance_sensors__builder.hpp\n'}
[11.907613] (custom_interfaces) StdoutLine: {'line': b'-- Installing: /home/rehmaan/sensor_fusion/install/custom_interfaces/include/custom_interfaces/custom_interfaces/msg/detail/motors__struct.hpp\n'}
[11.907677] (custom_interfaces) StdoutLine: {'line': b'-- Installing: /home/rehmaan/sensor_fusion/install/custom_interfaces/include/custom_interfaces/custom_interfaces/msg/detail/encoder__builder.hpp\n'}
[11.907746] (custom_interfaces) StdoutLine: {'line': b'-- Installing: /home/rehmaan/sensor_fusion/install/custom_interfaces/include/custom_interfaces/custom_interfaces/msg/detail/lidar__struct.hpp\n'}
[11.907812] (custom_interfaces) StdoutLine: {'line': b'-- Installing: /home/rehmaan/sensor_fusion/install/custom_interfaces/include/custom_interfaces/custom_interfaces/msg/detail/battery__builder.hpp\n'}
[11.907873] (custom_interfaces) StdoutLine: {'line': b'-- Installing: /home/rehmaan/sensor_fusion/install/custom_interfaces/include/custom_interfaces/custom_interfaces/msg/detail/environment__type_support.hpp\n'}
[11.908532] (custom_interfaces) StdoutLine: {'line': b'-- Installing: /home/rehmaan/sensor_fusion/install/custom_interfaces/include/custom_interfaces/custom_interfaces/msg/odometry.hpp\n'}
[11.909068] (custom_interfaces) StdoutLine: {'line': b'-- Installing: /home/rehmaan/sensor_fusion/install/custom_interfaces/include/custom_interfaces/custom_interfaces/msg/rosidl_generator_cpp__visibility_control.hpp\n'}
[11.909754] (custom_interfaces) StdoutLine: {'line': b'-- Installing: /home/rehmaan/sensor_fusion/install/custom_interfaces/include/custom_interfaces/custom_interfaces/msg/encoder.hpp\n'}
[11.910207] (custom_interfaces) StdoutLine: {'line': b'-- Installing: /home/rehmaan/sensor_fusion/install/custom_interfaces/include/custom_interfaces/custom_interfaces/msg/environment.hpp\n'}
[11.910688] (custom_interfaces) StdoutLine: {'line': b'-- Up-to-date: /home/rehmaan/sensor_fusion/install/custom_interfaces/include/custom_interfaces/custom_interfaces\n'}
[11.911215] (custom_interfaces) StdoutLine: {'line': b'-- Up-to-date: /home/rehmaan/sensor_fusion/install/custom_interfaces/include/custom_interfaces/custom_interfaces/msg\n'}
[11.911515] (custom_interfaces) StdoutLine: {'line': b'-- Up-to-date: /home/rehmaan/sensor_fusion/install/custom_interfaces/include/custom_interfaces/custom_interfaces/msg/detail\n'}
[11.911927] (custom_interfaces) StdoutLine: {'line': b'-- Installing: /home/rehmaan/sensor_fusion/install/custom_interfaces/include/custom_interfaces/custom_interfaces/msg/detail/lidar__rosidl_typesupport_fastrtps_cpp.hpp\n'}
[11.912221] (custom_interfaces) StdoutLine: {'line': b'-- Up-to-date: /home/rehmaan/sensor_fusion/install/custom_interfaces/include/custom_interfaces/custom_interfaces/msg/detail/dds_fastrtps\n'}
[11.912515] (custom_interfaces) StdoutLine: {'line': b'-- Installing: /home/rehmaan/sensor_fusion/install/custom_interfaces/include/custom_interfaces/custom_interfaces/msg/detail/imu__rosidl_typesupport_fastrtps_cpp.hpp\n'}
[11.912665] (custom_interfaces) StdoutLine: {'line': b'-- Installing: /home/rehmaan/sensor_fusion/install/custom_interfaces/include/custom_interfaces/custom_interfaces/msg/detail/motors__rosidl_typesupport_fastrtps_cpp.hpp\n'}
[11.912797] (custom_interfaces) StdoutLine: {'line': b'-- Installing: /home/rehmaan/sensor_fusion/install/custom_interfaces/include/custom_interfaces/custom_interfaces/msg/detail/distance_sensors__rosidl_typesupport_fastrtps_cpp.hpp\n'}
[11.913221] (custom_interfaces) StdoutLine: {'line': b'-- Installing: /home/rehmaan/sensor_fusion/install/custom_interfaces/include/custom_interfaces/custom_interfaces/msg/detail/odometry__rosidl_typesupport_fastrtps_cpp.hpp\n'}
[11.913478] (custom_interfaces) StdoutLine: {'line': b'-- Installing: /home/rehmaan/sensor_fusion/install/custom_interfaces/include/custom_interfaces/custom_interfaces/msg/detail/battery__rosidl_typesupport_fastrtps_cpp.hpp\n'}
[11.913621] (custom_interfaces) StdoutLine: {'line': b'-- Installing: /home/rehmaan/sensor_fusion/install/custom_interfaces/include/custom_interfaces/custom_interfaces/msg/detail/environment__rosidl_typesupport_fastrtps_cpp.hpp\n'}
[11.913759] (custom_interfaces) StdoutLine: {'line': b'-- Installing: /home/rehmaan/sensor_fusion/install/custom_interfaces/include/custom_interfaces/custom_interfaces/msg/detail/encoder__rosidl_typesupport_fastrtps_cpp.hpp\n'}
[11.914084] (custom_interfaces) StdoutLine: {'line': b'-- Up-to-date: /home/rehmaan/sensor_fusion/install/custom_interfaces/include/custom_interfaces/custom_interfaces/msg/rosidl_typesupport_fastrtps_cpp__visibility_control.h\n'}
[11.914462] (custom_interfaces) StdoutLine: {'line': b'-- Installing: /home/rehmaan/sensor_fusion/install/custom_interfaces/lib/libcustom_interfaces__rosidl_typesupport_fastrtps_cpp.so\n'}
[11.914768] (custom_interfaces) StdoutLine: {'line': b'-- Set non-toolchain portion of runtime path of "/home/rehmaan/sensor_fusion/install/custom_interfaces/lib/libcustom_interfaces__rosidl_typesupport_fastrtps_cpp.so" to ""\n'}
[11.915024] (custom_interfaces) StdoutLine: {'line': b'-- Up-to-date: /home/rehmaan/sensor_fusion/install/custom_interfaces/include/custom_interfaces/custom_interfaces\n'}
[11.915169] (custom_interfaces) StdoutLine: {'line': b'-- Up-to-date: /home/rehmaan/sensor_fusion/install/custom_interfaces/include/custom_interfaces/custom_interfaces/msg\n'}
[11.915300] (custom_interfaces) StdoutLine: {'line': b'-- Up-to-date: /home/rehmaan/sensor_fusion/install/custom_interfaces/include/custom_interfaces/custom_interfaces/msg/detail\n'}
[11.915637] (custom_interfaces) StdoutLine: {'line': b'-- Installing: /home/rehmaan/sensor_fusion/install/custom_interfaces/include/custom_interfaces/custom_interfaces/msg/detail/distance_sensors__rosidl_typesupport_introspection_cpp.hpp\n'}
[11.916003] (custom_interfaces) StdoutLine: {'line': b'-- Installing: /home/rehmaan/sensor_fusion/install/custom_interfaces/include/custom_interfaces/custom_interfaces/msg/detail/lidar__type_support.cpp\n'}
[11.916363] (custom_interfaces) StdoutLine: {'line': b'-- Installing: /home/rehmaan/sensor_fusion/install/custom_interfaces/include/custom_interfaces/custom_interfaces/msg/detail/encoder__type_support.cpp\n'}
[11.916722] (custom_interfaces) StdoutLine: {'line': b'-- Installing: /home/rehmaan/sensor_fusion/install/custom_interfaces/include/custom_interfaces/custom_interfaces/msg/detail/environment__rosidl_typesupport_introspection_cpp.hpp\n'}
[11.917084] (custom_interfaces) StdoutLine: {'line': b'-- Installing: /home/rehmaan/sensor_fusion/install/custom_interfaces/include/custom_interfaces/custom_interfaces/msg/detail/battery__type_support.cpp\n'}
[11.917476] (custom_interfaces) StdoutLine: {'line': b'-- Installing: /home/rehmaan/sensor_fusion/install/custom_interfaces/include/custom_interfaces/custom_interfaces/msg/detail/battery__rosidl_typesupport_introspection_cpp.hpp\n'}
[11.917854] (custom_interfaces) StdoutLine: {'line': b'-- Installing: /home/rehmaan/sensor_fusion/install/custom_interfaces/include/custom_interfaces/custom_interfaces/msg/detail/odometry__type_support.cpp\n'}
[11.918331] (custom_interfaces) StdoutLine: {'line': b'-- Installing: /home/rehmaan/sensor_fusion/install/custom_interfaces/include/custom_interfaces/custom_interfaces/msg/detail/lidar__rosidl_typesupport_introspection_cpp.hpp\n'}
[11.918704] (custom_interfaces) StdoutLine: {'line': b'-- Installing: /home/rehmaan/sensor_fusion/install/custom_interfaces/include/custom_interfaces/custom_interfaces/msg/detail/motors__type_support.cpp\n'}
[11.919069] (custom_interfaces) StdoutLine: {'line': b'-- Installing: /home/rehmaan/sensor_fusion/install/custom_interfaces/include/custom_interfaces/custom_interfaces/msg/detail/imu__rosidl_typesupport_introspection_cpp.hpp\n'}
[11.919422] (custom_interfaces) StdoutLine: {'line': b'-- Installing: /home/rehmaan/sensor_fusion/install/custom_interfaces/include/custom_interfaces/custom_interfaces/msg/detail/motors__rosidl_typesupport_introspection_cpp.hpp\n'}
[11.919741] (custom_interfaces) StdoutLine: {'line': b'-- Installing: /home/rehmaan/sensor_fusion/install/custom_interfaces/include/custom_interfaces/custom_interfaces/msg/detail/environment__type_support.cpp\n'}
[11.920228] (custom_interfaces) StdoutLine: {'line': b'-- Installing: /home/rehmaan/sensor_fusion/install/custom_interfaces/include/custom_interfaces/custom_interfaces/msg/detail/distance_sensors__type_support.cpp\n'}
[11.920503] (custom_interfaces) StdoutLine: {'line': b'-- Installing: /home/rehmaan/sensor_fusion/install/custom_interfaces/include/custom_interfaces/custom_interfaces/msg/detail/imu__type_support.cpp\n'}
[11.921103] (custom_interfaces) StdoutLine: {'line': b'-- Installing: /home/rehmaan/sensor_fusion/install/custom_interfaces/include/custom_interfaces/custom_interfaces/msg/detail/odometry__rosidl_typesupport_introspection_cpp.hpp\n'}
[11.921326] (custom_interfaces) StdoutLine: {'line': b'-- Installing: /home/rehmaan/sensor_fusion/install/custom_interfaces/include/custom_interfaces/custom_interfaces/msg/detail/encoder__rosidl_typesupport_introspection_cpp.hpp\n'}
[11.921474] (custom_interfaces) StdoutLine: {'line': b'-- Installing: /home/rehmaan/sensor_fusion/install/custom_interfaces/lib/libcustom_interfaces__rosidl_typesupport_introspection_cpp.so\n'}
[11.921606] (custom_interfaces) StdoutLine: {'line': b'-- Set non-toolchain portion of runtime path of "/home/rehmaan/sensor_fusion/install/custom_interfaces/lib/libcustom_interfaces__rosidl_typesupport_introspection_cpp.so" to ""\n'}
[11.921735] (custom_interfaces) StdoutLine: {'line': b'-- Installing: /home/rehmaan/sensor_fusion/install/custom_interfaces/lib/libcustom_interfaces__rosidl_typesupport_cpp.so\n'}
[11.922131] (custom_interfaces) StdoutLine: {'line': b'-- Set non-toolchain portion of runtime path of "/home/rehmaan/sensor_fusion/install/custom_interfaces/lib/libcustom_interfaces__rosidl_typesupport_cpp.so" to ""\n'}
[11.922510] (custom_interfaces) StdoutLine: {'line': b'-- Up-to-date: /home/rehmaan/sensor_fusion/install/custom_interfaces/share/custom_interfaces/environment/pythonpath.sh\n'}
[11.922960] (custom_interfaces) StdoutLine: {'line': b'-- Up-to-date: /home/rehmaan/sensor_fusion/install/custom_interfaces/share/custom_interfaces/environment/pythonpath.dsv\n'}
[11.923386] (custom_interfaces) StdoutLine: {'line': b'-- Up-to-date: /home/rehmaan/sensor_fusion/install/custom_interfaces/lib/python3.12/site-packages/custom_interfaces-0.0.0-py3.12.egg-info\n'}
[11.923854] (custom_interfaces) StdoutLine: {'line': b'-- Installing: /home/rehmaan/sensor_fusion/install/custom_interfaces/lib/python3.12/site-packages/custom_interfaces-0.0.0-py3.12.egg-info/PKG-INFO\n'}
[11.924045] (custom_interfaces) StdoutLine: {'line': b'-- Installing: /home/rehmaan/sensor_fusion/install/custom_interfaces/lib/python3.12/site-packages/custom_interfaces-0.0.0-py3.12.egg-info/SOURCES.txt\n'}
[11.924417] (custom_interfaces) StdoutLine: {'line': b'-- Installing: /home/rehmaan/sensor_fusion/install/custom_interfaces/lib/python3.12/site-packages/custom_interfaces-0.0.0-py3.12.egg-info/dependency_links.txt\n'}
[11.924702] (custom_interfaces) StdoutLine: {'line': b'-- Installing: /home/rehmaan/sensor_fusion/install/custom_interfaces/lib/python3.12/site-packages/custom_interfaces-0.0.0-py3.12.egg-info/top_level.txt\n'}
[11.925068] (custom_interfaces) StdoutLine: {'line': b'-- Up-to-date: /home/rehmaan/sensor_fusion/install/custom_interfaces/lib/python3.12/site-packages/custom_interfaces\n'}
[11.925896] (custom_interfaces) StdoutLine: {'line': b'-- Installing: /home/rehmaan/sensor_fusion/install/custom_interfaces/lib/python3.12/site-packages/custom_interfaces/_custom_interfaces_s.ep.rosidl_typesupport_fastrtps_c.c\n'}
[11.926402] (custom_interfaces) StdoutLine: {'line': b'-- Installing: /home/rehmaan/sensor_fusion/install/custom_interfaces/lib/python3.12/site-packages/custom_interfaces/custom_interfaces_s__rosidl_typesupport_c.so\n'}
[11.926988] (custom_interfaces) StdoutLine: {'line': b'-- Installing: /home/rehmaan/sensor_fusion/install/custom_interfaces/lib/python3.12/site-packages/custom_interfaces/custom_interfaces_s__rosidl_typesupport_introspection_c.so\n'}
[11.927474] (custom_interfaces) StdoutLine: {'line': b'-- Installing: /home/rehmaan/sensor_fusion/install/custom_interfaces/lib/python3.12/site-packages/custom_interfaces/custom_interfaces_s__rosidl_typesupport_fastrtps_c.so\n'}
[11.927876] (custom_interfaces) StdoutLine: {'line': b'-- Installing: /home/rehmaan/sensor_fusion/install/custom_interfaces/lib/python3.12/site-packages/custom_interfaces/_custom_interfaces_s.ep.rosidl_typesupport_introspection_c.c\n'}
[11.928273] (custom_interfaces) StdoutLine: {'line': b'-- Installing: /home/rehmaan/sensor_fusion/install/custom_interfaces/lib/python3.12/site-packages/custom_interfaces/__init__.py\n'}
[11.928452] (custom_interfaces) StdoutLine: {'line': b'-- Installing: /home/rehmaan/sensor_fusion/install/custom_interfaces/lib/python3.12/site-packages/custom_interfaces/_custom_interfaces_s.ep.rosidl_typesupport_c.c\n'}
[11.928589] (custom_interfaces) StdoutLine: {'line': b'-- Up-to-date: /home/rehmaan/sensor_fusion/install/custom_interfaces/lib/python3.12/site-packages/custom_interfaces/msg\n'}
[11.928718] (custom_interfaces) StdoutLine: {'line': b'-- Installing: /home/rehmaan/sensor_fusion/install/custom_interfaces/lib/python3.12/site-packages/custom_interfaces/msg/_imu.py\n'}
[11.928845] (custom_interfaces) StdoutLine: {'line': b'-- Installing: /home/rehmaan/sensor_fusion/install/custom_interfaces/lib/python3.12/site-packages/custom_interfaces/msg/_environment.py\n'}
[11.929240] (custom_interfaces) StdoutLine: {'line': b'-- Installing: /home/rehmaan/sensor_fusion/install/custom_interfaces/lib/python3.12/site-packages/custom_interfaces/msg/_battery.py\n'}
[11.929449] (custom_interfaces) StdoutLine: {'line': b'-- Installing: /home/rehmaan/sensor_fusion/install/custom_interfaces/lib/python3.12/site-packages/custom_interfaces/msg/_battery_s.c\n'}
[11.929616] (custom_interfaces) StdoutLine: {'line': b'-- Installing: /home/rehmaan/sensor_fusion/install/custom_interfaces/lib/python3.12/site-packages/custom_interfaces/msg/_odometry_s.c\n'}
[11.929746] (custom_interfaces) StdoutLine: {'line': b'-- Installing: /home/rehmaan/sensor_fusion/install/custom_interfaces/lib/python3.12/site-packages/custom_interfaces/msg/_environment_s.c\n'}
[11.929867] (custom_interfaces) StdoutLine: {'line': b'-- Installing: /home/rehmaan/sensor_fusion/install/custom_interfaces/lib/python3.12/site-packages/custom_interfaces/msg/_odometry.py\n'}
[11.930283] (custom_interfaces) StdoutLine: {'line': b'-- Installing: /home/rehmaan/sensor_fusion/install/custom_interfaces/lib/python3.12/site-packages/custom_interfaces/msg/_imu_s.c\n'}
[11.930814] (custom_interfaces) StdoutLine: {'line': b'-- Installing: /home/rehmaan/sensor_fusion/install/custom_interfaces/lib/python3.12/site-packages/custom_interfaces/msg/_motors.py\n'}
[11.930978] (custom_interfaces) StdoutLine: {'line': b'-- Installing: /home/rehmaan/sensor_fusion/install/custom_interfaces/lib/python3.12/site-packages/custom_interfaces/msg/_distance_sensors.py\n'}
[11.931247] (custom_interfaces) StdoutLine: {'line': b'-- Installing: /home/rehmaan/sensor_fusion/install/custom_interfaces/lib/python3.12/site-packages/custom_interfaces/msg/__init__.py\n'}
[11.931472] (custom_interfaces) StdoutLine: {'line': b'-- Installing: /home/rehmaan/sensor_fusion/install/custom_interfaces/lib/python3.12/site-packages/custom_interfaces/msg/_encoder_s.c\n'}
[11.931618] (custom_interfaces) StdoutLine: {'line': b'-- Installing: /home/rehmaan/sensor_fusion/install/custom_interfaces/lib/python3.12/site-packages/custom_interfaces/msg/_distance_sensors_s.c\n'}
[11.931758] (custom_interfaces) StdoutLine: {'line': b'-- Installing: /home/rehmaan/sensor_fusion/install/custom_interfaces/lib/python3.12/site-packages/custom_interfaces/msg/_encoder.py\n'}
[11.931910] (custom_interfaces) StdoutLine: {'line': b'-- Installing: /home/rehmaan/sensor_fusion/install/custom_interfaces/lib/python3.12/site-packages/custom_interfaces/msg/_motors_s.c\n'}
[11.932049] (custom_interfaces) StdoutLine: {'line': b'-- Installing: /home/rehmaan/sensor_fusion/install/custom_interfaces/lib/python3.12/site-packages/custom_interfaces/msg/_lidar.py\n'}
[11.932183] (custom_interfaces) StdoutLine: {'line': b'-- Installing: /home/rehmaan/sensor_fusion/install/custom_interfaces/lib/python3.12/site-packages/custom_interfaces/msg/_lidar_s.c\n'}
[11.962949] (-) TimerEvent: {}
[12.037436] (custom_interfaces) StdoutLine: {'line': b"Listing '/home/rehmaan/sensor_fusion/install/custom_interfaces/lib/python3.12/site-packages/custom_interfaces'...\n"}
[12.038013] (custom_interfaces) StdoutLine: {'line': b"Compiling '/home/rehmaan/sensor_fusion/install/custom_interfaces/lib/python3.12/site-packages/custom_interfaces/__init__.py'...\n"}
[12.038210] (custom_interfaces) StdoutLine: {'line': b"Listing '/home/rehmaan/sensor_fusion/install/custom_interfaces/lib/python3.12/site-packages/custom_interfaces/msg'...\n"}
[12.038363] (custom_interfaces) StdoutLine: {'line': b"Compiling '/home/rehmaan/sensor_fusion/install/custom_interfaces/lib/python3.12/site-packages/custom_interfaces/msg/__init__.py'...\n"}
[12.038504] (custom_interfaces) StdoutLine: {'line': b"Compiling '/home/rehmaan/sensor_fusion/install/custom_interfaces/lib/python3.12/site-packages/custom_interfaces/msg/_battery.py'...\n"}
[12.038655] (custom_interfaces) StdoutLine: {'line': b"Compiling '/home/rehmaan/sensor_fusion/install/custom_interfaces/lib/python3.12/site-packages/custom_interfaces/msg/_distance_sensors.py'...\n"}
[12.038809] (custom_interfaces) StdoutLine: {'line': b"Compiling '/home/rehmaan/sensor_fusion/install/custom_interfaces/lib/python3.12/site-packages/custom_interfaces/msg/_encoder.py'...\n"}
[12.038982] (custom_interfaces) StdoutLine: {'line': b"Compiling '/home/rehmaan/sensor_fusion/install/custom_interfaces/lib/python3.12/site-packages/custom_interfaces/msg/_environment.py'...\n"}
[12.039231] (custom_interfaces) StdoutLine: {'line': b"Compiling '/home/rehmaan/sensor_fusion/install/custom_interfaces/lib/python3.12/site-packages/custom_interfaces/msg/_imu.py'...\n"}
[12.039412] (custom_interfaces) StdoutLine: {'line': b"Compiling '/home/rehmaan/sensor_fusion/install/custom_interfaces/lib/python3.12/site-packages/custom_interfaces/msg/_lidar.py'...\n"}
[12.039568] (custom_interfaces) StdoutLine: {'line': b"Compiling '/home/rehmaan/sensor_fusion/install/custom_interfaces/lib/python3.12/site-packages/custom_interfaces/msg/_motors.py'...\n"}
[12.039723] (custom_interfaces) StdoutLine: {'line': b"Compiling '/home/rehmaan/sensor_fusion/install/custom_interfaces/lib/python3.12/site-packages/custom_interfaces/msg/_odometry.py'...\n"}
[12.049281] (custom_interfaces) StdoutLine: {'line': b'-- Installing: /home/rehmaan/sensor_fusion/install/custom_interfaces/lib/python3.12/site-packages/custom_interfaces/custom_interfaces_s__rosidl_typesupport_fastrtps_c.so\n'}
[12.049615] (custom_interfaces) StdoutLine: {'line': b'-- Set non-toolchain portion of runtime path of "/home/rehmaan/sensor_fusion/install/custom_interfaces/lib/python3.12/site-packages/custom_interfaces/custom_interfaces_s__rosidl_typesupport_fastrtps_c.so" to ""\n'}
[12.050302] (custom_interfaces) StdoutLine: {'line': b'-- Installing: /home/rehmaan/sensor_fusion/install/custom_interfaces/lib/python3.12/site-packages/custom_interfaces/custom_interfaces_s__rosidl_typesupport_introspection_c.so\n'}
[12.050832] (custom_interfaces) StdoutLine: {'line': b'-- Set non-toolchain portion of runtime path of "/home/rehmaan/sensor_fusion/install/custom_interfaces/lib/python3.12/site-packages/custom_interfaces/custom_interfaces_s__rosidl_typesupport_introspection_c.so" to ""\n'}
[12.051608] (custom_interfaces) StdoutLine: {'line': b'-- Installing: /home/rehmaan/sensor_fusion/install/custom_interfaces/lib/python3.12/site-packages/custom_interfaces/custom_interfaces_s__rosidl_typesupport_c.so\n'}
[12.052104] (custom_interfaces) StdoutLine: {'line': b'-- Set non-toolchain portion of runtime path of "/home/rehmaan/sensor_fusion/install/custom_interfaces/lib/python3.12/site-packages/custom_interfaces/custom_interfaces_s__rosidl_typesupport_c.so" to ""\n'}
[12.052290] (custom_interfaces) StdoutLine: {'line': b'-- Installing: /home/rehmaan/sensor_fusion/install/custom_interfaces/lib/libcustom_interfaces__rosidl_generator_py.so\n'}
[12.052941] (custom_interfaces) StdoutLine: {'line': b'-- Set non-toolchain portion of runtime path of "/home/rehmaan/sensor_fusion/install/custom_interfaces/lib/libcustom_interfaces__rosidl_generator_py.so" to ""\n'}
[12.053742] (custom_interfaces) StdoutLine: {'line': b'-- Installing: /home/rehmaan/sensor_fusion/install/custom_interfaces/share/custom_interfaces/msg/Battery.idl\n'}
[12.054497] (custom_interfaces) StdoutLine: {'line': b'-- Up-to-date: /home/rehmaan/sensor_fusion/install/custom_interfaces/share/custom_interfaces/msg/DistanceSensors.idl\n'}
[12.054917] (custom_interfaces) StdoutLine: {'line': b'-- Up-to-date: /home/rehmaan/sensor_fusion/install/custom_interfaces/share/custom_interfaces/msg/Encoder.idl\n'}
[12.055594] (custom_interfaces) StdoutLine: {'line': b'-- Up-to-date: /home/rehmaan/sensor_fusion/install/custom_interfaces/share/custom_interfaces/msg/Environment.idl\n'}
[12.055813] (custom_interfaces) StdoutLine: {'line': b'-- Up-to-date: /home/rehmaan/sensor_fusion/install/custom_interfaces/share/custom_interfaces/msg/IMU.idl\n'}
[12.055945] (custom_interfaces) StdoutLine: {'line': b'-- Up-to-date: /home/rehmaan/sensor_fusion/install/custom_interfaces/share/custom_interfaces/msg/Lidar.idl\n'}
[12.056088] (custom_interfaces) StdoutLine: {'line': b'-- Up-to-date: /home/rehmaan/sensor_fusion/install/custom_interfaces/share/custom_interfaces/msg/Motors.idl\n'}
[12.056517] (custom_interfaces) StdoutLine: {'line': b'-- Up-to-date: /home/rehmaan/sensor_fusion/install/custom_interfaces/share/custom_interfaces/msg/Odometry.idl\n'}
[12.056654] (custom_interfaces) StdoutLine: {'line': b'-- Installing: /home/rehmaan/sensor_fusion/install/custom_interfaces/share/custom_interfaces/msg/Battery.msg\n'}
[12.056757] (custom_interfaces) StdoutLine: {'line': b'-- Up-to-date: /home/rehmaan/sensor_fusion/install/custom_interfaces/share/custom_interfaces/msg/DistanceSensors.msg\n'}
[12.056868] (custom_interfaces) StdoutLine: {'line': b'-- Up-to-date: /home/rehmaan/sensor_fusion/install/custom_interfaces/share/custom_interfaces/msg/Encoder.msg\n'}
[12.056977] (custom_interfaces) StdoutLine: {'line': b'-- Up-to-date: /home/rehmaan/sensor_fusion/install/custom_interfaces/share/custom_interfaces/msg/Environment.msg\n'}
[12.057085] (custom_interfaces) StdoutLine: {'line': b'-- Up-to-date: /home/rehmaan/sensor_fusion/install/custom_interfaces/share/custom_interfaces/msg/IMU.msg\n'}
[12.057212] (custom_interfaces) StdoutLine: {'line': b'-- Up-to-date: /home/rehmaan/sensor_fusion/install/custom_interfaces/share/custom_interfaces/msg/Lidar.msg\n'}
[12.057323] (custom_interfaces) StdoutLine: {'line': b'-- Up-to-date: /home/rehmaan/sensor_fusion/install/custom_interfaces/share/custom_interfaces/msg/Motors.msg\n'}
[12.057430] (custom_interfaces) StdoutLine: {'line': b'-- Up-to-date: /home/rehmaan/sensor_fusion/install/custom_interfaces/share/custom_interfaces/msg/Odometry.msg\n'}
[12.057553] (custom_interfaces) StdoutLine: {'line': b'-- Up-to-date: /home/rehmaan/sensor_fusion/install/custom_interfaces/share/ament_index/resource_index/package_run_dependencies/custom_interfaces\n'}
[12.057672] (custom_interfaces) StdoutLine: {'line': b'-- Installing: /home/rehmaan/sensor_fusion/install/custom_interfaces/share/ament_index/resource_index/parent_prefix_path/custom_interfaces\n'}
[12.058380] (custom_interfaces) StdoutLine: {'line': b'-- Up-to-date: /home/rehmaan/sensor_fusion/install/custom_interfaces/share/custom_interfaces/environment/ament_prefix_path.sh\n'}
[12.058941] (custom_interfaces) StdoutLine: {'line': b'-- Up-to-date: /home/rehmaan/sensor_fusion/install/custom_interfaces/share/custom_interfaces/environment/ament_prefix_path.dsv\n'}
[12.059417] (custom_interfaces) StdoutLine: {'line': b'-- Up-to-date: /home/rehmaan/sensor_fusion/install/custom_interfaces/share/custom_interfaces/environment/path.sh\n'}
[12.060247] (custom_interfaces) StdoutLine: {'line': b'-- Up-to-date: /home/rehmaan/sensor_fusion/install/custom_interfaces/share/custom_interfaces/environment/path.dsv\n'}
[12.060512] (custom_interfaces) StdoutLine: {'line': b'-- Up-to-date: /home/rehmaan/sensor_fusion/install/custom_interfaces/share/custom_interfaces/local_setup.bash\n'}
[12.060707] (custom_interfaces) StdoutLine: {'line': b'-- Up-to-date: /home/rehmaan/sensor_fusion/install/custom_interfaces/share/custom_interfaces/local_setup.sh\n'}
[12.060942] (custom_interfaces) StdoutLine: {'line': b'-- Up-to-date: /home/rehmaan/sensor_fusion/install/custom_interfaces/share/custom_interfaces/local_setup.zsh\n'}
[12.061495] (custom_interfaces) StdoutLine: {'line': b'-- Up-to-date: /home/rehmaan/sensor_fusion/install/custom_interfaces/share/custom_interfaces/local_setup.dsv\n'}
[12.061699] (custom_interfaces) StdoutLine: {'line': b'-- Installing: /home/rehmaan/sensor_fusion/install/custom_interfaces/share/custom_interfaces/package.dsv\n'}
[12.061961] (custom_interfaces) StdoutLine: {'line': b'-- Up-to-date: /home/rehmaan/sensor_fusion/install/custom_interfaces/share/ament_index/resource_index/packages/custom_interfaces\n'}
[12.062428] (custom_interfaces) StdoutLine: {'line': b'-- Up-to-date: /home/rehmaan/sensor_fusion/install/custom_interfaces/share/custom_interfaces/cmake/export_custom_interfaces__rosidl_generator_cExport.cmake\n'}
[12.062932] (custom_interfaces) StdoutLine: {'line': b'-- Up-to-date: /home/rehmaan/sensor_fusion/install/custom_interfaces/share/custom_interfaces/cmake/export_custom_interfaces__rosidl_generator_cExport-noconfig.cmake\n'}
[12.063718] (-) TimerEvent: {}
[12.064207] (custom_interfaces) StdoutLine: {'line': b'-- Up-to-date: /home/rehmaan/sensor_fusion/install/custom_interfaces/share/custom_interfaces/cmake/export_custom_interfaces__rosidl_typesupport_fastrtps_cExport.cmake\n'}
[12.064593] (custom_interfaces) StdoutLine: {'line': b'-- Up-to-date: /home/rehmaan/sensor_fusion/install/custom_interfaces/share/custom_interfaces/cmake/export_custom_interfaces__rosidl_typesupport_fastrtps_cExport-noconfig.cmake\n'}
[12.065465] (custom_interfaces) StdoutLine: {'line': b'-- Up-to-date: /home/rehmaan/sensor_fusion/install/custom_interfaces/share/custom_interfaces/cmake/custom_interfaces__rosidl_typesupport_introspection_cExport.cmake\n'}
[12.065829] (custom_interfaces) StdoutLine: {'line': b'-- Up-to-date: /home/rehmaan/sensor_fusion/install/custom_interfaces/share/custom_interfaces/cmake/custom_interfaces__rosidl_typesupport_introspection_cExport-noconfig.cmake\n'}
[12.066068] (custom_interfaces) StdoutLine: {'line': b'-- Up-to-date: /home/rehmaan/sensor_fusion/install/custom_interfaces/share/custom_interfaces/cmake/custom_interfaces__rosidl_typesupport_cExport.cmake\n'}
[12.066536] (custom_interfaces) StdoutLine: {'line': b'-- Up-to-date: /home/rehmaan/sensor_fusion/install/custom_interfaces/share/custom_interfaces/cmake/custom_interfaces__rosidl_typesupport_cExport-noconfig.cmake\n'}
[12.066980] (custom_interfaces) StdoutLine: {'line': b'-- Up-to-date: /home/rehmaan/sensor_fusion/install/custom_interfaces/share/custom_interfaces/cmake/export_custom_interfaces__rosidl_generator_cppExport.cmake\n'}
[12.067177] (custom_interfaces) StdoutLine: {'line': b'-- Up-to-date: /home/rehmaan/sensor_fusion/install/custom_interfaces/share/custom_interfaces/cmake/export_custom_interfaces__rosidl_typesupport_fastrtps_cppExport.cmake\n'}
[12.067345] (custom_interfaces) StdoutLine: {'line': b'-- Up-to-date: /home/rehmaan/sensor_fusion/install/custom_interfaces/share/custom_interfaces/cmake/export_custom_interfaces__rosidl_typesupport_fastrtps_cppExport-noconfig.cmake\n'}
[12.067506] (custom_interfaces) StdoutLine: {'line': b'-- Up-to-date: /home/rehmaan/sensor_fusion/install/custom_interfaces/share/custom_interfaces/cmake/custom_interfaces__rosidl_typesupport_introspection_cppExport.cmake\n'}
[12.067804] (custom_interfaces) StdoutLine: {'line': b'-- Up-to-date: /home/rehmaan/sensor_fusion/install/custom_interfaces/share/custom_interfaces/cmake/custom_interfaces__rosidl_typesupport_introspection_cppExport-noconfig.cmake\n'}
[12.067965] (custom_interfaces) StdoutLine: {'line': b'-- Up-to-date: /home/rehmaan/sensor_fusion/install/custom_interfaces/share/custom_interfaces/cmake/custom_interfaces__rosidl_typesupport_cppExport.cmake\n'}
[12.068132] (custom_interfaces) StdoutLine: {'line': b'-- Up-to-date: /home/rehmaan/sensor_fusion/install/custom_interfaces/share/custom_interfaces/cmake/custom_interfaces__rosidl_typesupport_cppExport-noconfig.cmake\n'}
[12.068316] (custom_interfaces) StdoutLine: {'line': b'-- Up-to-date: /home/rehmaan/sensor_fusion/install/custom_interfaces/share/custom_interfaces/cmake/export_custom_interfaces__rosidl_generator_pyExport.cmake\n'}
[12.068496] (custom_interfaces) StdoutLine: {'line': b'-- Up-to-date: /home/rehmaan/sensor_fusion/install/custom_interfaces/share/custom_interfaces/cmake/export_custom_interfaces__rosidl_generator_pyExport-noconfig.cmake\n'}
[12.068747] (custom_interfaces) StdoutLine: {'line': b'-- Up-to-date: /home/rehmaan/sensor_fusion/install/custom_interfaces/share/custom_interfaces/cmake/rosidl_cmake-extras.cmake\n'}
[12.068910] (custom_interfaces) StdoutLine: {'line': b'-- Up-to-date: /home/rehmaan/sensor_fusion/install/custom_interfaces/share/custom_interfaces/cmake/ament_cmake_export_include_directories-extras.cmake\n'}
[12.069062] (custom_interfaces) StdoutLine: {'line': b'-- Up-to-date: /home/rehmaan/sensor_fusion/install/custom_interfaces/share/custom_interfaces/cmake/ament_cmake_export_libraries-extras.cmake\n'}
[12.069738] (custom_interfaces) StdoutLine: {'line': b'-- Up-to-date: /home/rehmaan/sensor_fusion/install/custom_interfaces/share/custom_interfaces/cmake/ament_cmake_export_targets-extras.cmake\n'}
[12.070205] (custom_interfaces) StdoutLine: {'line': b'-- Up-to-date: /home/rehmaan/sensor_fusion/install/custom_interfaces/share/custom_interfaces/cmake/rosidl_cmake_export_typesupport_targets-extras.cmake\n'}
[12.070662] (custom_interfaces) StdoutLine: {'line': b'-- Up-to-date: /home/rehmaan/sensor_fusion/install/custom_interfaces/share/custom_interfaces/cmake/ament_cmake_export_dependencies-extras.cmake\n'}
[12.071192] (custom_interfaces) StdoutLine: {'line': b'-- Up-to-date: /home/rehmaan/sensor_fusion/install/custom_interfaces/share/custom_interfaces/cmake/rosidl_cmake_export_typesupport_libraries-extras.cmake\n'}
[12.071745] (custom_interfaces) StdoutLine: {'line': b'-- Up-to-date: /home/rehmaan/sensor_fusion/install/custom_interfaces/share/custom_interfaces/cmake/custom_interfacesConfig.cmake\n'}
[12.072200] (custom_interfaces) StdoutLine: {'line': b'-- Up-to-date: /home/rehmaan/sensor_fusion/install/custom_interfaces/share/custom_interfaces/cmake/custom_interfacesConfig-version.cmake\n'}
[12.073236] (custom_interfaces) StdoutLine: {'line': b'-- Up-to-date: /home/rehmaan/sensor_fusion/install/custom_interfaces/share/custom_interfaces/package.xml\n'}
[12.076696] (custom_interfaces) CommandEnded: {'returncode': 0}
[12.128234] (custom_interfaces) JobEnded: {'identifier': 'custom_interfaces', 'rc': 0}
[12.131421] (-) EventReactorShutdown: {}
