[0.000000] (-) TimerEvent: {}
[0.000496] (custom_interfaces) JobQueued: {'identifier': 'custom_interfaces', 'dependencies': OrderedDict()}
[0.000583] (sensors_data) JobQueued: {'identifier': 'sensors_data', 'dependencies': OrderedDict({'custom_interfaces': '/home/rehmaan/sensor_fusion/install/custom_interfaces'})}
[0.000633] (custom_interfaces) JobStarted: {'identifier': 'custom_interfaces'}
[0.013301] (custom_interfaces) JobProgress: {'identifier': 'custom_interfaces', 'progress': 'cmake'}
[0.014950] (custom_interfaces) JobProgress: {'identifier': 'custom_interfaces', 'progress': 'build'}
[0.015199] (custom_interfaces) Command: {'cmd': ['/usr/bin/cmake', '--build', '/home/rehmaan/sensor_fusion/build/custom_interfaces', '--', '-j12', '-l12'], 'cwd': '/home/rehmaan/sensor_fusion/build/custom_interfaces', 'env': OrderedDict({'PYTHON_BASIC_REPL': '1', 'LESSOPEN': '| /usr/bin/lesspipe %s', 'USER': 'rehmaan', 'GIT_ASKPASS': '/home/rehmaan/.vscode-server/bin/07ff9d6178ede9a1bd12ad3399074d726ebe6e43/extensions/git/dist/askpass.sh', 'SHLVL': '2', 'LD_LIBRARY_PATH': '/home/rehmaan/sensor_fusion/install/custom_interfaces/lib:/home/rehmaan/ros2-projects/install/my_robot_interfaces/lib:/home/rehmaan/ros2/install/my_custom_interfaces/lib:/opt/ros/jazzy/opt/rviz_ogre_vendor/lib:/opt/ros/jazzy/lib/x86_64-linux-gnu:/opt/ros/jazzy/opt/gz_math_vendor/lib:/opt/ros/jazzy/opt/gz_utils_vendor/lib:/opt/ros/jazzy/opt/gz_cmake_vendor/lib:/opt/ros/jazzy/lib', 'MOTD_SHOWN': 'update-motd', 'HOME': '/home/rehmaan', 'TERM_PROGRAM_VERSION': '1.112.0', 'VSCODE_IPC_HOOK_CLI': '/run/user/1000/vscode-ipc-a49f383f-9d82-4a2f-b984-b9a73b3abcf2.sock', 'ROS_PYTHON_VERSION': '3', 'VSCODE_GIT_ASKPASS_MAIN': '/home/rehmaan/.vscode-server/bin/07ff9d6178ede9a1bd12ad3399074d726ebe6e43/extensions/git/dist/askpass-main.js', 'VSCODE_GIT_ASKPASS_NODE': '/home/rehmaan/.vscode-server/bin/07ff9d6178ede9a1bd12ad3399074d726ebe6e43/node', 'PYDEVD_DISABLE_FILE_VALIDATION': '1', 'BUNDLED_DEBUGPY_PATH': '/home/rehmaan/.vscode-server/extensions/ms-python.debugpy-2025.18.0-linux-x64/bundled/libs/debugpy', 'VSCODE_PYTHON_AUTOACTIVATE_GUARD': '1', 'DBUS_SESSION_BUS_ADDRESS': 'unix:path=/run/user/1000/bus', 'COLORTERM': 'truecolor', 'WSL_DISTRO_NAME': 'Ubuntu-24.04', 'WAYLAND_DISPLAY': 'wayland-0', 'COLCON_PREFIX_PATH': '/home/rehmaan/sensor_fusion/install:/home/rehmaan/ros2-projects/install:/home/rehmaan/ros2-projects/src/my_cpp_pkg/install:/home/rehmaan/ros2/install', 'ROS_DISTRO': 'jazzy', 'LOGNAME': 'rehmaan', 'NAME': 'Code', 'WSL_INTEROP': '/run/WSL/604_interop', 'PULSE_SERVER': 'unix:/mnt/wslg/PulseServer', '_': '/usr/bin/colcon', 'ROS_VERSION': '2', 'TERM': 'xterm-256color', 'PATH': '/home/rehmaan/.vscode-server/data/User/globalStorage/github.copilot-chat/debugCommand:/home/rehmaan/.vscode-server/data/User/globalStorage/github.copilot-chat/copilotCli:/home/rehmaan/.vscode-server/bin/07ff9d6178ede9a1bd12ad3399074d726ebe6e43/bin/remote-cli:/home/rehmaan/.local/bin:/home/rehmaan/ros2-projects/src/my_cpp_pkg/install/my_cpp_pkg/bin:/opt/ros/jazzy/bin:/usr/local/sbin:/usr/local/bin:/usr/sbin:/usr/bin:/sbin:/bin:/usr/games:/usr/local/games:/usr/lib/wsl/lib:/mnt/c/Program Files/WindowsApps/MicrosoftCorporationII.WindowsSubsystemForLinux_2.4.11.0_x64__8wekyb3d8bbwe:/mnt/c/Program Files/Python312/:/mnt/c/WINDOWS/system32:/mnt/c/WINDOWS:/mnt/c/WINDOWS/System32/Wbem:/mnt/c/WINDOWS/System32/WindowsPowerShell/v1.0/:/mnt/c/WINDOWS/System32/OpenSSH/:/mnt/c/Program Files/Microsoft SQL Server/150/Tools/Binn/:/mnt/c/Program Files/Microsoft SQL Server/Client SDK/ODBC/170/Tools/Binn/:/mnt/c/Program Files/dotnet/:/mnt/c/Program Files/Microsoft VS Code/bin:/mnt/c/Program Files (x86)/Microsoft SQL Server/160/Tools/Binn/:/mnt/c/Program Files/Microsoft SQL Server/160/Tools/Binn/:/mnt/c/Program Files/Microsoft SQL Server/160/DTS/Binn/:/mnt/c/Program Files (x86)/Microsoft SQL Server/160/DTS/Binn/:/mnt/c/Users/Imdadul.Rehmaan/AppData/Roaming/nvm:/mnt/c/nvm:/mnt/c/ProgramData/chocolatey/bin:/mnt/c/Program Files (x86)/Windows Kits/10/Windows Performance Toolkit/:/mnt/c/Program Files/TortoiseGit/bin:/mnt/c/Program Files/usbipd-win/:/mnt/c/Program Files/PuTTY/:/mnt/c/Program Files/nodejs/:/mnt/c/Program Files/GitHub CLI/:/mnt/c/Users/Imdadul.Rehmaan/scoop/apps/git/current/bin:/mnt/c/Users/Imdadul.Rehmaan/scoop/shims:/mnt/c/Users/Imdadul.Rehmaan/AppData/Local/Microsoft/WindowsApps:/mnt/c/Users/Imdadul.Rehmaan/.dotnet/tools:/mnt/c/Users/Imdadul.Rehmaan/AppData/Roaming/npm:/mnt/c/Users/Imdadul.Rehmaan/AppData/Local/Programs/Git/cmd:/mnt/c/Users/Imdadul.Rehmaan/AppData/Roaming/nvm:/mnt/c/nvm:/mnt/c/tools/flutter/bin:/mnt/c/Users/Imdadul.Rehmaan/AppData/Local/Pub/Cache/bin:/mnt/c/Android/cmdline-tools/latest/bin:/mnt/c/Android/platform-tools:/mnt/c/Users/Imdadul.Rehmaan/mingw64/bin:/snap/bin:/home/rehmaan/.vscode-server/extensions/ms-python.debugpy-2025.18.0-linux-x64/bundled/scripts/noConfigScripts', 'XDG_RUNTIME_DIR': '/run/user/1000/', 'DISPLAY': ':0', 'VSCODE_DEBUGPY_ADAPTER_ENDPOINTS': '/home/rehmaan/.vscode-server/extensions/ms-python.debugpy-2025.18.0-linux-x64/.noConfigDebugAdapterEndpoints/endpoint-5eef2bab757dd9f7.txt', 'LANG': 'en_US.UTF-8', 'PYTHONSTARTUP': '/home/rehmaan/.vscode-server/data/User/workspaceStorage/a037f39ae17c8ea6d52369655e287e6c/ms-python.python/pythonrc.py', 'LS_COLORS': 'rs=0:di=01;34:ln=01;36:mh=00:pi=40;33:so=01;35:do=01;35:bd=40;33;01:cd=40;33;01:or=40;31;01:mi=00:su=37;41:sg=30;43:ca=00:tw=30;42:ow=34;42:st=37;44:ex=01;32:*.tar=01;31:*.tgz=01;31:*.arc=01;31:*.arj=01;31:*.taz=01;31:*.lha=01;31:*.lz4=01;31:*.lzh=01;31:*.lzma=01;31:*.tlz=01;31:*.txz=01;31:*.tzo=01;31:*.t7z=01;31:*.zip=01;31:*.z=01;31:*.dz=01;31:*.gz=01;31:*.lrz=01;31:*.lz=01;31:*.lzo=01;31:*.xz=01;31:*.zst=01;31:*.tzst=01;31:*.bz2=01;31:*.bz=01;31:*.tbz=01;31:*.tbz2=01;31:*.tz=01;31:*.deb=01;31:*.rpm=01;31:*.jar=01;31:*.war=01;31:*.ear=01;31:*.sar=01;31:*.rar=01;31:*.alz=01;31:*.ace=01;31:*.zoo=01;31:*.cpio=01;31:*.7z=01;31:*.rz=01;31:*.cab=01;31:*.wim=01;31:*.swm=01;31:*.dwm=01;31:*.esd=01;31:*.avif=01;35:*.jpg=01;35:*.jpeg=01;35:*.mjpg=01;35:*.mjpeg=01;35:*.gif=01;35:*.bmp=01;35:*.pbm=01;35:*.pgm=01;35:*.ppm=01;35:*.tga=01;35:*.xbm=01;35:*.xpm=01;35:*.tif=01;35:*.tiff=01;35:*.png=01;35:*.svg=01;35:*.svgz=01;35:*.mng=01;35:*.pcx=01;35:*.mov=01;35:*.mpg=01;35:*.mpeg=01;35:*.m2v=01;35:*.mkv=01;35:*.webm=01;35:*.webp=01;35:*.ogm=01;35:*.mp4=01;35:*.m4v=01;35:*.mp4v=01;35:*.vob=01;35:*.qt=01;35:*.nuv=01;35:*.wmv=01;35:*.asf=01;35:*.rm=01;35:*.rmvb=01;35:*.flc=01;35:*.avi=01;35:*.fli=01;35:*.flv=01;35:*.gl=01;35:*.dl=01;35:*.xcf=01;35:*.xwd=01;35:*.yuv=01;35:*.cgm=01;35:*.emf=01;35:*.ogv=01;35:*.ogx=01;35:*.aac=00;36:*.au=00;36:*.flac=00;36:*.m4a=00;36:*.mid=00;36:*.midi=00;36:*.mka=00;36:*.mp3=00;36:*.mpc=00;36:*.ogg=00;36:*.ra=00;36:*.wav=00;36:*.oga=00;36:*.opus=00;36:*.spx=00;36:*.xspf=00;36:*~=00;90:*#=00;90:*.bak=00;90:*.crdownload=00;90:*.dpkg-dist=00;90:*.dpkg-new=00;90:*.dpkg-old=00;90:*.dpkg-tmp=00;90:*.old=00;90:*.orig=00;90:*.part=00;90:*.rej=00;90:*.rpmnew=00;90:*.rpmorig=00;90:*.rpmsave=00;90:*.swp=00;90:*.tmp=00;90:*.ucf-dist=00;90:*.ucf-new=00;90:*.ucf-old=00;90:', 'VSCODE_GIT_IPC_HANDLE': '/run/user/1000/vscode-git-4c7b1f9e02.sock', 'TERM_PROGRAM': 'vscode', 'AMENT_PREFIX_PATH': '/home/rehmaan/sensor_fusion/install/sensors_data:/home/rehmaan/sensor_fusion/install/custom_interfaces:/home/rehmaan/ros2-projects/install/my_robot_bringup:/home/rehmaan/ros2-projects/install/turtlesim_project:/home/rehmaan/ros2-projects/install/my_py_pkg:/home/rehmaan/ros2-projects/install/my_cpp_pkg:/home/rehmaan/ros2-projects/install/my_robot_interfaces:/home/rehmaan/ros2-projects/src/my_cpp_pkg/install/my_cpp_pkg:/home/rehmaan/ros2/install/launch_turtle_project:/home/rehmaan/ros2/install/py_pkg:/home/rehmaan/ros2/install/cpp_pkg:/home/rehmaan/ros2/install/my_custom_interfaces:/opt/ros/jazzy', 'SHELL': '/bin/bash', 'LESSCLOSE': '/usr/bin/lesspipe %s %s', 'ROS_AUTOMATIC_DISCOVERY_RANGE': 'SUBNET', 'VSCODE_GIT_ASKPASS_EXTRA_ARGS': '', 'PWD': '/home/rehmaan/sensor_fusion/build/custom_interfaces', 'XDG_DATA_DIRS': '/usr/local/share:/usr/share:/var/lib/snapd/desktop', 'PYTHONPATH': '/home/rehmaan/sensor_fusion/install/custom_interfaces/lib/python3.12/site-packages:/home/rehmaan/ros2-projects/install/turtlesim_project/lib/python3.12/site-packages:/home/rehmaan/ros2-projects/install/my_py_pkg/lib/python3.12/site-packages:/home/rehmaan/ros2-projects/install/my_robot_interfaces/lib/python3.12/site-packages:/home/rehmaan/ros2/install/py_pkg/lib/python3.12/site-packages:/home/rehmaan/ros2/install/my_custom_interfaces/lib/python3.12/site-packages:/opt/ros/jazzy/lib/python3.12/site-packages', 'COLCON': '1', 'WSL2_GUI_APPS_ENABLED': '1', 'HOSTTYPE': 'x86_64', 'CMAKE_PREFIX_PATH': '/home/rehmaan/sensor_fusion/install/sensors_data:/home/rehmaan/sensor_fusion/install/custom_interfaces:/home/rehmaan/ros2-projects/install/my_robot_bringup:/home/rehmaan/ros2-projects/install/my_cpp_pkg:/home/rehmaan/ros2-projects/install/my_robot_interfaces:/home/rehmaan/ros2-projects/src/my_cpp_pkg/install/my_cpp_pkg:/home/rehmaan/ros2/install/launch_turtle_project:/home/rehmaan/ros2/install/cpp_pkg:/home/rehmaan/ros2/install/my_custom_interfaces:/opt/ros/jazzy/opt/gz_math_vendor:/opt/ros/jazzy/opt/gz_utils_vendor:/opt/ros/jazzy/opt/gz_cmake_vendor:/home/rehmaan/ros2-projects/install/turtlesim_project:/home/rehmaan/ros2-projects/install/my_py_pkg:/home/rehmaan/ros2/install/py_pkg:/opt/ros/jazzy', 'WSLENV': 'ELECTRON_RUN_AS_NODE/w:'}), 'shell': False}
[0.082285] (custom_interfaces) StdoutLine: {'line': b'[  1%] Built target custom_interfaces__rosidl_generator_type_description\n'}
[0.098679] (-) TimerEvent: {}
[0.106811] (custom_interfaces) StdoutLine: {'line': b'[  1%] Built target ament_cmake_python_copy_custom_interfaces\n'}
[0.120419] (custom_interfaces) StdoutLine: {'line': b'[  1%] Built target custom_interfaces__cpp\n'}
[0.130728] (custom_interfaces) StdoutLine: {'line': b'[ 26%] Built target custom_interfaces__rosidl_generator_c\n'}
[0.176461] (custom_interfaces) StdoutLine: {'line': b'[ 35%] Built target custom_interfaces__rosidl_typesupport_cpp\n'}
[0.177473] (custom_interfaces) StdoutLine: {'line': b'[ 44%] Built target custom_interfaces__rosidl_typesupport_introspection_c\n'}
[0.178806] (custom_interfaces) StdoutLine: {'line': b'[ 54%] Built target custom_interfaces__rosidl_typesupport_introspection_cpp\n'}
[0.180417] (custom_interfaces) StdoutLine: {'line': b'[ 74%] Built target custom_interfaces__rosidl_typesupport_fastrtps_c\n'}
[0.180755] (custom_interfaces) StdoutLine: {'line': b'[ 74%] Built target custom_interfaces__rosidl_typesupport_c\n'}
[0.185192] (custom_interfaces) StdoutLine: {'line': b'[ 84%] Built target custom_interfaces__rosidl_typesupport_fastrtps_cpp\n'}
[0.198850] (-) TimerEvent: {}
[0.223186] (custom_interfaces) StdoutLine: {'line': b'[ 84%] Built target custom_interfaces\n'}
[0.262149] (custom_interfaces) StdoutLine: {'line': b'[ 85%] Built target custom_interfaces__py\n'}
[0.299041] (-) TimerEvent: {}
[0.312096] (custom_interfaces) StdoutLine: {'line': b'[ 94%] Built target custom_interfaces__rosidl_generator_py\n'}
[0.355605] (custom_interfaces) StdoutLine: {'line': b'[ 96%] Built target custom_interfaces_s__rosidl_typesupport_fastrtps_c\n'}
[0.358520] (custom_interfaces) StdoutLine: {'line': b'[ 98%] Built target custom_interfaces_s__rosidl_typesupport_c\n'}
[0.361999] (custom_interfaces) StdoutLine: {'line': b'[100%] Built target custom_interfaces_s__rosidl_typesupport_introspection_c\n'}
[0.399358] (-) TimerEvent: {}
[0.500068] (-) TimerEvent: {}
[0.536078] (custom_interfaces) StdoutLine: {'line': b'running egg_info\n'}
[0.567546] (custom_interfaces) StdoutLine: {'line': b'writing custom_interfaces.egg-info/PKG-INFO\n'}
[0.568511] (custom_interfaces) StdoutLine: {'line': b'writing dependency_links to custom_interfaces.egg-info/dependency_links.txt\n'}
[0.570408] (custom_interfaces) StdoutLine: {'line': b'writing top-level names to custom_interfaces.egg-info/top_level.txt\n'}
[0.600303] (-) TimerEvent: {}
[0.682015] (custom_interfaces) StdoutLine: {'line': b"reading manifest file 'custom_interfaces.egg-info/SOURCES.txt'\n"}
[0.682799] (custom_interfaces) StdoutLine: {'line': b"writing manifest file 'custom_interfaces.egg-info/SOURCES.txt'\n"}
[0.700644] (-) TimerEvent: {}
[0.745207] (custom_interfaces) StdoutLine: {'line': b'[100%] Built target ament_cmake_python_build_custom_interfaces_egg\n'}
[0.766545] (custom_interfaces) CommandEnded: {'returncode': 0}
[0.769383] (custom_interfaces) JobProgress: {'identifier': 'custom_interfaces', 'progress': 'install'}
[0.780868] (custom_interfaces) Command: {'cmd': ['/usr/bin/cmake', '--install', '/home/rehmaan/sensor_fusion/build/custom_interfaces'], 'cwd': '/home/rehmaan/sensor_fusion/build/custom_interfaces', 'env': OrderedDict({'PYTHON_BASIC_REPL': '1', 'LESSOPEN': '| /usr/bin/lesspipe %s', 'USER': 'rehmaan', 'GIT_ASKPASS': '/home/rehmaan/.vscode-server/bin/07ff9d6178ede9a1bd12ad3399074d726ebe6e43/extensions/git/dist/askpass.sh', 'SHLVL': '2', 'LD_LIBRARY_PATH': '/home/rehmaan/sensor_fusion/install/custom_interfaces/lib:/home/rehmaan/ros2-projects/install/my_robot_interfaces/lib:/home/rehmaan/ros2/install/my_custom_interfaces/lib:/opt/ros/jazzy/opt/rviz_ogre_vendor/lib:/opt/ros/jazzy/lib/x86_64-linux-gnu:/opt/ros/jazzy/opt/gz_math_vendor/lib:/opt/ros/jazzy/opt/gz_utils_vendor/lib:/opt/ros/jazzy/opt/gz_cmake_vendor/lib:/opt/ros/jazzy/lib', 'MOTD_SHOWN': 'update-motd', 'HOME': '/home/rehmaan', 'TERM_PROGRAM_VERSION': '1.112.0', 'VSCODE_IPC_HOOK_CLI': '/run/user/1000/vscode-ipc-a49f383f-9d82-4a2f-b984-b9a73b3abcf2.sock', 'ROS_PYTHON_VERSION': '3', 'VSCODE_GIT_ASKPASS_MAIN': '/home/rehmaan/.vscode-server/bin/07ff9d6178ede9a1bd12ad3399074d726ebe6e43/extensions/git/dist/askpass-main.js', 'VSCODE_GIT_ASKPASS_NODE': '/home/rehmaan/.vscode-server/bin/07ff9d6178ede9a1bd12ad3399074d726ebe6e43/node', 'PYDEVD_DISABLE_FILE_VALIDATION': '1', 'BUNDLED_DEBUGPY_PATH': '/home/rehmaan/.vscode-server/extensions/ms-python.debugpy-2025.18.0-linux-x64/bundled/libs/debugpy', 'VSCODE_PYTHON_AUTOACTIVATE_GUARD': '1', 'DBUS_SESSION_BUS_ADDRESS': 'unix:path=/run/user/1000/bus', 'COLORTERM': 'truecolor', 'WSL_DISTRO_NAME': 'Ubuntu-24.04', 'WAYLAND_DISPLAY': 'wayland-0', 'COLCON_PREFIX_PATH': '/home/rehmaan/sensor_fusion/install:/home/rehmaan/ros2-projects/install:/home/rehmaan/ros2-projects/src/my_cpp_pkg/install:/home/rehmaan/ros2/install', 'ROS_DISTRO': 'jazzy', 'LOGNAME': 'rehmaan', 'NAME': 'Code', 'WSL_INTEROP': '/run/WSL/604_interop', 'PULSE_SERVER': 'unix:/mnt/wslg/PulseServer', '_': '/usr/bin/colcon', 'ROS_VERSION': '2', 'TERM': 'xterm-256color', 'PATH': '/home/rehmaan/.vscode-server/data/User/globalStorage/github.copilot-chat/debugCommand:/home/rehmaan/.vscode-server/data/User/globalStorage/github.copilot-chat/copilotCli:/home/rehmaan/.vscode-server/bin/07ff9d6178ede9a1bd12ad3399074d726ebe6e43/bin/remote-cli:/home/rehmaan/.local/bin:/home/rehmaan/ros2-projects/src/my_cpp_pkg/install/my_cpp_pkg/bin:/opt/ros/jazzy/bin:/usr/local/sbin:/usr/local/bin:/usr/sbin:/usr/bin:/sbin:/bin:/usr/games:/usr/local/games:/usr/lib/wsl/lib:/mnt/c/Program Files/WindowsApps/MicrosoftCorporationII.WindowsSubsystemForLinux_2.4.11.0_x64__8wekyb3d8bbwe:/mnt/c/Program Files/Python312/:/mnt/c/WINDOWS/system32:/mnt/c/WINDOWS:/mnt/c/WINDOWS/System32/Wbem:/mnt/c/WINDOWS/System32/WindowsPowerShell/v1.0/:/mnt/c/WINDOWS/System32/OpenSSH/:/mnt/c/Program Files/Microsoft SQL Server/150/Tools/Binn/:/mnt/c/Program Files/Microsoft SQL Server/Client SDK/ODBC/170/Tools/Binn/:/mnt/c/Program Files/dotnet/:/mnt/c/Program Files/Microsoft VS Code/bin:/mnt/c/Program Files (x86)/Microsoft SQL Server/160/Tools/Binn/:/mnt/c/Program Files/Microsoft SQL Server/160/Tools/Binn/:/mnt/c/Program Files/Microsoft SQL Server/160/DTS/Binn/:/mnt/c/Program Files (x86)/Microsoft SQL Server/160/DTS/Binn/:/mnt/c/Users/Imdadul.Rehmaan/AppData/Roaming/nvm:/mnt/c/nvm:/mnt/c/ProgramData/chocolatey/bin:/mnt/c/Program Files (x86)/Windows Kits/10/Windows Performance Toolkit/:/mnt/c/Program Files/TortoiseGit/bin:/mnt/c/Program Files/usbipd-win/:/mnt/c/Program Files/PuTTY/:/mnt/c/Program Files/nodejs/:/mnt/c/Program Files/GitHub CLI/:/mnt/c/Users/Imdadul.Rehmaan/scoop/apps/git/current/bin:/mnt/c/Users/Imdadul.Rehmaan/scoop/shims:/mnt/c/Users/Imdadul.Rehmaan/AppData/Local/Microsoft/WindowsApps:/mnt/c/Users/Imdadul.Rehmaan/.dotnet/tools:/mnt/c/Users/Imdadul.Rehmaan/AppData/Roaming/npm:/mnt/c/Users/Imdadul.Rehmaan/AppData/Local/Programs/Git/cmd:/mnt/c/Users/Imdadul.Rehmaan/AppData/Roaming/nvm:/mnt/c/nvm:/mnt/c/tools/flutter/bin:/mnt/c/Users/Imdadul.Rehmaan/AppData/Local/Pub/Cache/bin:/mnt/c/Android/cmdline-tools/latest/bin:/mnt/c/Android/platform-tools:/mnt/c/Users/Imdadul.Rehmaan/mingw64/bin:/snap/bin:/home/rehmaan/.vscode-server/extensions/ms-python.debugpy-2025.18.0-linux-x64/bundled/scripts/noConfigScripts', 'XDG_RUNTIME_DIR': '/run/user/1000/', 'DISPLAY': ':0', 'VSCODE_DEBUGPY_ADAPTER_ENDPOINTS': '/home/rehmaan/.vscode-server/extensions/ms-python.debugpy-2025.18.0-linux-x64/.noConfigDebugAdapterEndpoints/endpoint-5eef2bab757dd9f7.txt', 'LANG': 'en_US.UTF-8', 'PYTHONSTARTUP': '/home/rehmaan/.vscode-server/data/User/workspaceStorage/a037f39ae17c8ea6d52369655e287e6c/ms-python.python/pythonrc.py', 'LS_COLORS': 'rs=0:di=01;34:ln=01;36:mh=00:pi=40;33:so=01;35:do=01;35:bd=40;33;01:cd=40;33;01:or=40;31;01:mi=00:su=37;41:sg=30;43:ca=00:tw=30;42:ow=34;42:st=37;44:ex=01;32:*.tar=01;31:*.tgz=01;31:*.arc=01;31:*.arj=01;31:*.taz=01;31:*.lha=01;31:*.lz4=01;31:*.lzh=01;31:*.lzma=01;31:*.tlz=01;31:*.txz=01;31:*.tzo=01;31:*.t7z=01;31:*.zip=01;31:*.z=01;31:*.dz=01;31:*.gz=01;31:*.lrz=01;31:*.lz=01;31:*.lzo=01;31:*.xz=01;31:*.zst=01;31:*.tzst=01;31:*.bz2=01;31:*.bz=01;31:*.tbz=01;31:*.tbz2=01;31:*.tz=01;31:*.deb=01;31:*.rpm=01;31:*.jar=01;31:*.war=01;31:*.ear=01;31:*.sar=01;31:*.rar=01;31:*.alz=01;31:*.ace=01;31:*.zoo=01;31:*.cpio=01;31:*.7z=01;31:*.rz=01;31:*.cab=01;31:*.wim=01;31:*.swm=01;31:*.dwm=01;31:*.esd=01;31:*.avif=01;35:*.jpg=01;35:*.jpeg=01;35:*.mjpg=01;35:*.mjpeg=01;35:*.gif=01;35:*.bmp=01;35:*.pbm=01;35:*.pgm=01;35:*.ppm=01;35:*.tga=01;35:*.xbm=01;35:*.xpm=01;35:*.tif=01;35:*.tiff=01;35:*.png=01;35:*.svg=01;35:*.svgz=01;35:*.mng=01;35:*.pcx=01;35:*.mov=01;35:*.mpg=01;35:*.mpeg=01;35:*.m2v=01;35:*.mkv=01;35:*.webm=01;35:*.webp=01;35:*.ogm=01;35:*.mp4=01;35:*.m4v=01;35:*.mp4v=01;35:*.vob=01;35:*.qt=01;35:*.nuv=01;35:*.wmv=01;35:*.asf=01;35:*.rm=01;35:*.rmvb=01;35:*.flc=01;35:*.avi=01;35:*.fli=01;35:*.flv=01;35:*.gl=01;35:*.dl=01;35:*.xcf=01;35:*.xwd=01;35:*.yuv=01;35:*.cgm=01;35:*.emf=01;35:*.ogv=01;35:*.ogx=01;35:*.aac=00;36:*.au=00;36:*.flac=00;36:*.m4a=00;36:*.mid=00;36:*.midi=00;36:*.mka=00;36:*.mp3=00;36:*.mpc=00;36:*.ogg=00;36:*.ra=00;36:*.wav=00;36:*.oga=00;36:*.opus=00;36:*.spx=00;36:*.xspf=00;36:*~=00;90:*#=00;90:*.bak=00;90:*.crdownload=00;90:*.dpkg-dist=00;90:*.dpkg-new=00;90:*.dpkg-old=00;90:*.dpkg-tmp=00;90:*.old=00;90:*.orig=00;90:*.part=00;90:*.rej=00;90:*.rpmnew=00;90:*.rpmorig=00;90:*.rpmsave=00;90:*.swp=00;90:*.tmp=00;90:*.ucf-dist=00;90:*.ucf-new=00;90:*.ucf-old=00;90:', 'VSCODE_GIT_IPC_HANDLE': '/run/user/1000/vscode-git-4c7b1f9e02.sock', 'TERM_PROGRAM': 'vscode', 'AMENT_PREFIX_PATH': '/home/rehmaan/sensor_fusion/install/sensors_data:/home/rehmaan/sensor_fusion/install/custom_interfaces:/home/rehmaan/ros2-projects/install/my_robot_bringup:/home/rehmaan/ros2-projects/install/turtlesim_project:/home/rehmaan/ros2-projects/install/my_py_pkg:/home/rehmaan/ros2-projects/install/my_cpp_pkg:/home/rehmaan/ros2-projects/install/my_robot_interfaces:/home/rehmaan/ros2-projects/src/my_cpp_pkg/install/my_cpp_pkg:/home/rehmaan/ros2/install/launch_turtle_project:/home/rehmaan/ros2/install/py_pkg:/home/rehmaan/ros2/install/cpp_pkg:/home/rehmaan/ros2/install/my_custom_interfaces:/opt/ros/jazzy', 'SHELL': '/bin/bash', 'LESSCLOSE': '/usr/bin/lesspipe %s %s', 'ROS_AUTOMATIC_DISCOVERY_RANGE': 'SUBNET', 'VSCODE_GIT_ASKPASS_EXTRA_ARGS': '', 'PWD': '/home/rehmaan/sensor_fusion/build/custom_interfaces', 'XDG_DATA_DIRS': '/usr/local/share:/usr/share:/var/lib/snapd/desktop', 'PYTHONPATH': '/home/rehmaan/sensor_fusion/install/custom_interfaces/lib/python3.12/site-packages:/home/rehmaan/ros2-projects/install/turtlesim_project/lib/python3.12/site-packages:/home/rehmaan/ros2-projects/install/my_py_pkg/lib/python3.12/site-packages:/home/rehmaan/ros2-projects/install/my_robot_interfaces/lib/python3.12/site-packages:/home/rehmaan/ros2/install/py_pkg/lib/python3.12/site-packages:/home/rehmaan/ros2/install/my_custom_interfaces/lib/python3.12/site-packages:/opt/ros/jazzy/lib/python3.12/site-packages', 'COLCON': '1', 'WSL2_GUI_APPS_ENABLED': '1', 'HOSTTYPE': 'x86_64', 'CMAKE_PREFIX_PATH': '/home/rehmaan/sensor_fusion/install/sensors_data:/home/rehmaan/sensor_fusion/install/custom_interfaces:/home/rehmaan/ros2-projects/install/my_robot_bringup:/home/rehmaan/ros2-projects/install/my_cpp_pkg:/home/rehmaan/ros2-projects/install/my_robot_interfaces:/home/rehmaan/ros2-projects/src/my_cpp_pkg/install/my_cpp_pkg:/home/rehmaan/ros2/install/launch_turtle_project:/home/rehmaan/ros2/install/cpp_pkg:/home/rehmaan/ros2/install/my_custom_interfaces:/opt/ros/jazzy/opt/gz_math_vendor:/opt/ros/jazzy/opt/gz_utils_vendor:/opt/ros/jazzy/opt/gz_cmake_vendor:/home/rehmaan/ros2-projects/install/turtlesim_project:/home/rehmaan/ros2-projects/install/my_py_pkg:/home/rehmaan/ros2/install/py_pkg:/opt/ros/jazzy', 'WSLENV': 'ELECTRON_RUN_AS_NODE/w:'}), 'shell': False}
[0.792236] (custom_interfaces) StdoutLine: {'line': b'-- Install configuration: ""\n'}
[0.793415] (custom_interfaces) StdoutLine: {'line': b'-- Up-to-date: /home/rehmaan/sensor_fusion/install/custom_interfaces/share/ament_index/resource_index/rosidl_interfaces/custom_interfaces\n'}
[0.793965] (custom_interfaces) StdoutLine: {'line': b'-- Up-to-date: /home/rehmaan/sensor_fusion/install/custom_interfaces/share/custom_interfaces/msg/Battery.json\n'}
[0.794699] (custom_interfaces) StdoutLine: {'line': b'-- Up-to-date: /home/rehmaan/sensor_fusion/install/custom_interfaces/share/custom_interfaces/msg/DistanceSensors.json\n'}
[0.795151] (custom_interfaces) StdoutLine: {'line': b'-- Up-to-date: /home/rehmaan/sensor_fusion/install/custom_interfaces/share/custom_interfaces/msg/Encoder.json\n'}
[0.795511] (custom_interfaces) StdoutLine: {'line': b'-- Up-to-date: /home/rehmaan/sensor_fusion/install/custom_interfaces/share/custom_interfaces/msg/Environment.json\n'}
[0.795920] (custom_interfaces) StdoutLine: {'line': b'-- Up-to-date: /home/rehmaan/sensor_fusion/install/custom_interfaces/share/custom_interfaces/msg/IMU.json\n'}
[0.796358] (custom_interfaces) StdoutLine: {'line': b'-- Up-to-date: /home/rehmaan/sensor_fusion/install/custom_interfaces/share/custom_interfaces/msg/Lidar.json\n'}
[0.796766] (custom_interfaces) StdoutLine: {'line': b'-- Up-to-date: /home/rehmaan/sensor_fusion/install/custom_interfaces/share/custom_interfaces/msg/Motors.json\n'}
[0.797170] (custom_interfaces) StdoutLine: {'line': b'-- Up-to-date: /home/rehmaan/sensor_fusion/install/custom_interfaces/share/custom_interfaces/msg/Odometry.json\n'}
[0.797570] (custom_interfaces) StdoutLine: {'line': b'-- Up-to-date: /home/rehmaan/sensor_fusion/install/custom_interfaces/include/custom_interfaces/custom_interfaces\n'}
[0.797972] (custom_interfaces) StdoutLine: {'line': b'-- Up-to-date: /home/rehmaan/sensor_fusion/install/custom_interfaces/include/custom_interfaces/custom_interfaces/msg\n'}
[0.798584] (custom_interfaces) StdoutLine: {'line': b'-- Up-to-date: /home/rehmaan/sensor_fusion/install/custom_interfaces/include/custom_interfaces/custom_interfaces/msg/imu.h\n'}
[0.798802] (custom_interfaces) StdoutLine: {'line': b'-- Up-to-date: /home/rehmaan/sensor_fusion/install/custom_interfaces/include/custom_interfaces/custom_interfaces/msg/distance_sensors.h\n'}
[0.799700] (custom_interfaces) StdoutLine: {'line': b'-- Up-to-date: /home/rehmaan/sensor_fusion/install/custom_interfaces/include/custom_interfaces/custom_interfaces/msg/encoder.h\n'}
[0.799949] (custom_interfaces) StdoutLine: {'line': b'-- Up-to-date: /home/rehmaan/sensor_fusion/install/custom_interfaces/include/custom_interfaces/custom_interfaces/msg/lidar.h\n'}
[0.800335] (custom_interfaces) StdoutLine: {'line': b'-- Up-to-date: /home/rehmaan/sensor_fusion/install/custom_interfaces/include/custom_interfaces/custom_interfaces/msg/odometry.h\n'}
[0.801054] (-) TimerEvent: {}
[0.801998] (custom_interfaces) StdoutLine: {'line': b'-- Up-to-date: /home/rehmaan/sensor_fusion/install/custom_interfaces/include/custom_interfaces/custom_interfaces/msg/environment.h\n'}
[0.802800] (custom_interfaces) StdoutLine: {'line': b'-- Up-to-date: /home/rehmaan/sensor_fusion/install/custom_interfaces/include/custom_interfaces/custom_interfaces/msg/battery.h\n'}
[0.803463] (custom_interfaces) StdoutLine: {'line': b'-- Up-to-date: /home/rehmaan/sensor_fusion/install/custom_interfaces/include/custom_interfaces/custom_interfaces/msg/rosidl_generator_c__visibility_control.h\n'}
[0.803635] (custom_interfaces) StdoutLine: {'line': b'-- Up-to-date: /home/rehmaan/sensor_fusion/install/custom_interfaces/include/custom_interfaces/custom_interfaces/msg/detail\n'}
[0.804128] (custom_interfaces) StdoutLine: {'line': b'-- Up-to-date: /home/rehmaan/sensor_fusion/install/custom_interfaces/include/custom_interfaces/custom_interfaces/msg/detail/imu__functions.c\n'}
[0.804614] (custom_interfaces) StdoutLine: {'line': b'-- Up-to-date: /home/rehmaan/sensor_fusion/install/custom_interfaces/include/custom_interfaces/custom_interfaces/msg/detail/battery__struct.h\n'}
[0.806479] (custom_interfaces) StdoutLine: {'line': b'-- Up-to-date: /home/rehmaan/sensor_fusion/install/custom_interfaces/include/custom_interfaces/custom_interfaces/msg/detail/imu__type_support.h\n'}
[0.807201] (custom_interfaces) StdoutLine: {'line': b'-- Up-to-date: /home/rehmaan/sensor_fusion/install/custom_interfaces/include/custom_interfaces/custom_interfaces/msg/detail/encoder__functions.c\n'}
[0.807517] (custom_interfaces) StdoutLine: {'line': b'-- Up-to-date: /home/rehmaan/sensor_fusion/install/custom_interfaces/include/custom_interfaces/custom_interfaces/msg/detail/encoder__type_support.h\n'}
[0.808313] (custom_interfaces) StdoutLine: {'line': b'-- Up-to-date: /home/rehmaan/sensor_fusion/install/custom_interfaces/include/custom_interfaces/custom_interfaces/msg/detail/motors__type_support.h\n'}
[0.808823] (custom_interfaces) StdoutLine: {'line': b'-- Up-to-date: /home/rehmaan/sensor_fusion/install/custom_interfaces/include/custom_interfaces/custom_interfaces/msg/detail/odometry__struct.h\n'}
[0.809241] (custom_interfaces) StdoutLine: {'line': b'-- Up-to-date: /home/rehmaan/sensor_fusion/install/custom_interfaces/include/custom_interfaces/custom_interfaces/msg/detail/lidar__type_support.h\n'}
[0.809660] (custom_interfaces) StdoutLine: {'line': b'-- Up-to-date: /home/rehmaan/sensor_fusion/install/custom_interfaces/include/custom_interfaces/custom_interfaces/msg/detail/lidar__functions.h\n'}
[0.810304] (custom_interfaces) StdoutLine: {'line': b'-- Up-to-date: /home/rehmaan/sensor_fusion/install/custom_interfaces/include/custom_interfaces/custom_interfaces/msg/detail/distance_sensors__struct.h\n'}
[0.810851] (custom_interfaces) StdoutLine: {'line': b'-- Up-to-date: /home/rehmaan/sensor_fusion/install/custom_interfaces/include/custom_interfaces/custom_interfaces/msg/detail/lidar__type_support.c\n'}
[0.811634] (custom_interfaces) StdoutLine: {'line': b'-- Up-to-date: /home/rehmaan/sensor_fusion/install/custom_interfaces/include/custom_interfaces/custom_interfaces/msg/detail/environment__type_support.c\n'}
[0.811916] (custom_interfaces) StdoutLine: {'line': b'-- Up-to-date: /home/rehmaan/sensor_fusion/install/custom_interfaces/include/custom_interfaces/custom_interfaces/msg/detail/distance_sensors__description.c\n'}
[0.812103] (custom_interfaces) StdoutLine: {'line': b'-- Up-to-date: /home/rehmaan/sensor_fusion/install/custom_interfaces/include/custom_interfaces/custom_interfaces/msg/detail/battery__type_support.h\n'}
[0.812276] (custom_interfaces) StdoutLine: {'line': b'-- Up-to-date: /home/rehmaan/sensor_fusion/install/custom_interfaces/include/custom_interfaces/custom_interfaces/msg/detail/motors__functions.c\n'}
[0.812448] (custom_interfaces) StdoutLine: {'line': b'-- Up-to-date: /home/rehmaan/sensor_fusion/install/custom_interfaces/include/custom_interfaces/custom_interfaces/msg/detail/lidar__functions.c\n'}
[0.812756] (custom_interfaces) StdoutLine: {'line': b'-- Up-to-date: /home/rehmaan/sensor_fusion/install/custom_interfaces/include/custom_interfaces/custom_interfaces/msg/detail/battery__type_support.c\n'}
[0.812985] (custom_interfaces) StdoutLine: {'line': b'-- Up-to-date: /home/rehmaan/sensor_fusion/install/custom_interfaces/include/custom_interfaces/custom_interfaces/msg/detail/imu__description.c\n'}
[0.813130] (custom_interfaces) StdoutLine: {'line': b'-- Up-to-date: /home/rehmaan/sensor_fusion/install/custom_interfaces/include/custom_interfaces/custom_interfaces/msg/detail/environment__struct.h\n'}
[0.813247] (custom_interfaces) StdoutLine: {'line': b'-- Up-to-date: /home/rehmaan/sensor_fusion/install/custom_interfaces/include/custom_interfaces/custom_interfaces/msg/detail/motors__type_support.c\n'}
[0.813350] (custom_interfaces) StdoutLine: {'line': b'-- Up-to-date: /home/rehmaan/sensor_fusion/install/custom_interfaces/include/custom_interfaces/custom_interfaces/msg/detail/encoder__struct.h\n'}
[0.813480] (custom_interfaces) StdoutLine: {'line': b'-- Up-to-date: /home/rehmaan/sensor_fusion/install/custom_interfaces/include/custom_interfaces/custom_interfaces/msg/detail/distance_sensors__functions.h\n'}
[0.813605] (custom_interfaces) StdoutLine: {'line': b'-- Up-to-date: /home/rehmaan/sensor_fusion/install/custom_interfaces/include/custom_interfaces/custom_interfaces/msg/detail/distance_sensors__functions.c\n'}
[0.813713] (custom_interfaces) StdoutLine: {'line': b'-- Up-to-date: /home/rehmaan/sensor_fusion/install/custom_interfaces/include/custom_interfaces/custom_interfaces/msg/detail/imu__type_support.c\n'}
[0.813814] (custom_interfaces) StdoutLine: {'line': b'-- Up-to-date: /home/rehmaan/sensor_fusion/install/custom_interfaces/include/custom_interfaces/custom_interfaces/msg/detail/odometry__functions.c\n'}
[0.813918] (custom_interfaces) StdoutLine: {'line': b'-- Up-to-date: /home/rehmaan/sensor_fusion/install/custom_interfaces/include/custom_interfaces/custom_interfaces/msg/detail/environment__functions.h\n'}
[0.814023] (custom_interfaces) StdoutLine: {'line': b'-- Up-to-date: /home/rehmaan/sensor_fusion/install/custom_interfaces/include/custom_interfaces/custom_interfaces/msg/detail/motors__functions.h\n'}
[0.814130] (custom_interfaces) StdoutLine: {'line': b'-- Up-to-date: /home/rehmaan/sensor_fusion/install/custom_interfaces/include/custom_interfaces/custom_interfaces/msg/detail/lidar__struct.h\n'}
[0.814231] (custom_interfaces) StdoutLine: {'line': b'-- Up-to-date: /home/rehmaan/sensor_fusion/install/custom_interfaces/include/custom_interfaces/custom_interfaces/msg/detail/odometry__type_support.h\n'}
[0.814335] (custom_interfaces) StdoutLine: {'line': b'-- Up-to-date: /home/rehmaan/sensor_fusion/install/custom_interfaces/include/custom_interfaces/custom_interfaces/msg/detail/environment__type_support.h\n'}
[0.814494] (custom_interfaces) StdoutLine: {'line': b'-- Up-to-date: /home/rehmaan/sensor_fusion/install/custom_interfaces/include/custom_interfaces/custom_interfaces/msg/detail/distance_sensors__type_support.c\n'}
[0.814622] (custom_interfaces) StdoutLine: {'line': b'-- Up-to-date: /home/rehmaan/sensor_fusion/install/custom_interfaces/include/custom_interfaces/custom_interfaces/msg/detail/environment__functions.c\n'}
[0.814732] (custom_interfaces) StdoutLine: {'line': b'-- Up-to-date: /home/rehmaan/sensor_fusion/install/custom_interfaces/include/custom_interfaces/custom_interfaces/msg/detail/distance_sensors__type_support.h\n'}
[0.814842] (custom_interfaces) StdoutLine: {'line': b'-- Up-to-date: /home/rehmaan/sensor_fusion/install/custom_interfaces/include/custom_interfaces/custom_interfaces/msg/detail/battery__description.c\n'}
[0.814952] (custom_interfaces) StdoutLine: {'line': b'-- Up-to-date: /home/rehmaan/sensor_fusion/install/custom_interfaces/include/custom_interfaces/custom_interfaces/msg/detail/encoder__functions.h\n'}
[0.815056] (custom_interfaces) StdoutLine: {'line': b'-- Up-to-date: /home/rehmaan/sensor_fusion/install/custom_interfaces/include/custom_interfaces/custom_interfaces/msg/detail/motors__struct.h\n'}
[0.815164] (custom_interfaces) StdoutLine: {'line': b'-- Up-to-date: /home/rehmaan/sensor_fusion/install/custom_interfaces/include/custom_interfaces/custom_interfaces/msg/detail/odometry__type_support.c\n'}
[0.815273] (custom_interfaces) StdoutLine: {'line': b'-- Up-to-date: /home/rehmaan/sensor_fusion/install/custom_interfaces/include/custom_interfaces/custom_interfaces/msg/detail/battery__functions.h\n'}
[0.815370] (custom_interfaces) StdoutLine: {'line': b'-- Up-to-date: /home/rehmaan/sensor_fusion/install/custom_interfaces/include/custom_interfaces/custom_interfaces/msg/detail/lidar__description.c\n'}
[0.815472] (custom_interfaces) StdoutLine: {'line': b'-- Up-to-date: /home/rehmaan/sensor_fusion/install/custom_interfaces/include/custom_interfaces/custom_interfaces/msg/detail/odometry__functions.h\n'}
[0.815575] (custom_interfaces) StdoutLine: {'line': b'-- Up-to-date: /home/rehmaan/sensor_fusion/install/custom_interfaces/include/custom_interfaces/custom_interfaces/msg/detail/odometry__description.c\n'}
[0.815677] (custom_interfaces) StdoutLine: {'line': b'-- Up-to-date: /home/rehmaan/sensor_fusion/install/custom_interfaces/include/custom_interfaces/custom_interfaces/msg/detail/motors__description.c\n'}
[0.815779] (custom_interfaces) StdoutLine: {'line': b'-- Up-to-date: /home/rehmaan/sensor_fusion/install/custom_interfaces/include/custom_interfaces/custom_interfaces/msg/detail/imu__functions.h\n'}
[0.815885] (custom_interfaces) StdoutLine: {'line': b'-- Up-to-date: /home/rehmaan/sensor_fusion/install/custom_interfaces/include/custom_interfaces/custom_interfaces/msg/detail/battery__functions.c\n'}
[0.815994] (custom_interfaces) StdoutLine: {'line': b'-- Up-to-date: /home/rehmaan/sensor_fusion/install/custom_interfaces/include/custom_interfaces/custom_interfaces/msg/detail/environment__description.c\n'}
[0.816111] (custom_interfaces) StdoutLine: {'line': b'-- Up-to-date: /home/rehmaan/sensor_fusion/install/custom_interfaces/include/custom_interfaces/custom_interfaces/msg/detail/encoder__description.c\n'}
[0.816252] (custom_interfaces) StdoutLine: {'line': b'-- Up-to-date: /home/rehmaan/sensor_fusion/install/custom_interfaces/include/custom_interfaces/custom_interfaces/msg/detail/imu__struct.h\n'}
[0.816443] (custom_interfaces) StdoutLine: {'line': b'-- Up-to-date: /home/rehmaan/sensor_fusion/install/custom_interfaces/include/custom_interfaces/custom_interfaces/msg/detail/encoder__type_support.c\n'}
[0.816601] (custom_interfaces) StdoutLine: {'line': b'-- Up-to-date: /home/rehmaan/sensor_fusion/install/custom_interfaces/include/custom_interfaces/custom_interfaces/msg/motors.h\n'}
[0.816683] (custom_interfaces) StdoutLine: {'line': b'-- Up-to-date: /home/rehmaan/sensor_fusion/install/custom_interfaces/share/custom_interfaces/environment/library_path.sh\n'}
[0.816755] (custom_interfaces) StdoutLine: {'line': b'-- Up-to-date: /home/rehmaan/sensor_fusion/install/custom_interfaces/share/custom_interfaces/environment/library_path.dsv\n'}
[0.816826] (custom_interfaces) StdoutLine: {'line': b'-- Up-to-date: /home/rehmaan/sensor_fusion/install/custom_interfaces/lib/libcustom_interfaces__rosidl_generator_c.so\n'}
[0.816894] (custom_interfaces) StdoutLine: {'line': b'-- Up-to-date: /home/rehmaan/sensor_fusion/install/custom_interfaces/include/custom_interfaces/custom_interfaces\n'}
[0.816962] (custom_interfaces) StdoutLine: {'line': b'-- Up-to-date: /home/rehmaan/sensor_fusion/install/custom_interfaces/include/custom_interfaces/custom_interfaces/msg\n'}
[0.817032] (custom_interfaces) StdoutLine: {'line': b'-- Up-to-date: /home/rehmaan/sensor_fusion/install/custom_interfaces/include/custom_interfaces/custom_interfaces/msg/rosidl_typesupport_fastrtps_c__visibility_control.h\n'}
[0.817101] (custom_interfaces) StdoutLine: {'line': b'-- Up-to-date: /home/rehmaan/sensor_fusion/install/custom_interfaces/include/custom_interfaces/custom_interfaces/msg/detail\n'}
[0.817170] (custom_interfaces) StdoutLine: {'line': b'-- Up-to-date: /home/rehmaan/sensor_fusion/install/custom_interfaces/include/custom_interfaces/custom_interfaces/msg/detail/motors__rosidl_typesupport_fastrtps_c.h\n'}
[0.817245] (custom_interfaces) StdoutLine: {'line': b'-- Up-to-date: /home/rehmaan/sensor_fusion/install/custom_interfaces/include/custom_interfaces/custom_interfaces/msg/detail/environment__rosidl_typesupport_fastrtps_c.h\n'}
[0.817331] (custom_interfaces) StdoutLine: {'line': b'-- Up-to-date: /home/rehmaan/sensor_fusion/install/custom_interfaces/include/custom_interfaces/custom_interfaces/msg/detail/distance_sensors__rosidl_typesupport_fastrtps_c.h\n'}
[0.817419] (custom_interfaces) StdoutLine: {'line': b'-- Up-to-date: /home/rehmaan/sensor_fusion/install/custom_interfaces/include/custom_interfaces/custom_interfaces/msg/detail/odometry__rosidl_typesupport_fastrtps_c.h\n'}
[0.817505] (custom_interfaces) StdoutLine: {'line': b'-- Up-to-date: /home/rehmaan/sensor_fusion/install/custom_interfaces/include/custom_interfaces/custom_interfaces/msg/detail/lidar__rosidl_typesupport_fastrtps_c.h\n'}
[0.817587] (custom_interfaces) StdoutLine: {'line': b'-- Up-to-date: /home/rehmaan/sensor_fusion/install/custom_interfaces/include/custom_interfaces/custom_interfaces/msg/detail/battery__rosidl_typesupport_fastrtps_c.h\n'}
[0.817674] (custom_interfaces) StdoutLine: {'line': b'-- Up-to-date: /home/rehmaan/sensor_fusion/install/custom_interfaces/include/custom_interfaces/custom_interfaces/msg/detail/encoder__rosidl_typesupport_fastrtps_c.h\n'}
[0.817765] (custom_interfaces) StdoutLine: {'line': b'-- Up-to-date: /home/rehmaan/sensor_fusion/install/custom_interfaces/include/custom_interfaces/custom_interfaces/msg/detail/imu__rosidl_typesupport_fastrtps_c.h\n'}
[0.817851] (custom_interfaces) StdoutLine: {'line': b'-- Up-to-date: /home/rehmaan/sensor_fusion/install/custom_interfaces/lib/libcustom_interfaces__rosidl_typesupport_fastrtps_c.so\n'}
[0.817942] (custom_interfaces) StdoutLine: {'line': b'-- Up-to-date: /home/rehmaan/sensor_fusion/install/custom_interfaces/include/custom_interfaces/custom_interfaces\n'}
[0.818025] (custom_interfaces) StdoutLine: {'line': b'-- Up-to-date: /home/rehmaan/sensor_fusion/install/custom_interfaces/include/custom_interfaces/custom_interfaces/msg\n'}
[0.818108] (custom_interfaces) StdoutLine: {'line': b'-- Up-to-date: /home/rehmaan/sensor_fusion/install/custom_interfaces/include/custom_interfaces/custom_interfaces/msg/rosidl_typesupport_introspection_c__visibility_control.h\n'}
[0.818302] (custom_interfaces) StdoutLine: {'line': b'-- Up-to-date: /home/rehmaan/sensor_fusion/install/custom_interfaces/include/custom_interfaces/custom_interfaces/msg/detail\n'}
[0.818398] (custom_interfaces) StdoutLine: {'line': b'-- Up-to-date: /home/rehmaan/sensor_fusion/install/custom_interfaces/include/custom_interfaces/custom_interfaces/msg/detail/encoder__rosidl_typesupport_introspection_c.h\n'}
[0.818480] (custom_interfaces) StdoutLine: {'line': b'-- Up-to-date: /home/rehmaan/sensor_fusion/install/custom_interfaces/include/custom_interfaces/custom_interfaces/msg/detail/lidar__type_support.c\n'}
[0.818655] (custom_interfaces) StdoutLine: {'line': b'-- Up-to-date: /home/rehmaan/sensor_fusion/install/custom_interfaces/include/custom_interfaces/custom_interfaces/msg/detail/environment__type_support.c\n'}
[0.818817] (custom_interfaces) StdoutLine: {'line': b'-- Up-to-date: /home/rehmaan/sensor_fusion/install/custom_interfaces/include/custom_interfaces/custom_interfaces/msg/detail/lidar__rosidl_typesupport_introspection_c.h\n'}
[0.818930] (custom_interfaces) StdoutLine: {'line': b'-- Up-to-date: /home/rehmaan/sensor_fusion/install/custom_interfaces/include/custom_interfaces/custom_interfaces/msg/detail/environment__rosidl_typesupport_introspection_c.h\n'}
[0.819046] (custom_interfaces) StdoutLine: {'line': b'-- Up-to-date: /home/rehmaan/sensor_fusion/install/custom_interfaces/include/custom_interfaces/custom_interfaces/msg/detail/battery__type_support.c\n'}
[0.819165] (custom_interfaces) StdoutLine: {'line': b'-- Up-to-date: /home/rehmaan/sensor_fusion/install/custom_interfaces/include/custom_interfaces/custom_interfaces/msg/detail/motors__type_support.c\n'}
[0.819273] (custom_interfaces) StdoutLine: {'line': b'-- Up-to-date: /home/rehmaan/sensor_fusion/install/custom_interfaces/include/custom_interfaces/custom_interfaces/msg/detail/distance_sensors__rosidl_typesupport_introspection_c.h\n'}
[0.819393] (custom_interfaces) StdoutLine: {'line': b'-- Up-to-date: /home/rehmaan/sensor_fusion/install/custom_interfaces/include/custom_interfaces/custom_interfaces/msg/detail/imu__rosidl_typesupport_introspection_c.h\n'}
[0.819498] (custom_interfaces) StdoutLine: {'line': b'-- Up-to-date: /home/rehmaan/sensor_fusion/install/custom_interfaces/include/custom_interfaces/custom_interfaces/msg/detail/battery__rosidl_typesupport_introspection_c.h\n'}
[0.819657] (custom_interfaces) StdoutLine: {'line': b'-- Up-to-date: /home/rehmaan/sensor_fusion/install/custom_interfaces/include/custom_interfaces/custom_interfaces/msg/detail/imu__type_support.c\n'}
[0.819773] (custom_interfaces) StdoutLine: {'line': b'-- Up-to-date: /home/rehmaan/sensor_fusion/install/custom_interfaces/include/custom_interfaces/custom_interfaces/msg/detail/odometry__rosidl_typesupport_introspection_c.h\n'}
[0.819886] (custom_interfaces) StdoutLine: {'line': b'-- Up-to-date: /home/rehmaan/sensor_fusion/install/custom_interfaces/include/custom_interfaces/custom_interfaces/msg/detail/distance_sensors__type_support.c\n'}
[0.819997] (custom_interfaces) StdoutLine: {'line': b'-- Up-to-date: /home/rehmaan/sensor_fusion/install/custom_interfaces/include/custom_interfaces/custom_interfaces/msg/detail/odometry__type_support.c\n'}
[0.820110] (custom_interfaces) StdoutLine: {'line': b'-- Up-to-date: /home/rehmaan/sensor_fusion/install/custom_interfaces/include/custom_interfaces/custom_interfaces/msg/detail/motors__rosidl_typesupport_introspection_c.h\n'}
[0.820283] (custom_interfaces) StdoutLine: {'line': b'-- Up-to-date: /home/rehmaan/sensor_fusion/install/custom_interfaces/include/custom_interfaces/custom_interfaces/msg/detail/encoder__type_support.c\n'}
[0.820440] (custom_interfaces) StdoutLine: {'line': b'-- Up-to-date: /home/rehmaan/sensor_fusion/install/custom_interfaces/lib/libcustom_interfaces__rosidl_typesupport_introspection_c.so\n'}
[0.820565] (custom_interfaces) StdoutLine: {'line': b'-- Up-to-date: /home/rehmaan/sensor_fusion/install/custom_interfaces/lib/libcustom_interfaces__rosidl_typesupport_c.so\n'}
[0.820673] (custom_interfaces) StdoutLine: {'line': b'-- Up-to-date: /home/rehmaan/sensor_fusion/install/custom_interfaces/include/custom_interfaces/custom_interfaces\n'}
[0.820792] (custom_interfaces) StdoutLine: {'line': b'-- Up-to-date: /home/rehmaan/sensor_fusion/install/custom_interfaces/include/custom_interfaces/custom_interfaces/msg\n'}
[0.820888] (custom_interfaces) StdoutLine: {'line': b'-- Up-to-date: /home/rehmaan/sensor_fusion/install/custom_interfaces/include/custom_interfaces/custom_interfaces/msg/distance_sensors.hpp\n'}
[0.820991] (custom_interfaces) StdoutLine: {'line': b'-- Up-to-date: /home/rehmaan/sensor_fusion/install/custom_interfaces/include/custom_interfaces/custom_interfaces/msg/lidar.hpp\n'}
[0.821101] (custom_interfaces) StdoutLine: {'line': b'-- Up-to-date: /home/rehmaan/sensor_fusion/install/custom_interfaces/include/custom_interfaces/custom_interfaces/msg/motors.hpp\n'}
[0.821210] (custom_interfaces) StdoutLine: {'line': b'-- Up-to-date: /home/rehmaan/sensor_fusion/install/custom_interfaces/include/custom_interfaces/custom_interfaces/msg/imu.hpp\n'}
[0.821313] (custom_interfaces) StdoutLine: {'line': b'-- Up-to-date: /home/rehmaan/sensor_fusion/install/custom_interfaces/include/custom_interfaces/custom_interfaces/msg/battery.hpp\n'}
[0.821423] (custom_interfaces) StdoutLine: {'line': b'-- Up-to-date: /home/rehmaan/sensor_fusion/install/custom_interfaces/include/custom_interfaces/custom_interfaces/msg/detail\n'}
[0.821527] (custom_interfaces) StdoutLine: {'line': b'-- Up-to-date: /home/rehmaan/sensor_fusion/install/custom_interfaces/include/custom_interfaces/custom_interfaces/msg/detail/environment__struct.hpp\n'}
[0.821628] (custom_interfaces) StdoutLine: {'line': b'-- Up-to-date: /home/rehmaan/sensor_fusion/install/custom_interfaces/include/custom_interfaces/custom_interfaces/msg/detail/battery__struct.hpp\n'}
[0.821738] (custom_interfaces) StdoutLine: {'line': b'-- Up-to-date: /home/rehmaan/sensor_fusion/install/custom_interfaces/include/custom_interfaces/custom_interfaces/msg/detail/encoder__traits.hpp\n'}
[0.821879] (custom_interfaces) StdoutLine: {'line': b'-- Up-to-date: /home/rehmaan/sensor_fusion/install/custom_interfaces/include/custom_interfaces/custom_interfaces/msg/detail/imu__type_support.hpp\n'}
[0.822003] (custom_interfaces) StdoutLine: {'line': b'-- Up-to-date: /home/rehmaan/sensor_fusion/install/custom_interfaces/include/custom_interfaces/custom_interfaces/msg/detail/encoder__type_support.hpp\n'}
[0.822131] (custom_interfaces) StdoutLine: {'line': b'-- Up-to-date: /home/rehmaan/sensor_fusion/install/custom_interfaces/include/custom_interfaces/custom_interfaces/msg/detail/odometry__type_support.hpp\n'}
[0.822448] (custom_interfaces) StdoutLine: {'line': b'-- Up-to-date: /home/rehmaan/sensor_fusion/install/custom_interfaces/include/custom_interfaces/custom_interfaces/msg/detail/imu__traits.hpp\n'}
[0.822947] (custom_interfaces) StdoutLine: {'line': b'-- Up-to-date: /home/rehmaan/sensor_fusion/install/custom_interfaces/include/custom_interfaces/custom_interfaces/msg/detail/imu__builder.hpp\n'}
[0.823694] (custom_interfaces) StdoutLine: {'line': b'-- Up-to-date: /home/rehmaan/sensor_fusion/install/custom_interfaces/include/custom_interfaces/custom_interfaces/msg/detail/motors__builder.hpp\n'}
[0.823929] (custom_interfaces) StdoutLine: {'line': b'-- Up-to-date: /home/rehmaan/sensor_fusion/install/custom_interfaces/include/custom_interfaces/custom_interfaces/msg/detail/battery__type_support.hpp\n'}
[0.824116] (custom_interfaces) StdoutLine: {'line': b'-- Up-to-date: /home/rehmaan/sensor_fusion/install/custom_interfaces/include/custom_interfaces/custom_interfaces/msg/detail/odometry__struct.hpp\n'}
[0.824298] (custom_interfaces) StdoutLine: {'line': b'-- Up-to-date: /home/rehmaan/sensor_fusion/install/custom_interfaces/include/custom_interfaces/custom_interfaces/msg/detail/lidar__type_support.hpp\n'}
[0.824610] (custom_interfaces) StdoutLine: {'line': b'-- Up-to-date: /home/rehmaan/sensor_fusion/install/custom_interfaces/include/custom_interfaces/custom_interfaces/msg/detail/motors__traits.hpp\n'}
[0.824854] (custom_interfaces) StdoutLine: {'line': b'-- Up-to-date: /home/rehmaan/sensor_fusion/install/custom_interfaces/include/custom_interfaces/custom_interfaces/msg/detail/environment__traits.hpp\n'}
[0.825044] (custom_interfaces) StdoutLine: {'line': b'-- Up-to-date: /home/rehmaan/sensor_fusion/install/custom_interfaces/include/custom_interfaces/custom_interfaces/msg/detail/odometry__builder.hpp\n'}
[0.825217] (custom_interfaces) StdoutLine: {'line': b'-- Up-to-date: /home/rehmaan/sensor_fusion/install/custom_interfaces/include/custom_interfaces/custom_interfaces/msg/detail/imu__struct.hpp\n'}
[0.825444] (custom_interfaces) StdoutLine: {'line': b'-- Up-to-date: /home/rehmaan/sensor_fusion/install/custom_interfaces/include/custom_interfaces/custom_interfaces/msg/detail/distance_sensors__traits.hpp\n'}
[0.825752] (custom_interfaces) StdoutLine: {'line': b'-- Up-to-date: /home/rehmaan/sensor_fusion/install/custom_interfaces/include/custom_interfaces/custom_interfaces/msg/detail/odometry__traits.hpp\n'}
[0.826046] (custom_interfaces) StdoutLine: {'line': b'-- Up-to-date: /home/rehmaan/sensor_fusion/install/custom_interfaces/include/custom_interfaces/custom_interfaces/msg/detail/lidar__traits.hpp\n'}
[0.826228] (custom_interfaces) StdoutLine: {'line': b'-- Up-to-date: /home/rehmaan/sensor_fusion/install/custom_interfaces/include/custom_interfaces/custom_interfaces/msg/detail/lidar__builder.hpp\n'}
[0.826439] (custom_interfaces) StdoutLine: {'line': b'-- Up-to-date: /home/rehmaan/sensor_fusion/install/custom_interfaces/include/custom_interfaces/custom_interfaces/msg/detail/motors__type_support.hpp\n'}
[0.826693] (custom_interfaces) StdoutLine: {'line': b'-- Up-to-date: /home/rehmaan/sensor_fusion/install/custom_interfaces/include/custom_interfaces/custom_interfaces/msg/detail/distance_sensors__type_support.hpp\n'}
[0.826865] (custom_interfaces) StdoutLine: {'line': b'-- Up-to-date: /home/rehmaan/sensor_fusion/install/custom_interfaces/include/custom_interfaces/custom_interfaces/msg/detail/environment__builder.hpp\n'}
[0.827054] (custom_interfaces) StdoutLine: {'line': b'-- Up-to-date: /home/rehmaan/sensor_fusion/install/custom_interfaces/include/custom_interfaces/custom_interfaces/msg/detail/battery__traits.hpp\n'}
[0.827223] (custom_interfaces) StdoutLine: {'line': b'-- Up-to-date: /home/rehmaan/sensor_fusion/install/custom_interfaces/include/custom_interfaces/custom_interfaces/msg/detail/distance_sensors__struct.hpp\n'}
[0.827385] (custom_interfaces) StdoutLine: {'line': b'-- Up-to-date: /home/rehmaan/sensor_fusion/install/custom_interfaces/include/custom_interfaces/custom_interfaces/msg/detail/encoder__struct.hpp\n'}
[0.827543] (custom_interfaces) StdoutLine: {'line': b'-- Up-to-date: /home/rehmaan/sensor_fusion/install/custom_interfaces/include/custom_interfaces/custom_interfaces/msg/detail/distance_sensors__builder.hpp\n'}
[0.827760] (custom_interfaces) StdoutLine: {'line': b'-- Up-to-date: /home/rehmaan/sensor_fusion/install/custom_interfaces/include/custom_interfaces/custom_interfaces/msg/detail/motors__struct.hpp\n'}
[0.827971] (custom_interfaces) StdoutLine: {'line': b'-- Up-to-date: /home/rehmaan/sensor_fusion/install/custom_interfaces/include/custom_interfaces/custom_interfaces/msg/detail/encoder__builder.hpp\n'}
[0.828142] (custom_interfaces) StdoutLine: {'line': b'-- Up-to-date: /home/rehmaan/sensor_fusion/install/custom_interfaces/include/custom_interfaces/custom_interfaces/msg/detail/lidar__struct.hpp\n'}
[0.828316] (custom_interfaces) StdoutLine: {'line': b'-- Up-to-date: /home/rehmaan/sensor_fusion/install/custom_interfaces/include/custom_interfaces/custom_interfaces/msg/detail/battery__builder.hpp\n'}
[0.828470] (custom_interfaces) StdoutLine: {'line': b'-- Up-to-date: /home/rehmaan/sensor_fusion/install/custom_interfaces/include/custom_interfaces/custom_interfaces/msg/detail/environment__type_support.hpp\n'}
[0.828793] (custom_interfaces) StdoutLine: {'line': b'-- Up-to-date: /home/rehmaan/sensor_fusion/install/custom_interfaces/include/custom_interfaces/custom_interfaces/msg/odometry.hpp\n'}
[0.828959] (custom_interfaces) StdoutLine: {'line': b'-- Up-to-date: /home/rehmaan/sensor_fusion/install/custom_interfaces/include/custom_interfaces/custom_interfaces/msg/rosidl_generator_cpp__visibility_control.hpp\n'}
[0.829112] (custom_interfaces) StdoutLine: {'line': b'-- Up-to-date: /home/rehmaan/sensor_fusion/install/custom_interfaces/include/custom_interfaces/custom_interfaces/msg/encoder.hpp\n'}
[0.829260] (custom_interfaces) StdoutLine: {'line': b'-- Up-to-date: /home/rehmaan/sensor_fusion/install/custom_interfaces/include/custom_interfaces/custom_interfaces/msg/environment.hpp\n'}
[0.829412] (custom_interfaces) StdoutLine: {'line': b'-- Up-to-date: /home/rehmaan/sensor_fusion/install/custom_interfaces/include/custom_interfaces/custom_interfaces\n'}
[0.829559] (custom_interfaces) StdoutLine: {'line': b'-- Up-to-date: /home/rehmaan/sensor_fusion/install/custom_interfaces/include/custom_interfaces/custom_interfaces/msg\n'}
[0.829707] (custom_interfaces) StdoutLine: {'line': b'-- Up-to-date: /home/rehmaan/sensor_fusion/install/custom_interfaces/include/custom_interfaces/custom_interfaces/msg/detail\n'}
[0.829946] (custom_interfaces) StdoutLine: {'line': b'-- Up-to-date: /home/rehmaan/sensor_fusion/install/custom_interfaces/include/custom_interfaces/custom_interfaces/msg/detail/lidar__rosidl_typesupport_fastrtps_cpp.hpp\n'}
[0.830102] (custom_interfaces) StdoutLine: {'line': b'-- Up-to-date: /home/rehmaan/sensor_fusion/install/custom_interfaces/include/custom_interfaces/custom_interfaces/msg/detail/dds_fastrtps\n'}
[0.830251] (custom_interfaces) StdoutLine: {'line': b'-- Up-to-date: /home/rehmaan/sensor_fusion/install/custom_interfaces/include/custom_interfaces/custom_interfaces/msg/detail/imu__rosidl_typesupport_fastrtps_cpp.hpp\n'}
[0.830394] (custom_interfaces) StdoutLine: {'line': b'-- Up-to-date: /home/rehmaan/sensor_fusion/install/custom_interfaces/include/custom_interfaces/custom_interfaces/msg/detail/motors__rosidl_typesupport_fastrtps_cpp.hpp\n'}
[0.830550] (custom_interfaces) StdoutLine: {'line': b'-- Up-to-date: /home/rehmaan/sensor_fusion/install/custom_interfaces/include/custom_interfaces/custom_interfaces/msg/detail/distance_sensors__rosidl_typesupport_fastrtps_cpp.hpp\n'}
[0.830698] (custom_interfaces) StdoutLine: {'line': b'-- Up-to-date: /home/rehmaan/sensor_fusion/install/custom_interfaces/include/custom_interfaces/custom_interfaces/msg/detail/odometry__rosidl_typesupport_fastrtps_cpp.hpp\n'}
[0.830848] (custom_interfaces) StdoutLine: {'line': b'-- Up-to-date: /home/rehmaan/sensor_fusion/install/custom_interfaces/include/custom_interfaces/custom_interfaces/msg/detail/battery__rosidl_typesupport_fastrtps_cpp.hpp\n'}
[0.830995] (custom_interfaces) StdoutLine: {'line': b'-- Up-to-date: /home/rehmaan/sensor_fusion/install/custom_interfaces/include/custom_interfaces/custom_interfaces/msg/detail/environment__rosidl_typesupport_fastrtps_cpp.hpp\n'}
[0.831158] (custom_interfaces) StdoutLine: {'line': b'-- Up-to-date: /home/rehmaan/sensor_fusion/install/custom_interfaces/include/custom_interfaces/custom_interfaces/msg/detail/encoder__rosidl_typesupport_fastrtps_cpp.hpp\n'}
[0.831309] (custom_interfaces) StdoutLine: {'line': b'-- Up-to-date: /home/rehmaan/sensor_fusion/install/custom_interfaces/include/custom_interfaces/custom_interfaces/msg/rosidl_typesupport_fastrtps_cpp__visibility_control.h\n'}
[0.831456] (custom_interfaces) StdoutLine: {'line': b'-- Up-to-date: /home/rehmaan/sensor_fusion/install/custom_interfaces/lib/libcustom_interfaces__rosidl_typesupport_fastrtps_cpp.so\n'}
[0.831602] (custom_interfaces) StdoutLine: {'line': b'-- Up-to-date: /home/rehmaan/sensor_fusion/install/custom_interfaces/include/custom_interfaces/custom_interfaces\n'}
[0.831805] (custom_interfaces) StdoutLine: {'line': b'-- Up-to-date: /home/rehmaan/sensor_fusion/install/custom_interfaces/include/custom_interfaces/custom_interfaces/msg\n'}
[0.832004] (custom_interfaces) StdoutLine: {'line': b'-- Up-to-date: /home/rehmaan/sensor_fusion/install/custom_interfaces/include/custom_interfaces/custom_interfaces/msg/detail\n'}
[0.832160] (custom_interfaces) StdoutLine: {'line': b'-- Up-to-date: /home/rehmaan/sensor_fusion/install/custom_interfaces/include/custom_interfaces/custom_interfaces/msg/detail/distance_sensors__rosidl_typesupport_introspection_cpp.hpp\n'}
[0.832316] (custom_interfaces) StdoutLine: {'line': b'-- Up-to-date: /home/rehmaan/sensor_fusion/install/custom_interfaces/include/custom_interfaces/custom_interfaces/msg/detail/lidar__type_support.cpp\n'}
[0.832469] (custom_interfaces) StdoutLine: {'line': b'-- Up-to-date: /home/rehmaan/sensor_fusion/install/custom_interfaces/include/custom_interfaces/custom_interfaces/msg/detail/encoder__type_support.cpp\n'}
[0.832651] (custom_interfaces) StdoutLine: {'line': b'-- Up-to-date: /home/rehmaan/sensor_fusion/install/custom_interfaces/include/custom_interfaces/custom_interfaces/msg/detail/environment__rosidl_typesupport_introspection_cpp.hpp\n'}
[0.832862] (custom_interfaces) StdoutLine: {'line': b'-- Up-to-date: /home/rehmaan/sensor_fusion/install/custom_interfaces/include/custom_interfaces/custom_interfaces/msg/detail/battery__type_support.cpp\n'}
[0.833402] (custom_interfaces) StdoutLine: {'line': b'-- Up-to-date: /home/rehmaan/sensor_fusion/install/custom_interfaces/include/custom_interfaces/custom_interfaces/msg/detail/battery__rosidl_typesupport_introspection_cpp.hpp\n'}
[0.833680] (custom_interfaces) StdoutLine: {'line': b'-- Up-to-date: /home/rehmaan/sensor_fusion/install/custom_interfaces/include/custom_interfaces/custom_interfaces/msg/detail/odometry__type_support.cpp\n'}
[0.833890] (custom_interfaces) StdoutLine: {'line': b'-- Up-to-date: /home/rehmaan/sensor_fusion/install/custom_interfaces/include/custom_interfaces/custom_interfaces/msg/detail/lidar__rosidl_typesupport_introspection_cpp.hpp\n'}
[0.834632] (custom_interfaces) StdoutLine: {'line': b'-- Up-to-date: /home/rehmaan/sensor_fusion/install/custom_interfaces/include/custom_interfaces/custom_interfaces/msg/detail/motors__type_support.cpp\n'}
[0.834857] (custom_interfaces) StdoutLine: {'line': b'-- Up-to-date: /home/rehmaan/sensor_fusion/install/custom_interfaces/include/custom_interfaces/custom_interfaces/msg/detail/imu__rosidl_typesupport_introspection_cpp.hpp\n'}
[0.835131] (custom_interfaces) StdoutLine: {'line': b'-- Up-to-date: /home/rehmaan/sensor_fusion/install/custom_interfaces/include/custom_interfaces/custom_interfaces/msg/detail/motors__rosidl_typesupport_introspection_cpp.hpp\n'}
[0.835371] (custom_interfaces) StdoutLine: {'line': b'-- Up-to-date: /home/rehmaan/sensor_fusion/install/custom_interfaces/include/custom_interfaces/custom_interfaces/msg/detail/environment__type_support.cpp\n'}
[0.835607] (custom_interfaces) StdoutLine: {'line': b'-- Up-to-date: /home/rehmaan/sensor_fusion/install/custom_interfaces/include/custom_interfaces/custom_interfaces/msg/detail/distance_sensors__type_support.cpp\n'}
[0.835847] (custom_interfaces) StdoutLine: {'line': b'-- Up-to-date: /home/rehmaan/sensor_fusion/install/custom_interfaces/include/custom_interfaces/custom_interfaces/msg/detail/imu__type_support.cpp\n'}
[0.836062] (custom_interfaces) StdoutLine: {'line': b'-- Up-to-date: /home/rehmaan/sensor_fusion/install/custom_interfaces/include/custom_interfaces/custom_interfaces/msg/detail/odometry__rosidl_typesupport_introspection_cpp.hpp\n'}
[0.836422] (custom_interfaces) StdoutLine: {'line': b'-- Up-to-date: /home/rehmaan/sensor_fusion/install/custom_interfaces/include/custom_interfaces/custom_interfaces/msg/detail/encoder__rosidl_typesupport_introspection_cpp.hpp\n'}
[0.836689] (custom_interfaces) StdoutLine: {'line': b'-- Up-to-date: /home/rehmaan/sensor_fusion/install/custom_interfaces/lib/libcustom_interfaces__rosidl_typesupport_introspection_cpp.so\n'}
[0.836925] (custom_interfaces) StdoutLine: {'line': b'-- Up-to-date: /home/rehmaan/sensor_fusion/install/custom_interfaces/lib/libcustom_interfaces__rosidl_typesupport_cpp.so\n'}
[0.837108] (custom_interfaces) StdoutLine: {'line': b'-- Up-to-date: /home/rehmaan/sensor_fusion/install/custom_interfaces/share/custom_interfaces/environment/pythonpath.sh\n'}
[0.837306] (custom_interfaces) StdoutLine: {'line': b'-- Up-to-date: /home/rehmaan/sensor_fusion/install/custom_interfaces/share/custom_interfaces/environment/pythonpath.dsv\n'}
[0.837489] (custom_interfaces) StdoutLine: {'line': b'-- Up-to-date: /home/rehmaan/sensor_fusion/install/custom_interfaces/lib/python3.12/site-packages/custom_interfaces-0.0.0-py3.12.egg-info\n'}
[0.837705] (custom_interfaces) StdoutLine: {'line': b'-- Installing: /home/rehmaan/sensor_fusion/install/custom_interfaces/lib/python3.12/site-packages/custom_interfaces-0.0.0-py3.12.egg-info/PKG-INFO\n'}
[0.837882] (custom_interfaces) StdoutLine: {'line': b'-- Installing: /home/rehmaan/sensor_fusion/install/custom_interfaces/lib/python3.12/site-packages/custom_interfaces-0.0.0-py3.12.egg-info/SOURCES.txt\n'}
[0.838058] (custom_interfaces) StdoutLine: {'line': b'-- Installing: /home/rehmaan/sensor_fusion/install/custom_interfaces/lib/python3.12/site-packages/custom_interfaces-0.0.0-py3.12.egg-info/dependency_links.txt\n'}
[0.838398] (custom_interfaces) StdoutLine: {'line': b'-- Installing: /home/rehmaan/sensor_fusion/install/custom_interfaces/lib/python3.12/site-packages/custom_interfaces-0.0.0-py3.12.egg-info/top_level.txt\n'}
[0.838703] (custom_interfaces) StdoutLine: {'line': b'-- Up-to-date: /home/rehmaan/sensor_fusion/install/custom_interfaces/lib/python3.12/site-packages/custom_interfaces\n'}
[0.838912] (custom_interfaces) StdoutLine: {'line': b'-- Up-to-date: /home/rehmaan/sensor_fusion/install/custom_interfaces/lib/python3.12/site-packages/custom_interfaces/_custom_interfaces_s.ep.rosidl_typesupport_fastrtps_c.c\n'}
[0.839099] (custom_interfaces) StdoutLine: {'line': b'-- Up-to-date: /home/rehmaan/sensor_fusion/install/custom_interfaces/lib/python3.12/site-packages/custom_interfaces/custom_interfaces_s__rosidl_typesupport_c.so\n'}
[0.839287] (custom_interfaces) StdoutLine: {'line': b'-- Up-to-date: /home/rehmaan/sensor_fusion/install/custom_interfaces/lib/python3.12/site-packages/custom_interfaces/custom_interfaces_s__rosidl_typesupport_introspection_c.so\n'}
[0.839462] (custom_interfaces) StdoutLine: {'line': b'-- Up-to-date: /home/rehmaan/sensor_fusion/install/custom_interfaces/lib/python3.12/site-packages/custom_interfaces/custom_interfaces_s__rosidl_typesupport_fastrtps_c.so\n'}
[0.839629] (custom_interfaces) StdoutLine: {'line': b'-- Up-to-date: /home/rehmaan/sensor_fusion/install/custom_interfaces/lib/python3.12/site-packages/custom_interfaces/_custom_interfaces_s.ep.rosidl_typesupport_introspection_c.c\n'}
[0.839801] (custom_interfaces) StdoutLine: {'line': b'-- Up-to-date: /home/rehmaan/sensor_fusion/install/custom_interfaces/lib/python3.12/site-packages/custom_interfaces/__init__.py\n'}
[0.839971] (custom_interfaces) StdoutLine: {'line': b'-- Up-to-date: /home/rehmaan/sensor_fusion/install/custom_interfaces/lib/python3.12/site-packages/custom_interfaces/_custom_interfaces_s.ep.rosidl_typesupport_c.c\n'}
[0.840141] (custom_interfaces) StdoutLine: {'line': b'-- Up-to-date: /home/rehmaan/sensor_fusion/install/custom_interfaces/lib/python3.12/site-packages/custom_interfaces/msg\n'}
[0.840434] (custom_interfaces) StdoutLine: {'line': b'-- Up-to-date: /home/rehmaan/sensor_fusion/install/custom_interfaces/lib/python3.12/site-packages/custom_interfaces/msg/_imu.py\n'}
[0.840790] (custom_interfaces) StdoutLine: {'line': b'-- Up-to-date: /home/rehmaan/sensor_fusion/install/custom_interfaces/lib/python3.12/site-packages/custom_interfaces/msg/_environment.py\n'}
[0.841145] (custom_interfaces) StdoutLine: {'line': b'-- Up-to-date: /home/rehmaan/sensor_fusion/install/custom_interfaces/lib/python3.12/site-packages/custom_interfaces/msg/_battery.py\n'}
[0.841314] (custom_interfaces) StdoutLine: {'line': b'-- Up-to-date: /home/rehmaan/sensor_fusion/install/custom_interfaces/lib/python3.12/site-packages/custom_interfaces/msg/_battery_s.c\n'}
[0.841478] (custom_interfaces) StdoutLine: {'line': b'-- Up-to-date: /home/rehmaan/sensor_fusion/install/custom_interfaces/lib/python3.12/site-packages/custom_interfaces/msg/_odometry_s.c\n'}
[0.841660] (custom_interfaces) StdoutLine: {'line': b'-- Up-to-date: /home/rehmaan/sensor_fusion/install/custom_interfaces/lib/python3.12/site-packages/custom_interfaces/msg/_environment_s.c\n'}
[0.841811] (custom_interfaces) StdoutLine: {'line': b'-- Up-to-date: /home/rehmaan/sensor_fusion/install/custom_interfaces/lib/python3.12/site-packages/custom_interfaces/msg/_odometry.py\n'}
[0.841960] (custom_interfaces) StdoutLine: {'line': b'-- Up-to-date: /home/rehmaan/sensor_fusion/install/custom_interfaces/lib/python3.12/site-packages/custom_interfaces/msg/_imu_s.c\n'}
[0.842107] (custom_interfaces) StdoutLine: {'line': b'-- Up-to-date: /home/rehmaan/sensor_fusion/install/custom_interfaces/lib/python3.12/site-packages/custom_interfaces/msg/_motors.py\n'}
[0.842355] (custom_interfaces) StdoutLine: {'line': b'-- Up-to-date: /home/rehmaan/sensor_fusion/install/custom_interfaces/lib/python3.12/site-packages/custom_interfaces/msg/_distance_sensors.py\n'}
[0.842597] (custom_interfaces) StdoutLine: {'line': b'-- Up-to-date: /home/rehmaan/sensor_fusion/install/custom_interfaces/lib/python3.12/site-packages/custom_interfaces/msg/__init__.py\n'}
[0.842789] (custom_interfaces) StdoutLine: {'line': b'-- Up-to-date: /home/rehmaan/sensor_fusion/install/custom_interfaces/lib/python3.12/site-packages/custom_interfaces/msg/_encoder_s.c\n'}
[0.842952] (custom_interfaces) StdoutLine: {'line': b'-- Up-to-date: /home/rehmaan/sensor_fusion/install/custom_interfaces/lib/python3.12/site-packages/custom_interfaces/msg/_distance_sensors_s.c\n'}
[0.843112] (custom_interfaces) StdoutLine: {'line': b'-- Up-to-date: /home/rehmaan/sensor_fusion/install/custom_interfaces/lib/python3.12/site-packages/custom_interfaces/msg/_encoder.py\n'}
[0.843265] (custom_interfaces) StdoutLine: {'line': b'-- Up-to-date: /home/rehmaan/sensor_fusion/install/custom_interfaces/lib/python3.12/site-packages/custom_interfaces/msg/_motors_s.c\n'}
[0.843414] (custom_interfaces) StdoutLine: {'line': b'-- Up-to-date: /home/rehmaan/sensor_fusion/install/custom_interfaces/lib/python3.12/site-packages/custom_interfaces/msg/_lidar.py\n'}
[0.843588] (custom_interfaces) StdoutLine: {'line': b'-- Up-to-date: /home/rehmaan/sensor_fusion/install/custom_interfaces/lib/python3.12/site-packages/custom_interfaces/msg/_lidar_s.c\n'}
[0.882875] (custom_interfaces) StdoutLine: {'line': b"Listing '/home/rehmaan/sensor_fusion/install/custom_interfaces/lib/python3.12/site-packages/custom_interfaces'...\n"}
[0.883296] (custom_interfaces) StdoutLine: {'line': b"Listing '/home/rehmaan/sensor_fusion/install/custom_interfaces/lib/python3.12/site-packages/custom_interfaces/msg'...\n"}
[0.894838] (custom_interfaces) StdoutLine: {'line': b'-- Up-to-date: /home/rehmaan/sensor_fusion/install/custom_interfaces/lib/python3.12/site-packages/custom_interfaces/custom_interfaces_s__rosidl_typesupport_fastrtps_c.so\n'}
[0.895586] (custom_interfaces) StdoutLine: {'line': b'-- Up-to-date: /home/rehmaan/sensor_fusion/install/custom_interfaces/lib/python3.12/site-packages/custom_interfaces/custom_interfaces_s__rosidl_typesupport_introspection_c.so\n'}
[0.896294] (custom_interfaces) StdoutLine: {'line': b'-- Up-to-date: /home/rehmaan/sensor_fusion/install/custom_interfaces/lib/python3.12/site-packages/custom_interfaces/custom_interfaces_s__rosidl_typesupport_c.so\n'}
[0.896889] (custom_interfaces) StdoutLine: {'line': b'-- Up-to-date: /home/rehmaan/sensor_fusion/install/custom_interfaces/lib/libcustom_interfaces__rosidl_generator_py.so\n'}
[0.897617] (custom_interfaces) StdoutLine: {'line': b'-- Up-to-date: /home/rehmaan/sensor_fusion/install/custom_interfaces/share/custom_interfaces/msg/Battery.idl\n'}
[0.898197] (custom_interfaces) StdoutLine: {'line': b'-- Up-to-date: /home/rehmaan/sensor_fusion/install/custom_interfaces/share/custom_interfaces/msg/DistanceSensors.idl\n'}
[0.898775] (custom_interfaces) StdoutLine: {'line': b'-- Up-to-date: /home/rehmaan/sensor_fusion/install/custom_interfaces/share/custom_interfaces/msg/Encoder.idl\n'}
[0.899215] (custom_interfaces) StdoutLine: {'line': b'-- Up-to-date: /home/rehmaan/sensor_fusion/install/custom_interfaces/share/custom_interfaces/msg/Environment.idl\n'}
[0.899667] (custom_interfaces) StdoutLine: {'line': b'-- Up-to-date: /home/rehmaan/sensor_fusion/install/custom_interfaces/share/custom_interfaces/msg/IMU.idl\n'}
[0.899980] (custom_interfaces) StdoutLine: {'line': b'-- Up-to-date: /home/rehmaan/sensor_fusion/install/custom_interfaces/share/custom_interfaces/msg/Lidar.idl\n'}
[0.900306] (custom_interfaces) StdoutLine: {'line': b'-- Up-to-date: /home/rehmaan/sensor_fusion/install/custom_interfaces/share/custom_interfaces/msg/Motors.idl\n'}
[0.900540] (custom_interfaces) StdoutLine: {'line': b'-- Up-to-date: /home/rehmaan/sensor_fusion/install/custom_interfaces/share/custom_interfaces/msg/Odometry.idl\n'}
[0.901315] (-) TimerEvent: {}
[0.902007] (custom_interfaces) StdoutLine: {'line': b'-- Up-to-date: /home/rehmaan/sensor_fusion/install/custom_interfaces/share/custom_interfaces/msg/Battery.msg\n'}
[0.902228] (custom_interfaces) StdoutLine: {'line': b'-- Up-to-date: /home/rehmaan/sensor_fusion/install/custom_interfaces/share/custom_interfaces/msg/DistanceSensors.msg\n'}
[0.902338] (custom_interfaces) StdoutLine: {'line': b'-- Up-to-date: /home/rehmaan/sensor_fusion/install/custom_interfaces/share/custom_interfaces/msg/Encoder.msg\n'}
[0.902439] (custom_interfaces) StdoutLine: {'line': b'-- Up-to-date: /home/rehmaan/sensor_fusion/install/custom_interfaces/share/custom_interfaces/msg/Environment.msg\n'}
[0.902588] (custom_interfaces) StdoutLine: {'line': b'-- Up-to-date: /home/rehmaan/sensor_fusion/install/custom_interfaces/share/custom_interfaces/msg/IMU.msg\n'}
[0.902806] (custom_interfaces) StdoutLine: {'line': b'-- Up-to-date: /home/rehmaan/sensor_fusion/install/custom_interfaces/share/custom_interfaces/msg/Lidar.msg\n'}
[0.902991] (custom_interfaces) StdoutLine: {'line': b'-- Up-to-date: /home/rehmaan/sensor_fusion/install/custom_interfaces/share/custom_interfaces/msg/Motors.msg\n'}
[0.903496] (custom_interfaces) StdoutLine: {'line': b'-- Up-to-date: /home/rehmaan/sensor_fusion/install/custom_interfaces/share/custom_interfaces/msg/Odometry.msg\n'}
[0.903800] (custom_interfaces) StdoutLine: {'line': b'-- Up-to-date: /home/rehmaan/sensor_fusion/install/custom_interfaces/share/ament_index/resource_index/package_run_dependencies/custom_interfaces\n'}
[0.903990] (custom_interfaces) StdoutLine: {'line': b'-- Up-to-date: /home/rehmaan/sensor_fusion/install/custom_interfaces/share/ament_index/resource_index/parent_prefix_path/custom_interfaces\n'}
[0.904211] (custom_interfaces) StdoutLine: {'line': b'-- Up-to-date: /home/rehmaan/sensor_fusion/install/custom_interfaces/share/custom_interfaces/environment/ament_prefix_path.sh\n'}
[0.904297] (custom_interfaces) StdoutLine: {'line': b'-- Up-to-date: /home/rehmaan/sensor_fusion/install/custom_interfaces/share/custom_interfaces/environment/ament_prefix_path.dsv\n'}
[0.904540] (custom_interfaces) StdoutLine: {'line': b'-- Up-to-date: /home/rehmaan/sensor_fusion/install/custom_interfaces/share/custom_interfaces/environment/path.sh\n'}
[0.904821] (custom_interfaces) StdoutLine: {'line': b'-- Up-to-date: /home/rehmaan/sensor_fusion/install/custom_interfaces/share/custom_interfaces/environment/path.dsv\n'}
[0.905303] (custom_interfaces) StdoutLine: {'line': b'-- Up-to-date: /home/rehmaan/sensor_fusion/install/custom_interfaces/share/custom_interfaces/local_setup.bash\n'}
[0.905785] (custom_interfaces) StdoutLine: {'line': b'-- Up-to-date: /home/rehmaan/sensor_fusion/install/custom_interfaces/share/custom_interfaces/local_setup.sh\n'}
[0.907087] (custom_interfaces) StdoutLine: {'line': b'-- Up-to-date: /home/rehmaan/sensor_fusion/install/custom_interfaces/share/custom_interfaces/local_setup.zsh\n'}
[0.907529] (custom_interfaces) StdoutLine: {'line': b'-- Up-to-date: /home/rehmaan/sensor_fusion/install/custom_interfaces/share/custom_interfaces/local_setup.dsv\n'}
[0.908036] (custom_interfaces) StdoutLine: {'line': b'-- Installing: /home/rehmaan/sensor_fusion/install/custom_interfaces/share/custom_interfaces/package.dsv\n'}
[0.908222] (custom_interfaces) StdoutLine: {'line': b'-- Up-to-date: /home/rehmaan/sensor_fusion/install/custom_interfaces/share/ament_index/resource_index/packages/custom_interfaces\n'}
[0.908476] (custom_interfaces) StdoutLine: {'line': b'-- Up-to-date: /home/rehmaan/sensor_fusion/install/custom_interfaces/share/custom_interfaces/cmake/export_custom_interfaces__rosidl_generator_cExport.cmake\n'}
[0.908758] (custom_interfaces) StdoutLine: {'line': b'-- Up-to-date: /home/rehmaan/sensor_fusion/install/custom_interfaces/share/custom_interfaces/cmake/export_custom_interfaces__rosidl_generator_cExport-noconfig.cmake\n'}
[0.908925] (custom_interfaces) StdoutLine: {'line': b'-- Up-to-date: /home/rehmaan/sensor_fusion/install/custom_interfaces/share/custom_interfaces/cmake/export_custom_interfaces__rosidl_typesupport_fastrtps_cExport.cmake\n'}
[0.909083] (custom_interfaces) StdoutLine: {'line': b'-- Up-to-date: /home/rehmaan/sensor_fusion/install/custom_interfaces/share/custom_interfaces/cmake/export_custom_interfaces__rosidl_typesupport_fastrtps_cExport-noconfig.cmake\n'}
[0.909905] (custom_interfaces) StdoutLine: {'line': b'-- Up-to-date: /home/rehmaan/sensor_fusion/install/custom_interfaces/share/custom_interfaces/cmake/custom_interfaces__rosidl_typesupport_introspection_cExport.cmake\n'}
[0.910350] (custom_interfaces) StdoutLine: {'line': b'-- Up-to-date: /home/rehmaan/sensor_fusion/install/custom_interfaces/share/custom_interfaces/cmake/custom_interfaces__rosidl_typesupport_introspection_cExport-noconfig.cmake\n'}
[0.910553] (custom_interfaces) StdoutLine: {'line': b'-- Up-to-date: /home/rehmaan/sensor_fusion/install/custom_interfaces/share/custom_interfaces/cmake/custom_interfaces__rosidl_typesupport_cExport.cmake\n'}
[0.910720] (custom_interfaces) StdoutLine: {'line': b'-- Up-to-date: /home/rehmaan/sensor_fusion/install/custom_interfaces/share/custom_interfaces/cmake/custom_interfaces__rosidl_typesupport_cExport-noconfig.cmake\n'}
[0.910882] (custom_interfaces) StdoutLine: {'line': b'-- Up-to-date: /home/rehmaan/sensor_fusion/install/custom_interfaces/share/custom_interfaces/cmake/export_custom_interfaces__rosidl_generator_cppExport.cmake\n'}
[0.911083] (custom_interfaces) StdoutLine: {'line': b'-- Up-to-date: /home/rehmaan/sensor_fusion/install/custom_interfaces/share/custom_interfaces/cmake/export_custom_interfaces__rosidl_typesupport_fastrtps_cppExport.cmake\n'}
[0.911274] (custom_interfaces) StdoutLine: {'line': b'-- Up-to-date: /home/rehmaan/sensor_fusion/install/custom_interfaces/share/custom_interfaces/cmake/export_custom_interfaces__rosidl_typesupport_fastrtps_cppExport-noconfig.cmake\n'}
[0.911476] (custom_interfaces) StdoutLine: {'line': b'-- Up-to-date: /home/rehmaan/sensor_fusion/install/custom_interfaces/share/custom_interfaces/cmake/custom_interfaces__rosidl_typesupport_introspection_cppExport.cmake\n'}
[0.912072] (custom_interfaces) StdoutLine: {'line': b'-- Up-to-date: /home/rehmaan/sensor_fusion/install/custom_interfaces/share/custom_interfaces/cmake/custom_interfaces__rosidl_typesupport_introspection_cppExport-noconfig.cmake\n'}
[0.912586] (custom_interfaces) StdoutLine: {'line': b'-- Up-to-date: /home/rehmaan/sensor_fusion/install/custom_interfaces/share/custom_interfaces/cmake/custom_interfaces__rosidl_typesupport_cppExport.cmake\n'}
[0.913133] (custom_interfaces) StdoutLine: {'line': b'-- Up-to-date: /home/rehmaan/sensor_fusion/install/custom_interfaces/share/custom_interfaces/cmake/custom_interfaces__rosidl_typesupport_cppExport-noconfig.cmake\n'}
[0.913570] (custom_interfaces) StdoutLine: {'line': b'-- Up-to-date: /home/rehmaan/sensor_fusion/install/custom_interfaces/share/custom_interfaces/cmake/export_custom_interfaces__rosidl_generator_pyExport.cmake\n'}
[0.914154] (custom_interfaces) StdoutLine: {'line': b'-- Up-to-date: /home/rehmaan/sensor_fusion/install/custom_interfaces/share/custom_interfaces/cmake/export_custom_interfaces__rosidl_generator_pyExport-noconfig.cmake\n'}
[0.914836] (custom_interfaces) StdoutLine: {'line': b'-- Up-to-date: /home/rehmaan/sensor_fusion/install/custom_interfaces/share/custom_interfaces/cmake/rosidl_cmake-extras.cmake\n'}
[0.915308] (custom_interfaces) StdoutLine: {'line': b'-- Up-to-date: /home/rehmaan/sensor_fusion/install/custom_interfaces/share/custom_interfaces/cmake/ament_cmake_export_include_directories-extras.cmake\n'}
[0.915743] (custom_interfaces) StdoutLine: {'line': b'-- Up-to-date: /home/rehmaan/sensor_fusion/install/custom_interfaces/share/custom_interfaces/cmake/ament_cmake_export_libraries-extras.cmake\n'}
[0.917610] (custom_interfaces) StdoutLine: {'line': b'-- Up-to-date: /home/rehmaan/sensor_fusion/install/custom_interfaces/share/custom_interfaces/cmake/ament_cmake_export_targets-extras.cmake\n'}
[0.919982] (custom_interfaces) StdoutLine: {'line': b'-- Up-to-date: /home/rehmaan/sensor_fusion/install/custom_interfaces/share/custom_interfaces/cmake/rosidl_cmake_export_typesupport_targets-extras.cmake\n'}
[0.920480] (custom_interfaces) StdoutLine: {'line': b'-- Up-to-date: /home/rehmaan/sensor_fusion/install/custom_interfaces/share/custom_interfaces/cmake/ament_cmake_export_dependencies-extras.cmake\n'}
[0.921525] (custom_interfaces) StdoutLine: {'line': b'-- Up-to-date: /home/rehmaan/sensor_fusion/install/custom_interfaces/share/custom_interfaces/cmake/rosidl_cmake_export_typesupport_libraries-extras.cmake\n'}
[0.923621] (custom_interfaces) StdoutLine: {'line': b'-- Up-to-date: /home/rehmaan/sensor_fusion/install/custom_interfaces/share/custom_interfaces/cmake/custom_interfacesConfig.cmake\n'}
[0.924913] (custom_interfaces) StdoutLine: {'line': b'-- Up-to-date: /home/rehmaan/sensor_fusion/install/custom_interfaces/share/custom_interfaces/cmake/custom_interfacesConfig-version.cmake\n'}
[0.925569] (custom_interfaces) StdoutLine: {'line': b'-- Up-to-date: /home/rehmaan/sensor_fusion/install/custom_interfaces/share/custom_interfaces/package.xml\n'}
[0.925917] (custom_interfaces) CommandEnded: {'returncode': 0}
[0.979080] (custom_interfaces) JobEnded: {'identifier': 'custom_interfaces', 'rc': 0}
[0.981290] (sensors_data) JobStarted: {'identifier': 'sensors_data'}
[1.001684] (-) TimerEvent: {}
[1.102500] (-) TimerEvent: {}
[1.203036] (-) TimerEvent: {}
[1.303626] (-) TimerEvent: {}
[1.404387] (-) TimerEvent: {}
[1.505171] (-) TimerEvent: {}
[1.514337] (sensors_data) JobProgress: {'identifier': 'sensors_data', 'progress': 'cmake'}
[1.515845] (sensors_data) JobProgress: {'identifier': 'sensors_data', 'progress': 'build'}
[1.517960] (sensors_data) Command: {'cmd': ['/usr/bin/cmake', '--build', '/home/rehmaan/sensor_fusion/build/sensors_data', '--', '-j12', '-l12'], 'cwd': '/home/rehmaan/sensor_fusion/build/sensors_data', 'env': OrderedDict({'PYTHON_BASIC_REPL': '1', 'LESSOPEN': '| /usr/bin/lesspipe %s', 'USER': 'rehmaan', 'GIT_ASKPASS': '/home/rehmaan/.vscode-server/bin/07ff9d6178ede9a1bd12ad3399074d726ebe6e43/extensions/git/dist/askpass.sh', 'SHLVL': '2', 'LD_LIBRARY_PATH': '/home/rehmaan/sensor_fusion/install/custom_interfaces/lib:/home/rehmaan/ros2-projects/install/my_robot_interfaces/lib:/home/rehmaan/ros2/install/my_custom_interfaces/lib:/opt/ros/jazzy/opt/rviz_ogre_vendor/lib:/opt/ros/jazzy/lib/x86_64-linux-gnu:/opt/ros/jazzy/opt/gz_math_vendor/lib:/opt/ros/jazzy/opt/gz_utils_vendor/lib:/opt/ros/jazzy/opt/gz_cmake_vendor/lib:/opt/ros/jazzy/lib', 'MOTD_SHOWN': 'update-motd', 'HOME': '/home/rehmaan', 'TERM_PROGRAM_VERSION': '1.112.0', 'VSCODE_IPC_HOOK_CLI': '/run/user/1000/vscode-ipc-a49f383f-9d82-4a2f-b984-b9a73b3abcf2.sock', 'ROS_PYTHON_VERSION': '3', 'VSCODE_GIT_ASKPASS_MAIN': '/home/rehmaan/.vscode-server/bin/07ff9d6178ede9a1bd12ad3399074d726ebe6e43/extensions/git/dist/askpass-main.js', 'VSCODE_GIT_ASKPASS_NODE': '/home/rehmaan/.vscode-server/bin/07ff9d6178ede9a1bd12ad3399074d726ebe6e43/node', 'PYDEVD_DISABLE_FILE_VALIDATION': '1', 'BUNDLED_DEBUGPY_PATH': '/home/rehmaan/.vscode-server/extensions/ms-python.debugpy-2025.18.0-linux-x64/bundled/libs/debugpy', 'VSCODE_PYTHON_AUTOACTIVATE_GUARD': '1', 'DBUS_SESSION_BUS_ADDRESS': 'unix:path=/run/user/1000/bus', 'COLORTERM': 'truecolor', 'WSL_DISTRO_NAME': 'Ubuntu-24.04', 'WAYLAND_DISPLAY': 'wayland-0', 'COLCON_PREFIX_PATH': '/home/rehmaan/sensor_fusion/install:/home/rehmaan/ros2-projects/install:/home/rehmaan/ros2-projects/src/my_cpp_pkg/install:/home/rehmaan/ros2/install', 'ROS_DISTRO': 'jazzy', 'LOGNAME': 'rehmaan', 'NAME': 'Code', 'WSL_INTEROP': '/run/WSL/604_interop', 'PULSE_SERVER': 'unix:/mnt/wslg/PulseServer', '_': '/usr/bin/colcon', 'ROS_VERSION': '2', 'TERM': 'xterm-256color', 'PATH': '/home/rehmaan/.vscode-server/data/User/globalStorage/github.copilot-chat/debugCommand:/home/rehmaan/.vscode-server/data/User/globalStorage/github.copilot-chat/copilotCli:/home/rehmaan/.vscode-server/bin/07ff9d6178ede9a1bd12ad3399074d726ebe6e43/bin/remote-cli:/home/rehmaan/.local/bin:/home/rehmaan/ros2-projects/src/my_cpp_pkg/install/my_cpp_pkg/bin:/opt/ros/jazzy/bin:/usr/local/sbin:/usr/local/bin:/usr/sbin:/usr/bin:/sbin:/bin:/usr/games:/usr/local/games:/usr/lib/wsl/lib:/mnt/c/Program Files/WindowsApps/MicrosoftCorporationII.WindowsSubsystemForLinux_2.4.11.0_x64__8wekyb3d8bbwe:/mnt/c/Program Files/Python312/:/mnt/c/WINDOWS/system32:/mnt/c/WINDOWS:/mnt/c/WINDOWS/System32/Wbem:/mnt/c/WINDOWS/System32/WindowsPowerShell/v1.0/:/mnt/c/WINDOWS/System32/OpenSSH/:/mnt/c/Program Files/Microsoft SQL Server/150/Tools/Binn/:/mnt/c/Program Files/Microsoft SQL Server/Client SDK/ODBC/170/Tools/Binn/:/mnt/c/Program Files/dotnet/:/mnt/c/Program Files/Microsoft VS Code/bin:/mnt/c/Program Files (x86)/Microsoft SQL Server/160/Tools/Binn/:/mnt/c/Program Files/Microsoft SQL Server/160/Tools/Binn/:/mnt/c/Program Files/Microsoft SQL Server/160/DTS/Binn/:/mnt/c/Program Files (x86)/Microsoft SQL Server/160/DTS/Binn/:/mnt/c/Users/Imdadul.Rehmaan/AppData/Roaming/nvm:/mnt/c/nvm:/mnt/c/ProgramData/chocolatey/bin:/mnt/c/Program Files (x86)/Windows Kits/10/Windows Performance Toolkit/:/mnt/c/Program Files/TortoiseGit/bin:/mnt/c/Program Files/usbipd-win/:/mnt/c/Program Files/PuTTY/:/mnt/c/Program Files/nodejs/:/mnt/c/Program Files/GitHub CLI/:/mnt/c/Users/Imdadul.Rehmaan/scoop/apps/git/current/bin:/mnt/c/Users/Imdadul.Rehmaan/scoop/shims:/mnt/c/Users/Imdadul.Rehmaan/AppData/Local/Microsoft/WindowsApps:/mnt/c/Users/Imdadul.Rehmaan/.dotnet/tools:/mnt/c/Users/Imdadul.Rehmaan/AppData/Roaming/npm:/mnt/c/Users/Imdadul.Rehmaan/AppData/Local/Programs/Git/cmd:/mnt/c/Users/Imdadul.Rehmaan/AppData/Roaming/nvm:/mnt/c/nvm:/mnt/c/tools/flutter/bin:/mnt/c/Users/Imdadul.Rehmaan/AppData/Local/Pub/Cache/bin:/mnt/c/Android/cmdline-tools/latest/bin:/mnt/c/Android/platform-tools:/mnt/c/Users/Imdadul.Rehmaan/mingw64/bin:/snap/bin:/home/rehmaan/.vscode-server/extensions/ms-python.debugpy-2025.18.0-linux-x64/bundled/scripts/noConfigScripts', 'XDG_RUNTIME_DIR': '/run/user/1000/', 'DISPLAY': ':0', 'VSCODE_DEBUGPY_ADAPTER_ENDPOINTS': '/home/rehmaan/.vscode-server/extensions/ms-python.debugpy-2025.18.0-linux-x64/.noConfigDebugAdapterEndpoints/endpoint-5eef2bab757dd9f7.txt', 'LANG': 'en_US.UTF-8', 'PYTHONSTARTUP': '/home/rehmaan/.vscode-server/data/User/workspaceStorage/a037f39ae17c8ea6d52369655e287e6c/ms-python.python/pythonrc.py', 'LS_COLORS': 'rs=0:di=01;34:ln=01;36:mh=00:pi=40;33:so=01;35:do=01;35:bd=40;33;01:cd=40;33;01:or=40;31;01:mi=00:su=37;41:sg=30;43:ca=00:tw=30;42:ow=34;42:st=37;44:ex=01;32:*.tar=01;31:*.tgz=01;31:*.arc=01;31:*.arj=01;31:*.taz=01;31:*.lha=01;31:*.lz4=01;31:*.lzh=01;31:*.lzma=01;31:*.tlz=01;31:*.txz=01;31:*.tzo=01;31:*.t7z=01;31:*.zip=01;31:*.z=01;31:*.dz=01;31:*.gz=01;31:*.lrz=01;31:*.lz=01;31:*.lzo=01;31:*.xz=01;31:*.zst=01;31:*.tzst=01;31:*.bz2=01;31:*.bz=01;31:*.tbz=01;31:*.tbz2=01;31:*.tz=01;31:*.deb=01;31:*.rpm=01;31:*.jar=01;31:*.war=01;31:*.ear=01;31:*.sar=01;31:*.rar=01;31:*.alz=01;31:*.ace=01;31:*.zoo=01;31:*.cpio=01;31:*.7z=01;31:*.rz=01;31:*.cab=01;31:*.wim=01;31:*.swm=01;31:*.dwm=01;31:*.esd=01;31:*.avif=01;35:*.jpg=01;35:*.jpeg=01;35:*.mjpg=01;35:*.mjpeg=01;35:*.gif=01;35:*.bmp=01;35:*.pbm=01;35:*.pgm=01;35:*.ppm=01;35:*.tga=01;35:*.xbm=01;35:*.xpm=01;35:*.tif=01;35:*.tiff=01;35:*.png=01;35:*.svg=01;35:*.svgz=01;35:*.mng=01;35:*.pcx=01;35:*.mov=01;35:*.mpg=01;35:*.mpeg=01;35:*.m2v=01;35:*.mkv=01;35:*.webm=01;35:*.webp=01;35:*.ogm=01;35:*.mp4=01;35:*.m4v=01;35:*.mp4v=01;35:*.vob=01;35:*.qt=01;35:*.nuv=01;35:*.wmv=01;35:*.asf=01;35:*.rm=01;35:*.rmvb=01;35:*.flc=01;35:*.avi=01;35:*.fli=01;35:*.flv=01;35:*.gl=01;35:*.dl=01;35:*.xcf=01;35:*.xwd=01;35:*.yuv=01;35:*.cgm=01;35:*.emf=01;35:*.ogv=01;35:*.ogx=01;35:*.aac=00;36:*.au=00;36:*.flac=00;36:*.m4a=00;36:*.mid=00;36:*.midi=00;36:*.mka=00;36:*.mp3=00;36:*.mpc=00;36:*.ogg=00;36:*.ra=00;36:*.wav=00;36:*.oga=00;36:*.opus=00;36:*.spx=00;36:*.xspf=00;36:*~=00;90:*#=00;90:*.bak=00;90:*.crdownload=00;90:*.dpkg-dist=00;90:*.dpkg-new=00;90:*.dpkg-old=00;90:*.dpkg-tmp=00;90:*.old=00;90:*.orig=00;90:*.part=00;90:*.rej=00;90:*.rpmnew=00;90:*.rpmorig=00;90:*.rpmsave=00;90:*.swp=00;90:*.tmp=00;90:*.ucf-dist=00;90:*.ucf-new=00;90:*.ucf-old=00;90:', 'VSCODE_GIT_IPC_HANDLE': '/run/user/1000/vscode-git-4c7b1f9e02.sock', 'TERM_PROGRAM': 'vscode', 'AMENT_PREFIX_PATH': '/home/rehmaan/sensor_fusion/install/sensors_data:/home/rehmaan/sensor_fusion/install/custom_interfaces:/home/rehmaan/ros2-projects/install/my_robot_bringup:/home/rehmaan/ros2-projects/install/turtlesim_project:/home/rehmaan/ros2-projects/install/my_py_pkg:/home/rehmaan/ros2-projects/install/my_cpp_pkg:/home/rehmaan/ros2-projects/install/my_robot_interfaces:/home/rehmaan/ros2-projects/src/my_cpp_pkg/install/my_cpp_pkg:/home/rehmaan/ros2/install/launch_turtle_project:/home/rehmaan/ros2/install/py_pkg:/home/rehmaan/ros2/install/cpp_pkg:/home/rehmaan/ros2/install/my_custom_interfaces:/opt/ros/jazzy', 'SHELL': '/bin/bash', 'LESSCLOSE': '/usr/bin/lesspipe %s %s', 'ROS_AUTOMATIC_DISCOVERY_RANGE': 'SUBNET', 'VSCODE_GIT_ASKPASS_EXTRA_ARGS': '', 'PWD': '/home/rehmaan/sensor_fusion/build/sensors_data', 'XDG_DATA_DIRS': '/usr/local/share:/usr/share:/var/lib/snapd/desktop', 'PYTHONPATH': '/home/rehmaan/sensor_fusion/install/custom_interfaces/lib/python3.12/site-packages:/home/rehmaan/ros2-projects/install/turtlesim_project/lib/python3.12/site-packages:/home/rehmaan/ros2-projects/install/my_py_pkg/lib/python3.12/site-packages:/home/rehmaan/ros2-projects/install/my_robot_interfaces/lib/python3.12/site-packages:/home/rehmaan/ros2/install/py_pkg/lib/python3.12/site-packages:/home/rehmaan/ros2/install/my_custom_interfaces/lib/python3.12/site-packages:/opt/ros/jazzy/lib/python3.12/site-packages', 'COLCON': '1', 'WSL2_GUI_APPS_ENABLED': '1', 'HOSTTYPE': 'x86_64', 'CMAKE_PREFIX_PATH': '/home/rehmaan/sensor_fusion/install/custom_interfaces:/home/rehmaan/sensor_fusion/install/sensors_data:/home/rehmaan/ros2-projects/install/my_robot_bringup:/home/rehmaan/ros2-projects/install/my_cpp_pkg:/home/rehmaan/ros2-projects/install/my_robot_interfaces:/home/rehmaan/ros2-projects/src/my_cpp_pkg/install/my_cpp_pkg:/home/rehmaan/ros2/install/launch_turtle_project:/home/rehmaan/ros2/install/cpp_pkg:/home/rehmaan/ros2/install/my_custom_interfaces:/opt/ros/jazzy/opt/gz_math_vendor:/opt/ros/jazzy/opt/gz_utils_vendor:/opt/ros/jazzy/opt/gz_cmake_vendor:/home/rehmaan/ros2-projects/install/turtlesim_project:/home/rehmaan/ros2-projects/install/my_py_pkg:/home/rehmaan/ros2/install/py_pkg:/opt/ros/jazzy', 'WSLENV': 'ELECTRON_RUN_AS_NODE/w:'}), 'shell': False}
[1.605837] (-) TimerEvent: {}
[1.631589] (sensors_data) StdoutLine: {'line': b'[ 50%] Built target odometry_node\n'}
[1.634390] (sensors_data) StdoutLine: {'line': b'[ 75%] \x1b[32mBuilding CXX object CMakeFiles/battery_node.dir/src/battery.cpp.o\x1b[0m\n'}
[1.706234] (-) TimerEvent: {}
[1.807154] (-) TimerEvent: {}
[1.907991] (-) TimerEvent: {}
[2.008760] (-) TimerEvent: {}
[2.109366] (-) TimerEvent: {}
[2.210021] (-) TimerEvent: {}
[2.310806] (-) TimerEvent: {}
[2.411528] (-) TimerEvent: {}
[2.512148] (-) TimerEvent: {}
[2.612889] (-) TimerEvent: {}
[2.713512] (-) TimerEvent: {}
[2.814200] (-) TimerEvent: {}
[2.914845] (-) TimerEvent: {}
[3.015494] (-) TimerEvent: {}
[3.116177] (-) TimerEvent: {}
[3.216886] (-) TimerEvent: {}
[3.317768] (-) TimerEvent: {}
[3.418764] (-) TimerEvent: {}
[3.519389] (-) TimerEvent: {}
[3.620145] (-) TimerEvent: {}
[3.720732] (-) TimerEvent: {}
[3.821689] (-) TimerEvent: {}
[3.922583] (-) TimerEvent: {}
[4.023465] (-) TimerEvent: {}
[4.124339] (-) TimerEvent: {}
[4.225007] (-) TimerEvent: {}
[4.325707] (-) TimerEvent: {}
[4.426334] (-) TimerEvent: {}
[4.527071] (-) TimerEvent: {}
[4.627683] (-) TimerEvent: {}
[4.728253] (-) TimerEvent: {}
[4.828831] (-) TimerEvent: {}
[4.929563] (-) TimerEvent: {}
[5.030195] (-) TimerEvent: {}
[5.130932] (-) TimerEvent: {}
[5.231507] (-) TimerEvent: {}
[5.332017] (-) TimerEvent: {}
[5.432643] (-) TimerEvent: {}
[5.533623] (-) TimerEvent: {}
[5.634692] (-) TimerEvent: {}
[5.735525] (-) TimerEvent: {}
[5.836187] (-) TimerEvent: {}
[5.936804] (-) TimerEvent: {}
[6.037615] (-) TimerEvent: {}
[6.138616] (-) TimerEvent: {}
[6.239431] (-) TimerEvent: {}
[6.340283] (-) TimerEvent: {}
[6.441202] (-) TimerEvent: {}
[6.541951] (-) TimerEvent: {}
[6.642810] (-) TimerEvent: {}
[6.743523] (-) TimerEvent: {}
[6.844235] (-) TimerEvent: {}
[6.945023] (-) TimerEvent: {}
[7.045619] (-) TimerEvent: {}
[7.146231] (-) TimerEvent: {}
[7.246993] (-) TimerEvent: {}
[7.347723] (-) TimerEvent: {}
[7.448302] (-) TimerEvent: {}
[7.548949] (-) TimerEvent: {}
[7.649639] (-) TimerEvent: {}
[7.750487] (-) TimerEvent: {}
[7.851614] (-) TimerEvent: {}
[7.952759] (-) TimerEvent: {}
[8.053401] (-) TimerEvent: {}
[8.154359] (-) TimerEvent: {}
[8.254968] (-) TimerEvent: {}
[8.355667] (-) TimerEvent: {}
[8.456656] (-) TimerEvent: {}
[8.557452] (-) TimerEvent: {}
[8.658074] (-) TimerEvent: {}
[8.758847] (-) TimerEvent: {}
[8.822854] (sensors_data) StdoutLine: {'line': b'[100%] \x1b[32m\x1b[1mLinking CXX executable battery_node\x1b[0m\n'}
[8.859083] (-) TimerEvent: {}
[8.959556] (-) TimerEvent: {}
[9.060085] (-) TimerEvent: {}
[9.160620] (-) TimerEvent: {}
[9.261274] (-) TimerEvent: {}
[9.362060] (-) TimerEvent: {}
[9.415242] (sensors_data) StdoutLine: {'line': b'[100%] Built target battery_node\n'}
[9.429649] (sensors_data) CommandEnded: {'returncode': 0}
[9.431769] (sensors_data) JobProgress: {'identifier': 'sensors_data', 'progress': 'install'}
[9.431919] (sensors_data) Command: {'cmd': ['/usr/bin/cmake', '--install', '/home/rehmaan/sensor_fusion/build/sensors_data'], 'cwd': '/home/rehmaan/sensor_fusion/build/sensors_data', 'env': OrderedDict({'PYTHON_BASIC_REPL': '1', 'LESSOPEN': '| /usr/bin/lesspipe %s', 'USER': 'rehmaan', 'GIT_ASKPASS': '/home/rehmaan/.vscode-server/bin/07ff9d6178ede9a1bd12ad3399074d726ebe6e43/extensions/git/dist/askpass.sh', 'SHLVL': '2', 'LD_LIBRARY_PATH': '/home/rehmaan/sensor_fusion/install/custom_interfaces/lib:/home/rehmaan/ros2-projects/install/my_robot_interfaces/lib:/home/rehmaan/ros2/install/my_custom_interfaces/lib:/opt/ros/jazzy/opt/rviz_ogre_vendor/lib:/opt/ros/jazzy/lib/x86_64-linux-gnu:/opt/ros/jazzy/opt/gz_math_vendor/lib:/opt/ros/jazzy/opt/gz_utils_vendor/lib:/opt/ros/jazzy/opt/gz_cmake_vendor/lib:/opt/ros/jazzy/lib', 'MOTD_SHOWN': 'update-motd', 'HOME': '/home/rehmaan', 'TERM_PROGRAM_VERSION': '1.112.0', 'VSCODE_IPC_HOOK_CLI': '/run/user/1000/vscode-ipc-a49f383f-9d82-4a2f-b984-b9a73b3abcf2.sock', 'ROS_PYTHON_VERSION': '3', 'VSCODE_GIT_ASKPASS_MAIN': '/home/rehmaan/.vscode-server/bin/07ff9d6178ede9a1bd12ad3399074d726ebe6e43/extensions/git/dist/askpass-main.js', 'VSCODE_GIT_ASKPASS_NODE': '/home/rehmaan/.vscode-server/bin/07ff9d6178ede9a1bd12ad3399074d726ebe6e43/node', 'PYDEVD_DISABLE_FILE_VALIDATION': '1', 'BUNDLED_DEBUGPY_PATH': '/home/rehmaan/.vscode-server/extensions/ms-python.debugpy-2025.18.0-linux-x64/bundled/libs/debugpy', 'VSCODE_PYTHON_AUTOACTIVATE_GUARD': '1', 'DBUS_SESSION_BUS_ADDRESS': 'unix:path=/run/user/1000/bus', 'COLORTERM': 'truecolor', 'WSL_DISTRO_NAME': 'Ubuntu-24.04', 'WAYLAND_DISPLAY': 'wayland-0', 'COLCON_PREFIX_PATH': '/home/rehmaan/sensor_fusion/install:/home/rehmaan/ros2-projects/install:/home/rehmaan/ros2-projects/src/my_cpp_pkg/install:/home/rehmaan/ros2/install', 'ROS_DISTRO': 'jazzy', 'LOGNAME': 'rehmaan', 'NAME': 'Code', 'WSL_INTEROP': '/run/WSL/604_interop', 'PULSE_SERVER': 'unix:/mnt/wslg/PulseServer', '_': '/usr/bin/colcon', 'ROS_VERSION': '2', 'TERM': 'xterm-256color', 'PATH': '/home/rehmaan/.vscode-server/data/User/globalStorage/github.copilot-chat/debugCommand:/home/rehmaan/.vscode-server/data/User/globalStorage/github.copilot-chat/copilotCli:/home/rehmaan/.vscode-server/bin/07ff9d6178ede9a1bd12ad3399074d726ebe6e43/bin/remote-cli:/home/rehmaan/.local/bin:/home/rehmaan/ros2-projects/src/my_cpp_pkg/install/my_cpp_pkg/bin:/opt/ros/jazzy/bin:/usr/local/sbin:/usr/local/bin:/usr/sbin:/usr/bin:/sbin:/bin:/usr/games:/usr/local/games:/usr/lib/wsl/lib:/mnt/c/Program Files/WindowsApps/MicrosoftCorporationII.WindowsSubsystemForLinux_2.4.11.0_x64__8wekyb3d8bbwe:/mnt/c/Program Files/Python312/:/mnt/c/WINDOWS/system32:/mnt/c/WINDOWS:/mnt/c/WINDOWS/System32/Wbem:/mnt/c/WINDOWS/System32/WindowsPowerShell/v1.0/:/mnt/c/WINDOWS/System32/OpenSSH/:/mnt/c/Program Files/Microsoft SQL Server/150/Tools/Binn/:/mnt/c/Program Files/Microsoft SQL Server/Client SDK/ODBC/170/Tools/Binn/:/mnt/c/Program Files/dotnet/:/mnt/c/Program Files/Microsoft VS Code/bin:/mnt/c/Program Files (x86)/Microsoft SQL Server/160/Tools/Binn/:/mnt/c/Program Files/Microsoft SQL Server/160/Tools/Binn/:/mnt/c/Program Files/Microsoft SQL Server/160/DTS/Binn/:/mnt/c/Program Files (x86)/Microsoft SQL Server/160/DTS/Binn/:/mnt/c/Users/Imdadul.Rehmaan/AppData/Roaming/nvm:/mnt/c/nvm:/mnt/c/ProgramData/chocolatey/bin:/mnt/c/Program Files (x86)/Windows Kits/10/Windows Performance Toolkit/:/mnt/c/Program Files/TortoiseGit/bin:/mnt/c/Program Files/usbipd-win/:/mnt/c/Program Files/PuTTY/:/mnt/c/Program Files/nodejs/:/mnt/c/Program Files/GitHub CLI/:/mnt/c/Users/Imdadul.Rehmaan/scoop/apps/git/current/bin:/mnt/c/Users/Imdadul.Rehmaan/scoop/shims:/mnt/c/Users/Imdadul.Rehmaan/AppData/Local/Microsoft/WindowsApps:/mnt/c/Users/Imdadul.Rehmaan/.dotnet/tools:/mnt/c/Users/Imdadul.Rehmaan/AppData/Roaming/npm:/mnt/c/Users/Imdadul.Rehmaan/AppData/Local/Programs/Git/cmd:/mnt/c/Users/Imdadul.Rehmaan/AppData/Roaming/nvm:/mnt/c/nvm:/mnt/c/tools/flutter/bin:/mnt/c/Users/Imdadul.Rehmaan/AppData/Local/Pub/Cache/bin:/mnt/c/Android/cmdline-tools/latest/bin:/mnt/c/Android/platform-tools:/mnt/c/Users/Imdadul.Rehmaan/mingw64/bin:/snap/bin:/home/rehmaan/.vscode-server/extensions/ms-python.debugpy-2025.18.0-linux-x64/bundled/scripts/noConfigScripts', 'XDG_RUNTIME_DIR': '/run/user/1000/', 'DISPLAY': ':0', 'VSCODE_DEBUGPY_ADAPTER_ENDPOINTS': '/home/rehmaan/.vscode-server/extensions/ms-python.debugpy-2025.18.0-linux-x64/.noConfigDebugAdapterEndpoints/endpoint-5eef2bab757dd9f7.txt', 'LANG': 'en_US.UTF-8', 'PYTHONSTARTUP': '/home/rehmaan/.vscode-server/data/User/workspaceStorage/a037f39ae17c8ea6d52369655e287e6c/ms-python.python/pythonrc.py', 'LS_COLORS': 'rs=0:di=01;34:ln=01;36:mh=00:pi=40;33:so=01;35:do=01;35:bd=40;33;01:cd=40;33;01:or=40;31;01:mi=00:su=37;41:sg=30;43:ca=00:tw=30;42:ow=34;42:st=37;44:ex=01;32:*.tar=01;31:*.tgz=01;31:*.arc=01;31:*.arj=01;31:*.taz=01;31:*.lha=01;31:*.lz4=01;31:*.lzh=01;31:*.lzma=01;31:*.tlz=01;31:*.txz=01;31:*.tzo=01;31:*.t7z=01;31:*.zip=01;31:*.z=01;31:*.dz=01;31:*.gz=01;31:*.lrz=01;31:*.lz=01;31:*.lzo=01;31:*.xz=01;31:*.zst=01;31:*.tzst=01;31:*.bz2=01;31:*.bz=01;31:*.tbz=01;31:*.tbz2=01;31:*.tz=01;31:*.deb=01;31:*.rpm=01;31:*.jar=01;31:*.war=01;31:*.ear=01;31:*.sar=01;31:*.rar=01;31:*.alz=01;31:*.ace=01;31:*.zoo=01;31:*.cpio=01;31:*.7z=01;31:*.rz=01;31:*.cab=01;31:*.wim=01;31:*.swm=01;31:*.dwm=01;31:*.esd=01;31:*.avif=01;35:*.jpg=01;35:*.jpeg=01;35:*.mjpg=01;35:*.mjpeg=01;35:*.gif=01;35:*.bmp=01;35:*.pbm=01;35:*.pgm=01;35:*.ppm=01;35:*.tga=01;35:*.xbm=01;35:*.xpm=01;35:*.tif=01;35:*.tiff=01;35:*.png=01;35:*.svg=01;35:*.svgz=01;35:*.mng=01;35:*.pcx=01;35:*.mov=01;35:*.mpg=01;35:*.mpeg=01;35:*.m2v=01;35:*.mkv=01;35:*.webm=01;35:*.webp=01;35:*.ogm=01;35:*.mp4=01;35:*.m4v=01;35:*.mp4v=01;35:*.vob=01;35:*.qt=01;35:*.nuv=01;35:*.wmv=01;35:*.asf=01;35:*.rm=01;35:*.rmvb=01;35:*.flc=01;35:*.avi=01;35:*.fli=01;35:*.flv=01;35:*.gl=01;35:*.dl=01;35:*.xcf=01;35:*.xwd=01;35:*.yuv=01;35:*.cgm=01;35:*.emf=01;35:*.ogv=01;35:*.ogx=01;35:*.aac=00;36:*.au=00;36:*.flac=00;36:*.m4a=00;36:*.mid=00;36:*.midi=00;36:*.mka=00;36:*.mp3=00;36:*.mpc=00;36:*.ogg=00;36:*.ra=00;36:*.wav=00;36:*.oga=00;36:*.opus=00;36:*.spx=00;36:*.xspf=00;36:*~=00;90:*#=00;90:*.bak=00;90:*.crdownload=00;90:*.dpkg-dist=00;90:*.dpkg-new=00;90:*.dpkg-old=00;90:*.dpkg-tmp=00;90:*.old=00;90:*.orig=00;90:*.part=00;90:*.rej=00;90:*.rpmnew=00;90:*.rpmorig=00;90:*.rpmsave=00;90:*.swp=00;90:*.tmp=00;90:*.ucf-dist=00;90:*.ucf-new=00;90:*.ucf-old=00;90:', 'VSCODE_GIT_IPC_HANDLE': '/run/user/1000/vscode-git-4c7b1f9e02.sock', 'TERM_PROGRAM': 'vscode', 'AMENT_PREFIX_PATH': '/home/rehmaan/sensor_fusion/install/sensors_data:/home/rehmaan/sensor_fusion/install/custom_interfaces:/home/rehmaan/ros2-projects/install/my_robot_bringup:/home/rehmaan/ros2-projects/install/turtlesim_project:/home/rehmaan/ros2-projects/install/my_py_pkg:/home/rehmaan/ros2-projects/install/my_cpp_pkg:/home/rehmaan/ros2-projects/install/my_robot_interfaces:/home/rehmaan/ros2-projects/src/my_cpp_pkg/install/my_cpp_pkg:/home/rehmaan/ros2/install/launch_turtle_project:/home/rehmaan/ros2/install/py_pkg:/home/rehmaan/ros2/install/cpp_pkg:/home/rehmaan/ros2/install/my_custom_interfaces:/opt/ros/jazzy', 'SHELL': '/bin/bash', 'LESSCLOSE': '/usr/bin/lesspipe %s %s', 'ROS_AUTOMATIC_DISCOVERY_RANGE': 'SUBNET', 'VSCODE_GIT_ASKPASS_EXTRA_ARGS': '', 'PWD': '/home/rehmaan/sensor_fusion/build/sensors_data', 'XDG_DATA_DIRS': '/usr/local/share:/usr/share:/var/lib/snapd/desktop', 'PYTHONPATH': '/home/rehmaan/sensor_fusion/install/custom_interfaces/lib/python3.12/site-packages:/home/rehmaan/ros2-projects/install/turtlesim_project/lib/python3.12/site-packages:/home/rehmaan/ros2-projects/install/my_py_pkg/lib/python3.12/site-packages:/home/rehmaan/ros2-projects/install/my_robot_interfaces/lib/python3.12/site-packages:/home/rehmaan/ros2/install/py_pkg/lib/python3.12/site-packages:/home/rehmaan/ros2/install/my_custom_interfaces/lib/python3.12/site-packages:/opt/ros/jazzy/lib/python3.12/site-packages', 'COLCON': '1', 'WSL2_GUI_APPS_ENABLED': '1', 'HOSTTYPE': 'x86_64', 'CMAKE_PREFIX_PATH': '/home/rehmaan/sensor_fusion/install/custom_interfaces:/home/rehmaan/sensor_fusion/install/sensors_data:/home/rehmaan/ros2-projects/install/my_robot_bringup:/home/rehmaan/ros2-projects/install/my_cpp_pkg:/home/rehmaan/ros2-projects/install/my_robot_interfaces:/home/rehmaan/ros2-projects/src/my_cpp_pkg/install/my_cpp_pkg:/home/rehmaan/ros2/install/launch_turtle_project:/home/rehmaan/ros2/install/cpp_pkg:/home/rehmaan/ros2/install/my_custom_interfaces:/opt/ros/jazzy/opt/gz_math_vendor:/opt/ros/jazzy/opt/gz_utils_vendor:/opt/ros/jazzy/opt/gz_cmake_vendor:/home/rehmaan/ros2-projects/install/turtlesim_project:/home/rehmaan/ros2-projects/install/my_py_pkg:/home/rehmaan/ros2/install/py_pkg:/opt/ros/jazzy', 'WSLENV': 'ELECTRON_RUN_AS_NODE/w:'}), 'shell': False}
[9.442635] (sensors_data) StdoutLine: {'line': b'-- Install configuration: ""\n'}
[9.443474] (sensors_data) StdoutLine: {'line': b'-- Up-to-date: /home/rehmaan/sensor_fusion/install/sensors_data/lib/sensors_data/odometry_node\n'}
[9.444242] (sensors_data) StdoutLine: {'line': b'-- Installing: /home/rehmaan/sensor_fusion/install/sensors_data/lib/sensors_data/battery_node\n'}
[9.447049] (sensors_data) StdoutLine: {'line': b'-- Set non-toolchain portion of runtime path of "/home/rehmaan/sensor_fusion/install/sensors_data/lib/sensors_data/battery_node" to ""\n'}
[9.447848] (sensors_data) StdoutLine: {'line': b'-- Up-to-date: /home/rehmaan/sensor_fusion/install/sensors_data/share/ament_index/resource_index/package_run_dependencies/sensors_data\n'}
[9.448119] (sensors_data) StdoutLine: {'line': b'-- Up-to-date: /home/rehmaan/sensor_fusion/install/sensors_data/share/ament_index/resource_index/parent_prefix_path/sensors_data\n'}
[9.448500] (sensors_data) StdoutLine: {'line': b'-- Up-to-date: /home/rehmaan/sensor_fusion/install/sensors_data/share/sensors_data/environment/ament_prefix_path.sh\n'}
[9.448932] (sensors_data) StdoutLine: {'line': b'-- Up-to-date: /home/rehmaan/sensor_fusion/install/sensors_data/share/sensors_data/environment/ament_prefix_path.dsv\n'}
[9.449483] (sensors_data) StdoutLine: {'line': b'-- Up-to-date: /home/rehmaan/sensor_fusion/install/sensors_data/share/sensors_data/environment/path.sh\n'}
[9.449737] (sensors_data) StdoutLine: {'line': b'-- Up-to-date: /home/rehmaan/sensor_fusion/install/sensors_data/share/sensors_data/environment/path.dsv\n'}
[9.449869] (sensors_data) StdoutLine: {'line': b'-- Up-to-date: /home/rehmaan/sensor_fusion/install/sensors_data/share/sensors_data/local_setup.bash\n'}
[9.450291] (sensors_data) StdoutLine: {'line': b'-- Up-to-date: /home/rehmaan/sensor_fusion/install/sensors_data/share/sensors_data/local_setup.sh\n'}
[9.450527] (sensors_data) StdoutLine: {'line': b'-- Up-to-date: /home/rehmaan/sensor_fusion/install/sensors_data/share/sensors_data/local_setup.zsh\n'}
[9.450636] (sensors_data) StdoutLine: {'line': b'-- Up-to-date: /home/rehmaan/sensor_fusion/install/sensors_data/share/sensors_data/local_setup.dsv\n'}
[9.450736] (sensors_data) StdoutLine: {'line': b'-- Installing: /home/rehmaan/sensor_fusion/install/sensors_data/share/sensors_data/package.dsv\n'}
[9.450839] (sensors_data) StdoutLine: {'line': b'-- Up-to-date: /home/rehmaan/sensor_fusion/install/sensors_data/share/ament_index/resource_index/packages/sensors_data\n'}
[9.450947] (sensors_data) StdoutLine: {'line': b'-- Up-to-date: /home/rehmaan/sensor_fusion/install/sensors_data/share/sensors_data/cmake/sensors_dataConfig.cmake\n'}
[9.451048] (sensors_data) StdoutLine: {'line': b'-- Up-to-date: /home/rehmaan/sensor_fusion/install/sensors_data/share/sensors_data/cmake/sensors_dataConfig-version.cmake\n'}
[9.451160] (sensors_data) StdoutLine: {'line': b'-- Up-to-date: /home/rehmaan/sensor_fusion/install/sensors_data/share/sensors_data/package.xml\n'}
[9.453523] (sensors_data) CommandEnded: {'returncode': 0}
[9.462567] (-) TimerEvent: {}
[9.482223] (sensors_data) JobEnded: {'identifier': 'sensors_data', 'rc': 0}
[9.486773] (-) EventReactorShutdown: {}
